-- phpMyAdmin SQL Dump
-- version 5.1.1
-- https://www.phpmyadmin.net/
--
-- Host: 127.0.0.1
-- Waktu pembuatan: 10 Jun 2022 pada 11.33
-- Versi server: 10.4.22-MariaDB
-- Versi PHP: 7.4.27

SET SQL_MODE = "NO_AUTO_VALUE_ON_ZERO";
START TRANSACTION;
SET time_zone = "+00:00";


/*!40101 SET @OLD_CHARACTER_SET_CLIENT=@@CHARACTER_SET_CLIENT */;
/*!40101 SET @OLD_CHARACTER_SET_RESULTS=@@CHARACTER_SET_RESULTS */;
/*!40101 SET @OLD_COLLATION_CONNECTION=@@COLLATION_CONNECTION */;
/*!40101 SET NAMES utf8mb4 */;

--
-- Database: `inovator`
--

-- --------------------------------------------------------

--
-- Struktur dari tabel `akun`
--

CREATE TABLE `akun` (
  `id_akun` int(11) NOT NULL,
  `status_akun` int(1) NOT NULL DEFAULT 1,
  `role_akun` int(1) NOT NULL DEFAULT 1,
  `username` varchar(100) NOT NULL,
  `email` varchar(100) NOT NULL,
  `password` varchar(300) NOT NULL
) ENGINE=InnoDB DEFAULT CHARSET=utf8mb4;

--
-- Dumping data untuk tabel `akun`
--

INSERT INTO `akun` (`id_akun`, `status_akun`, `role_akun`, `username`, `email`, `password`) VALUES
(1, 2, 1, 'mubitz', '10bitarchive@gmail.com', '123'),
(15, 2, 1, 'eee', 'mubitz11@gmail.com', '1'),
(16, 1, 1, 'kapi', 'cb@gmail.com', '12'),
(17, 2, 1, 'eee', 'mubit1@gmail.com', '$2y$10$1Yce5rgVoby8xSs5y4IwUOUZFlk/ykYS7emEsqNYCCPRhemlPx99O');

-- --------------------------------------------------------

--
-- Struktur dari tabel `anggota`
--

CREATE TABLE `anggota` (
  `id_anggota` int(11) NOT NULL,
  `nama_anggota` varchar(100) NOT NULL,
  `email_anggota` varchar(100) NOT NULL,
  `alamat_anggota` text NOT NULL,
  `no_telp_anggota` varchar(20) NOT NULL,
  `id_inovasi` int(4) NOT NULL
) ENGINE=InnoDB DEFAULT CHARSET=utf8mb4;

-- --------------------------------------------------------

--
-- Struktur dari tabel `bidang_inovasi`
--

CREATE TABLE `bidang_inovasi` (
  `id_bidang_inovasi` int(4) NOT NULL,
  `nama_bidang_inovasi` varchar(50) NOT NULL
) ENGINE=InnoDB DEFAULT CHARSET=utf8mb4;

--
-- Dumping data untuk tabel `bidang_inovasi`
--

INSERT INTO `bidang_inovasi` (`id_bidang_inovasi`, `nama_bidang_inovasi`) VALUES
(1, 'Kesehatan'),
(2, 'Kuliner'),
(3, 'Pendidikan'),
(4, 'Pemberantasan Kemiskinan'),
(5, 'Pelayanan Masyarakat'),
(6, 'Lingkungan'),
(7, 'Pertanian');

-- --------------------------------------------------------

--
-- Struktur dari tabel `desa`
--

CREATE TABLE `desa` (
  `id_desa` int(4) NOT NULL,
  `nama_desa` varchar(30) NOT NULL,
  `id_kecamatan` int(4) DEFAULT NULL
) ENGINE=InnoDB DEFAULT CHARSET=utf8mb4;

--
-- Dumping data untuk tabel `desa`
--

INSERT INTO `desa` (`id_desa`, `nama_desa`, `id_kecamatan`) VALUES
(1, 'WANAHERANG ', 1),
(2, 'BOJONGKULUR  ', 1),
(3, 'PUSPASARI', 2),
(4, 'CITEUREUP', 2),
(5, 'CIANGSANA', 1),
(6, 'GUNUNG PUTRI  ', 1),
(7, 'BOJONGNANGKA ', 1),
(8, 'TLAJUNGUDIK   ', 1),
(9, 'CICADAS ', 1),
(10, 'CIKEAS UDIK', 1),
(11, 'NAGRAK', 1),
(12, 'KRANGGAN', 1),
(13, 'LEUWINUTUG', 2),
(14, 'TAJUR', 2),
(15, 'SANJA', 2),
(16, 'KR. ASEM TIMUR', 2),
(17, 'TARIKOLOT', 2),
(18, 'GUNUNGSARI', 2),
(19, 'TANGKIL', 2),
(20, 'SUKAHATI', 2),
(21, 'HAMBALANG', 2),
(22, 'PASIRMUKTI', 2),
(23, 'CIAMPEA', 3),
(24, 'CINANGKA', 3),
(25, 'CIHIDEUNG UDIK', 3),
(26, 'BOJONG JENGKOL', 3),
(27, 'TEGAL WARU', 3),
(28, 'CIBUNTU', 3),
(29, 'CICADAS', 3),
(30, 'CIBADAK', 3),
(31, 'BOJONGRANGKAS', 3),
(32, 'CIHIDEUNG ILIR', 3),
(33, 'CIBANTENG', 3),
(34, 'BENTENG', 3),
(35, 'CIAMPEA UDIK', 3),
(49, 'GUNUNGGEULIS', 4),
(50, 'CILEBUT TIMUR', 4),
(51, 'CILEBUT BARAT', 4),
(52, 'CIBANON', 4),
(53, 'PASIRLAJA', 4),
(54, 'NAGRAK', 4),
(55, 'SUKATANI', 4),
(56, 'SUKARAJA', 4),
(57, 'CIKEAS', 4),
(58, 'PASIR JAMBU', 4),
(59, 'CIMANDALA', 4),
(60, 'CIJUJUNG', 4),
(61, 'CADASNGAMPAR', 4),
(62, 'CIJAYANTI', 5),
(63, 'SUMUR BATU', 5),
(64, 'SENTUL', 5),
(65, 'KARANG TENGAH', 5),
(66, 'CIPAMBUAN', 5),
(67, 'KADU MANGGU', 5),
(68, 'CITARINGGUL', 5),
(69, 'BABAKAN MADANG', 5),
(70, 'BOJONG KONENG', 5),
(71, 'SUKAMAJU', 6),
(72, 'SIRNAGALIH', 6),
(73, 'SINGAJAYA', 6),
(74, 'SUKASIRNA', 6),
(75, 'SUKANEGARA', 6),
(76, 'SUKAMANAH', 6),
(77, 'WENINGGALIH', 6),
(78, 'CIBODAS', 6),
(79, 'JONGGOL', 6),
(80, 'BENDUNGAN', 6),
(81, 'SINGASARI', 6),
(82, 'BALEKAMBANG', 6),
(83, 'SUKAJAYA', 6),
(84, 'SUKAGALIH', 6),
(85, 'PASIR ANGIN', 7),
(86, 'MEKAR SARI', 7),
(87, 'MAMPIR', 7),
(88, 'DAYEUH', 7),
(89, 'GANDOANG', 7),
(90, 'JATISARI', 7),
(91, 'CILEUNGSI KIDUL', 7),
(92, 'CIPEUCANG', 7),
(93, 'SITUSARI', 7),
(94, 'CIPENJO', 7),
(95, 'LIMUSNUNGGAL', 7),
(96, 'CILEUNGSI', 7);

-- --------------------------------------------------------

--
-- Struktur dari tabel `inovasi`
--

CREATE TABLE `inovasi` (
  `id_inovasi` int(11) NOT NULL,
  `nama_inovasi` varchar(100) NOT NULL,
  `status_inovasi` varchar(20) DEFAULT NULL,
  `id_bidang_inovasi` int(4) DEFAULT NULL,
  `id_inovator` int(11) DEFAULT NULL,
  `id_kecamatan` int(10) NOT NULL,
  `deskripsi` text NOT NULL,
  `penjaringan_ide` text NOT NULL,
  `manfaat_inovasi` text NOT NULL,
  `dampak_inovasi` text NOT NULL,
  `proposal_inovasi` varchar(100) NOT NULL,
  `dokumentasi_inovasi` varchar(100) NOT NULL,
  `foto_inovator` varchar(100) NOT NULL,
  `foto_inovasi` varchar(100) NOT NULL,
  `link_medsos` varchar(200) NOT NULL,
  `video_link_youtube` varchar(200) NOT NULL,
  `created_at` timestamp NOT NULL DEFAULT current_timestamp() ON UPDATE current_timestamp()
) ENGINE=InnoDB DEFAULT CHARSET=utf8;

--
-- Dumping data untuk tabel `inovasi`
--

INSERT INTO `inovasi` (`id_inovasi`, `nama_inovasi`, `status_inovasi`, `id_bidang_inovasi`, `id_inovator`, `id_kecamatan`, `deskripsi`, `penjaringan_ide`, `manfaat_inovasi`, `dampak_inovasi`, `proposal_inovasi`, `dokumentasi_inovasi`, `foto_inovator`, `foto_inovasi`, `link_medsos`, `video_link_youtube`, `created_at`) VALUES
(1, 'Esse totam alias maiores vel rerum.', 'Sit et eveniet quibu', 1, 1, 320101, 'asdasdasd ad asdasdasdsdasdasd asd aasdasd asd adasdasdadawdasdafas', '', 'jhfjfhjfjhfjhf', '', '', '', '', 'image 1.png', 'http://heaneyrogahn.net/', 'http://www.reynolds.com/', '2021-06-03 00:25:32'),
(2, 'Autem et labore sint.', 'Ut cumque sed beatae', 2, 2, 320102, '', '', 'sdasddads', '', '', '', '', '', 'http://littel.net/', 'http://bartell.org/', '2022-06-03 00:57:44'),
(3, 'Officia et natus.', 'Et quod nostrum adip', 3, 3, 320103, '', '', '', '', '', '', '', '', 'http://kohler.com/', 'http://www.batz.info/', '2018-01-19 06:21:52'),
(4, 'Enim reiciendis voluptatem soluta error.', 'Odio autem beatae vo', 4, 4, 320104, '', '', '', '', '', '', '', '', 'http://www.legros.org/', 'http://barton.com/', '2009-12-09 04:59:56'),
(5, 'Voluptatum voluptatibus aut quia eaque ut.', 'Sed magnam laboriosa', 5, 5, 320105, '', '', '', '', '', '', '', '', 'http://casperlehner.com/', 'http://www.lynch.net/', '1973-11-22 02:44:57'),
(6, 'Aut sunt alias ut.', 'Sint inventore dolor', 6, 6, 320106, '', '', '', '', '', '', '', '', 'http://croninreilly.com/', 'http://www.kshlerin.com/', '1984-07-22 12:18:23'),
(7, 'Hic rerum assumenda in ea dolor.', 'Quibusdam doloribus ', 7, 7, 320107, '', '', '', '', '', '', '', '', 'http://windlerkuhn.info/', 'http://www.erdman.com/', '2008-08-16 08:56:30'),
(8, 'Est dolor dolorem est.', 'Sunt rem qui et in o', 1, 8, 320108, '', '', '', '', '', '', '', '', 'http://www.crooks.com/', 'http://leannon.com/', '1992-01-07 19:44:42'),
(9, 'Saepe ut qui harum consequatur dolor.', 'Numquam fugit aliqua', 2, 9, 320109, '', '', '', '', '', '', '', '', 'http://schiller.com/', 'http://www.hillsstreich.com/', '1988-10-25 21:48:03'),
(10, 'Minus saepe in laboriosam tempore eum.', 'Quia est voluptatem ', 3, 10, 320110, '', '', '', '', '', '', '', '', 'http://pacochadurgan.com/', 'http://www.pacocha.com/', '2016-03-07 09:13:01'),
(11, 'Quos consequatur sapiente debitis odio porro.', 'Et in vitae facere l', 4, 11, 320111, '', '', '', '', '', '', '', '', 'http://stiedemannruecker.com/', 'http://osinskidurgan.org/', '1974-06-30 00:03:06'),
(12, 'Minus doloribus excepturi.', 'Voluptatum ipsum non', 5, 12, 320112, '', '', '', '', '', '', '', '', 'http://www.oconner.com/', 'http://gerhold.com/', '2013-08-19 18:38:09'),
(13, 'Ducimus architecto molestias repudiandae quae.', 'Non quibusdam volupt', 6, 13, 320113, '', '', '', '', '', '', '', '', 'http://thiel.com/', 'http://mueller.org/', '1993-08-15 00:59:45'),
(14, 'Quasi qui at veniam.', 'Autem ea ad aut perf', 7, 14, 320114, '', '', '', '', '', '', '', '', 'http://metz.com/', 'http://www.mohr.info/', '1978-03-16 00:08:24'),
(15, 'Ea vero reiciendis.', 'Accusamus eligendi n', 1, 15, 320115, '', '', '', '', '', '', '', '', 'http://kossbecker.com/', 'http://hillshyatt.com/', '1986-10-18 12:55:17'),
(16, 'Debitis veniam dolorem.', 'Delectus qui nihil m', 2, 16, 320116, '', '', '', '', '', '', '', '', 'http://beatty.net/', 'http://jacobson.com/', '1983-05-11 16:14:46'),
(17, 'Nulla sed ut ex.', 'Eum corrupti et aut ', 3, 17, 320117, '', '', '', '', '', '', '', '', 'http://senger.com/', 'http://hills.com/', '1980-01-17 14:27:30'),
(18, 'Dignissimos fuga quibusdam qui quia officiis.', 'Delectus molestiae o', 4, 18, 320118, '', '', '', '', '', '', '', '', 'http://hansen.com/', 'http://www.dickimertz.biz/', '1990-11-30 20:04:44'),
(19, 'Corrupti rerum nesciunt ducimus ea.', 'Neque maiores aliqui', 5, 19, 320119, '', '', '', '', '', '', '', '', 'http://zieme.com/', 'http://www.kertzmann.net/', '1977-05-29 18:12:52'),
(20, 'Sed illo ea quam sit hic.', 'Est autem culpa dign', 6, 20, 320120, '', '', '', '', '', '', '', '', 'http://www.cronin.net/', 'http://www.adams.info/', '1987-03-22 11:51:06'),
(21, 'Quo officiis velit odio impedit.', 'Ea necessitatibus ev', 7, 21, 320121, '', '', '', '', '', '', '', '', 'http://www.stoltenberg.com/', 'http://balistreri.biz/', '2013-01-19 06:06:14'),
(22, 'Dolor consequatur esse quam eos.', 'Ducimus facilis prae', 1, 22, 320122, '', '', '', '', '', '', '', '', 'http://www.thompson.com/', 'http://www.prosacco.com/', '2017-03-22 21:25:26'),
(23, 'At dolorum et consequatur.', 'Quia dolores sequi r', 2, 23, 320123, '', '', '', '', '', '', '', '', 'http://skiles.net/', 'http://www.damorerussel.com/', '1989-12-28 04:40:54'),
(24, 'Sit ipsam eveniet deleniti.', 'Quis asperiores libe', 3, 24, 320124, '', '', '', '', '', '', '', '', 'http://mannkassulke.com/', 'http://lindjast.com/', '1990-02-09 09:57:18'),
(25, 'Porro eum eos error alias.', 'Expedita saepe aut i', 4, 25, 320125, '', '', '', '', '', '', '', '', 'http://www.stokeshirthe.com/', 'http://veum.org/', '1975-06-22 05:07:03'),
(26, 'Adipisci quidem autem tenetur.', 'Doloribus in officii', 5, 26, 320126, '', '', '', '', '', '', '', '', 'http://www.darebaumbach.info/', 'http://www.jakubowski.org/', '1971-07-06 09:24:01'),
(27, 'Voluptate consectetur veniam numquam.', 'Sed aspernatur moles', 6, 27, 320127, '', '', '', '', '', '', '', '', 'http://www.abshirerobel.com/', 'http://cummeratakautzer.org/', '1987-07-23 16:39:55'),
(28, 'Aut sunt voluptas.', 'Ullam aliquam numqua', 7, 28, 320128, '', '', '', '', '', '', '', '', 'http://www.ratkemcdermott.com/', 'http://rutherfordgleichner.com/', '2006-02-02 02:57:35'),
(29, 'A tempore maiores et.', 'Ex aspernatur rem oc', 1, 29, 320129, '', '', '', '', '', '', '', '', 'http://www.abernathy.com/', 'http://www.hoppe.com/', '1976-09-14 13:03:57'),
(30, 'Voluptas id suscipit veniam.', 'Praesentium voluptat', 2, 30, 320130, '', '', '', '', '', '', '', '', 'http://www.halvorsoncormier.org/', 'http://www.mraz.com/', '2009-05-02 18:30:10'),
(31, 'Illum nihil officiis laboriosam est.', 'Est quas voluptatibu', 3, 31, 320131, '', '', '', '', '', '', '', '', 'http://nolan.com/', 'http://weissnatquigley.com/', '2012-11-23 09:12:30'),
(32, 'Excepturi aut omnis dolores est.', 'Voluptatem aspernatu', 4, 32, 320132, '', '', '', '', '', '', '', '', 'http://rodriguez.com/', 'http://koss.com/', '2021-03-11 02:29:46'),
(33, 'Repellat officia quod.', 'Sunt aut reprehender', 5, 33, 320133, '', '', '', '', '', '', '', '', 'http://batz.com/', 'http://gleichner.com/', '1987-11-27 13:01:03'),
(34, 'Et eos ea nisi dolore voluptatem.', 'Ipsa omnis beatae de', 6, 34, 320134, '', '', '', '', '', '', '', '', 'http://www.baumbach.info/', 'http://langosh.net/', '1982-06-09 00:49:58'),
(35, 'Voluptas ut autem excepturi.', 'Temporibus odio reru', 7, 35, 320135, '', '', '', '', '', '', '', '', 'http://smithkoepp.org/', 'http://aufderhar.com/', '1982-10-05 15:54:19'),
(36, 'Nostrum facere et earum et.', 'Dolorem recusandae a', 1, 36, 320136, '', '', '', '', '', '', '', '', 'http://mrazleuschke.net/', 'http://www.bergnaummiller.com/', '2017-08-02 14:21:16'),
(37, 'Reprehenderit laudantium non iusto.', 'Fugiat rerum quos ei', 2, 37, 320137, '', '', '', '', '', '', '', '', 'http://quitzonweissnat.com/', 'http://www.rowe.biz/', '2018-08-19 13:57:52'),
(38, 'Numquam fugit debitis est occaecati.', 'Et ullam porro facil', 3, 38, 320138, '', '', '', '', '', '', '', '', 'http://www.mante.com/', 'http://wehnerchamplin.com/', '2014-06-17 16:42:07'),
(39, 'Animi praesentium animi doloribus.', 'Fugit laborum autem ', 4, 39, 320139, '', '', '', '', '', '', '', '', 'http://barrowsfriesen.info/', 'http://cummeratagoldner.com/', '2016-12-29 12:29:26'),
(40, 'Esse voluptatem sequi in ratione aliquid.', 'Perferendis voluptat', 5, 40, 320140, '', '', '', '', '', '', '', '', 'http://www.tillman.net/', 'http://www.brekkelockman.com/', '2014-09-20 09:47:04'),
(41, 'Iste voluptatem repellendus saepe cupiditate voluptatem.', 'Et quia non odio del', 6, 41, 320101, '', '', '', '', '', '', '', '', 'http://hahnoberbrunner.net/', 'http://www.schuster.org/', '1974-10-06 03:57:51'),
(42, 'Voluptas maiores voluptas tempore quia.', 'Voluptatem quis iure', 7, 42, 320102, '', '', '', '', '', '', '', '', 'http://www.adams.com/', 'http://haag.com/', '2005-03-03 12:50:03'),
(43, 'Cum eum nulla eos.', 'Voluptas nisi rerum ', 1, 43, 320103, '', '', '', '', '', '', '', '', 'http://bahringereichmann.com/', 'http://www.marquardt.org/', '1979-11-25 10:05:52'),
(44, 'Consectetur minus quia accusamus soluta et.', 'Quidem aut dolorem e', 2, 44, 320104, '', '', '', '', '', '', '', '', 'http://www.gleason.com/', 'http://www.russel.com/', '1999-11-09 22:28:10'),
(45, 'Libero recusandae nobis eum.', 'Ipsam ratione quo es', 3, 45, 320105, '', '', '', '', '', '', '', '', 'http://www.ernsererdman.com/', 'http://rath.biz/', '2010-02-21 10:06:13'),
(46, 'Ut sequi ex.', 'Omnis ut corporis ve', 4, 46, 320106, '', '', '', '', '', '', '', '', 'http://www.rath.com/', 'http://www.gerhold.info/', '2020-05-11 19:05:31'),
(47, 'Qui qui illum sed.', 'Officiis qui ut sed ', 5, 47, 320107, '', '', '', '', '', '', '', '', 'http://shanahan.com/', 'http://doyle.org/', '1979-04-22 11:07:28'),
(48, 'Aut quo quia et repellat.', 'Dolorem quisquam min', 6, 48, 320108, '', '', '', '', '', '', '', '', 'http://www.kshlerin.biz/', 'http://www.lakin.com/', '1991-04-29 09:32:55'),
(49, 'Quam dignissimos at facere ipsam mollitia.', 'Natus voluptas quis ', 7, 49, 320109, '', '', '', '', '', '', '', '', 'http://auermuller.net/', 'http://www.kozey.com/', '1984-12-28 17:43:19'),
(50, 'Quaerat id et libero nihil necessitatibus.', 'Ut nam ut beatae imp', 1, 50, 320110, '', '', '', '', '', '', '', '', 'http://www.donnellysauer.com/', 'http://www.rodriguez.net/', '2001-07-05 07:08:23'),
(51, 'Voluptas perferendis a sunt laboriosam quia.', 'Expedita quis beatae', 2, 51, 320111, '', '', '', '', '', '', '', '', 'http://www.fritschtorp.info/', 'http://grimes.com/', '1980-11-02 09:13:57'),
(52, 'Magnam quaerat iste.', 'Hic molestias ea tem', 3, 52, 320112, '', '', '', '', '', '', '', '', 'http://www.adams.net/', 'http://swiftrussel.com/', '2010-07-02 16:17:14'),
(53, 'Qui sed porro rerum velit.', 'Quibusdam deserunt q', 4, 53, 320113, '', '', '', '', '', '', '', '', 'http://bartonstiedemann.net/', 'http://www.oconnerthompson.com/', '2006-03-29 19:26:08'),
(54, 'Laborum ab id.', 'Recusandae dolorum e', 5, 54, 320114, '', '', '', '', '', '', '', '', 'http://okunevarussel.org/', 'http://gleichner.org/', '1988-11-29 22:48:34'),
(55, 'Dolorum occaecati exercitationem minus optio iure.', 'Ut corrupti sit cons', 6, 55, 320115, '', '', '', '', '', '', '', '', 'http://www.jacobsonkling.com/', 'http://buckridgewolf.com/', '2005-03-05 19:48:37'),
(56, 'Voluptatem eos itaque.', 'Asperiores iure volu', 7, 56, 320116, '', '', '', '', '', '', '', '', 'http://www.torpdibbert.com/', 'http://www.hudson.info/', '1984-07-21 17:05:09'),
(57, 'Sapiente sit eos nisi.', 'Voluptates tempora i', 1, 57, 320117, '', '', '', '', '', '', '', '', 'http://www.welch.net/', 'http://www.gislason.biz/', '1978-06-11 17:06:22'),
(58, 'Autem aut rerum aut suscipit provident.', 'Ratione dolorum plac', 2, 58, 320118, '', '', '', '', '', '', '', '', 'http://wehnerrempel.net/', 'http://www.lehnerdooley.com/', '1970-03-05 18:07:06'),
(59, 'Ipsam fuga sed similique laborum.', 'Officia id dolorem d', 3, 59, 320119, '', '', '', '', '', '', '', '', 'http://www.reichertmedhurst.com/', 'http://dicki.com/', '1991-05-16 08:42:48'),
(60, 'Sint velit dolor quae.', 'Sint recusandae vel ', 4, 60, 320120, '', '', '', '', '', '', '', '', 'http://zemlakhettinger.org/', 'http://reilly.biz/', '1978-01-01 11:26:14'),
(61, 'Aperiam fuga asperiores aperiam.', 'Laudantium quasi vol', 5, 61, 320121, '', '', '', '', '', '', '', '', 'http://howellcartwright.biz/', 'http://www.kutch.com/', '2011-08-28 16:35:26'),
(62, 'Consequatur dolor officiis rem.', 'Omnis similique hic ', 6, 62, 320122, '', '', '', '', '', '', '', '', 'http://haag.com/', 'http://walterdooley.net/', '2004-01-31 11:39:32'),
(63, 'Eos doloremque rem dolore non.', 'Eius error est nesci', 7, 63, 320123, '', '', '', '', '', '', '', '', 'http://www.gottlieb.com/', 'http://bogan.biz/', '1992-04-12 21:46:18'),
(64, 'Voluptatem odio voluptates totam.', 'Esse cupiditate ex e', 1, 64, 320124, '', '', '', '', '', '', '', '', 'http://www.pfannerstill.com/', 'http://www.cristtillman.com/', '2019-06-24 14:03:45'),
(65, 'Minima magnam error quis veniam pariatur.', 'Reprehenderit provid', 2, 65, 320125, '', '', '', '', '', '', '', '', 'http://www.wehner.com/', 'http://konopelski.com/', '2000-08-15 15:52:14'),
(66, 'Molestias quia ullam magnam rerum.', 'Cumque minus non qui', 3, 66, 320126, '', '', '', '', '', '', '', '', 'http://www.collier.info/', 'http://ruecker.org/', '1970-01-31 22:01:41'),
(67, 'Aut eaque qui est.', 'Id eum enim accusamu', 4, 67, 320127, '', '', '', '', '', '', '', '', 'http://www.frami.com/', 'http://rau.org/', '1986-11-14 12:50:29'),
(68, 'Culpa et recusandae occaecati.', 'Doloribus voluptatum', 5, 68, 320128, '', '', '', '', '', '', '', '', 'http://www.ondricka.com/', 'http://tillman.info/', '1984-02-06 00:38:02'),
(69, 'Aliquid quam dignissimos a consequatur ad.', 'Voluptas earum est e', 6, 69, 320129, '', '', '', '', '', '', '', '', 'http://mosciski.net/', 'http://www.terrymorar.info/', '1985-08-21 18:43:04'),
(70, 'Voluptate placeat aut et libero.', 'Debitis facilis quos', 7, 70, 320130, '', '', '', '', '', '', '', '', 'http://lockmankessler.net/', 'http://strosin.info/', '1999-10-26 19:55:23'),
(71, 'Nesciunt maxime quos aliquam omnis dolor.', 'Ut recusandae aperia', 1, 71, 320131, '', '', '', '', '', '', '', '', 'http://www.stroman.info/', 'http://www.effertz.com/', '1990-05-15 10:06:21'),
(72, 'Ea recusandae suscipit qui.', 'Omnis voluptatibus e', 2, 72, 320132, '', '', '', '', '', '', '', '', 'http://dare.com/', 'http://hegmann.info/', '1976-06-03 10:00:59'),
(73, 'Quia cumque consectetur et fugit odio.', 'Nostrum ut dolorum c', 3, 73, 320133, '', '', '', '', '', '', '', '', 'http://hilll.com/', 'http://quitzonjast.org/', '2012-09-14 05:10:03'),
(74, 'Dolor recusandae eos repellendus.', 'Est iste unde ut por', 4, 74, 320134, '', '', '', '', '', '', '', '', 'http://www.brekke.com/', 'http://dare.com/', '2018-11-01 08:41:14'),
(75, 'Illo molestiae soluta cum.', 'Molestiae modi est m', 5, 75, 320135, '', '', '', '', '', '', '', '', 'http://www.yundtreichel.net/', 'http://ankunding.com/', '2002-07-10 13:53:28'),
(76, 'Omnis voluptas autem doloribus.', 'Et debitis voluptatu', 6, 76, 320136, '', '', '', '', '', '', '', '', 'http://rippin.org/', 'http://ratkeherman.com/', '2016-04-25 00:18:42'),
(77, 'Optio ab nemo.', 'Est voluptatem autem', 7, 77, 320137, '', '', '', '', '', '', '', '', 'http://www.morar.net/', 'http://www.botsford.net/', '1983-10-23 06:13:56'),
(78, 'Vel aut optio sit.', 'At quasi ullam quod ', 1, 78, 320138, '', '', '', '', '', '', '', '', 'http://www.gradyjenkins.info/', 'http://www.legrosfritsch.com/', '2000-07-12 00:31:50'),
(79, 'Est voluptatibus quis ipsum libero.', 'Aut consequuntur sit', 2, 79, 320139, '', '', '', '', '', '', '', '', 'http://jakubowski.com/', 'http://kozeygoldner.net/', '1980-01-15 00:49:28'),
(80, 'Totam iusto quam voluptatum aliquam.', 'Quia pariatur quia m', 3, 80, 320140, '', '', '', '', '', '', '', '', 'http://langworth.com/', 'http://breitenberg.com/', '2009-04-13 12:43:07'),
(81, 'Architecto fugiat ratione est harum ut.', 'Et tenetur nihil eni', 4, 81, 320101, '', '', '', '', '', '', '', '', 'http://reichert.com/', 'http://www.krajcik.com/', '2012-09-27 01:52:37'),
(82, 'Sunt ratione magni saepe.', 'Qui et a quidem saep', 5, 82, 320102, '', '', '', '', '', '', '', '', 'http://bogan.com/', 'http://www.huel.com/', '2004-02-20 07:38:23'),
(83, 'Ut molestiae fugit debitis itaque.', 'Ad culpa laudantium ', 6, 83, 320103, '', '', '', '', '', '', '', '', 'http://veumvon.com/', 'http://www.boderoberts.info/', '2000-11-24 23:38:22'),
(84, 'A ullam recusandae totam nesciunt autem.', 'Hic dolores nobis sa', 7, 84, 320104, '', '', '', '', '', '', '', '', 'http://klockoschmitt.biz/', 'http://dooley.com/', '1991-07-13 16:58:33'),
(85, 'Quisquam nobis et quae dolores.', 'Id quisquam culpa mo', 1, 85, 320105, '', '', '', '', '', '', '', '', 'http://www.gleason.biz/', 'http://cummerata.com/', '1995-01-08 11:20:05'),
(86, 'Cumque eos ullam.', 'Reprehenderit ipsam ', 2, 86, 320106, '', '', '', '', '', '', '', '', 'http://larkin.info/', 'http://rempel.com/', '2018-07-25 22:37:48'),
(87, 'Omnis perspiciatis voluptatem repellat sed.', 'Ut non voluptatem au', 3, 87, 320107, '', '', '', '', '', '', '', '', 'http://www.okeefe.com/', 'http://www.beier.com/', '2011-09-19 18:35:20'),
(88, 'Reprehenderit et earum.', 'Nesciunt cum aut ape', 4, 88, 320108, '', '', '', '', '', '', '', '', 'http://quigley.biz/', 'http://reilly.biz/', '2014-06-30 15:39:34'),
(89, 'Itaque labore aut qui.', 'Hic velit qui rerum ', 5, 89, 320109, '', '', '', '', '', '', '', '', 'http://hackettcrist.com/', 'http://www.bernierabshire.info/', '2015-11-09 17:35:34'),
(90, 'Nemo voluptas aut modi et.', 'Voluptas rerum minus', 6, 90, 320110, '', '', '', '', '', '', '', '', 'http://jacobi.com/', 'http://swaniawskiebert.com/', '2017-02-09 12:49:13'),
(91, 'A numquam neque autem rem laborum.', 'Similique iure ad co', 7, 91, 320111, '', '', '', '', '', '', '', '', 'http://kessler.com/', 'http://www.schultzfahey.com/', '2009-11-23 12:30:47'),
(92, 'Quis totam rerum et sunt.', 'Officia et magni est', 1, 92, 320112, '', '', '', '', '', '', '', '', 'http://www.rathbashirian.biz/', 'http://satterfieldhamill.com/', '2000-10-15 08:30:06'),
(93, 'Placeat sed quia omnis corporis.', 'Repellendus consequa', 2, 93, 320113, '', '', '', '', '', '', '', '', 'http://www.kautzer.com/', 'http://rosenbaumkozey.org/', '1987-09-14 13:24:19'),
(94, 'Exercitationem dicta quo non et dignissimos.', 'Voluptatem enim qui ', 3, 94, 320114, '', '', '', '', '', '', '', '', 'http://www.hamill.com/', 'http://lubowitzjohns.com/', '1992-08-17 17:55:36'),
(95, 'Nesciunt perspiciatis et fuga.', 'Labore nihil consequ', 4, 95, 320115, '', '', '', '', '', '', '', '', 'http://franecki.com/', 'http://renner.com/', '2016-07-02 04:42:54'),
(96, 'Eos qui quo a debitis.', 'Qui recusandae magni', 5, 96, 320116, '', '', '', '', '', '', '', '', 'http://www.osinski.org/', 'http://stiedemannlangworth.com/', '1971-06-02 23:40:21'),
(97, 'Numquam maxime quos officia.', 'Sint quia illo eum. ', 6, 97, 320117, '', '', '', '', '', '', '', '', 'http://armstrong.com/', 'http://goldnerpagac.com/', '1983-11-23 21:45:41'),
(98, 'Nostrum est consequuntur velit at dicta.', 'Animi inventore id m', 7, 98, 320118, '', '', '', '', '', '', '', '', 'http://collier.com/', 'http://connellygerlach.com/', '1997-05-07 06:10:00'),
(99, 'Tempora vero nam doloremque autem.', 'Cupiditate molestiae', 1, 99, 320119, '', '', '', '', '', '', '', '', 'http://www.schulistgibson.biz/', 'http://kunde.com/', '1977-05-14 16:49:48'),
(100, 'Provident sunt consectetur atque et.', 'Quaerat soluta nihil', 2, 100, 320120, '', '', '', '', '', '', '', '', 'http://www.abshiredaniel.com/', 'http://kemmer.com/', '1983-01-09 00:49:01'),
(101, 'Quidem eius dolorem inventore.', 'Doloremque corporis ', 3, 101, 320121, '', '', '', '', '', '', '', '', 'http://reinger.biz/', 'http://thiel.com/', '1977-05-07 21:49:03'),
(102, 'Delectus minima atque maxime.', 'Vel aut quibusdam qu', 4, 102, 320122, '', '', '', '', '', '', '', '', 'http://kemmer.com/', 'http://www.tromp.info/', '1986-01-12 14:36:40'),
(103, 'Aut distinctio laboriosam magnam quia facilis.', 'Eius consequuntur re', 5, 103, 320123, '', '', '', '', '', '', '', '', 'http://www.sporer.com/', 'http://www.russelbrakus.com/', '1975-09-02 11:28:10'),
(104, 'Iure dolorum veniam.', 'Aliquid assumenda la', 6, 104, 320124, '', '', '', '', '', '', '', '', 'http://www.leannon.com/', 'http://www.hirthe.info/', '1985-12-25 16:42:55'),
(105, 'Deserunt quo ad.', 'Repellendus aliquam ', 7, 105, 320125, '', '', '', '', '', '', '', '', 'http://www.goldner.biz/', 'http://murazik.com/', '2015-12-05 08:10:13'),
(106, 'Quaerat minus id aut.', 'Aut laboriosam exerc', 1, 106, 320126, '', '', '', '', '', '', '', '', 'http://www.hermann.com/', 'http://www.ernser.com/', '1972-02-19 12:49:54'),
(107, 'Eveniet saepe dolore quo doloremque.', 'Provident et volupta', 2, 107, 320127, '', '', '', '', '', '', '', '', 'http://www.hammeshermann.com/', 'http://harber.com/', '2009-04-15 12:09:46'),
(108, 'Aperiam ipsam molestias.', 'Sint id modi non dol', 3, 108, 320128, '', '', '', '', '', '', '', '', 'http://www.fahey.net/', 'http://www.ziemann.net/', '1995-07-20 21:55:59'),
(109, 'Rerum enim voluptate.', 'Quae sint quaerat vo', 4, 109, 320129, '', '', '', '', '', '', '', '', 'http://www.langschmeler.com/', 'http://www.langworth.com/', '1991-07-30 17:15:14'),
(110, 'Veritatis id et aut aut.', 'Repellendus est sit ', 5, 110, 320130, '', '', '', '', '', '', '', '', 'http://www.mcdermott.net/', 'http://breitenberg.info/', '1970-12-20 11:35:36'),
(111, 'Non ut vero dolores sunt exercitationem.', 'At omnis ipsum asper', 6, 111, 320131, '', '', '', '', '', '', '', '', 'http://www.ratke.com/', 'http://quitzon.com/', '2016-09-13 20:57:45'),
(112, 'Ad voluptatem modi amet sint dolores.', 'Quam aperiam volupta', 7, 112, 320132, '', '', '', '', '', '', '', '', 'http://wunsch.com/', 'http://daniel.biz/', '1975-12-12 03:04:53'),
(113, 'Eius perferendis temporibus eveniet delectus.', 'Et quos sit velit ea', 1, 113, 320133, '', '', '', '', '', '', '', '', 'http://www.russelrodriguez.com/', 'http://nikolaus.com/', '2019-02-19 11:32:42'),
(114, 'Inventore id sint.', 'Mollitia et officia ', 2, 114, 320134, '', '', '', '', '', '', '', '', 'http://schimmelking.com/', 'http://thompson.com/', '1971-11-29 15:10:42'),
(115, 'Ut minima hic.', 'Aut nihil optio exce', 3, 115, 320135, '', '', '', '', '', '', '', '', 'http://davis.com/', 'http://hoppehamill.com/', '2009-02-11 00:40:58'),
(116, 'Facere temporibus est.', 'Quo molestiae exerci', 4, 116, 320136, '', '', '', '', '', '', '', '', 'http://hackett.com/', 'http://www.ernser.biz/', '1999-01-01 12:55:10'),
(117, 'Adipisci distinctio sit perferendis provident aspernatur.', 'Impedit sint soluta ', 5, 117, 320137, '', '', '', '', '', '', '', '', 'http://bernhard.com/', 'http://blandagleason.com/', '1972-05-18 18:01:04'),
(118, 'Sint ut ducimus fugiat eveniet.', 'Est deleniti quas es', 6, 118, 320138, '', '', '', '', '', '', '', '', 'http://www.steuber.net/', 'http://mcglynn.biz/', '1972-05-27 04:04:50'),
(119, 'Provident suscipit perspiciatis debitis qui.', 'Autem numquam asperi', 7, 119, 320139, '', '', '', '', '', '', '', '', 'http://www.schuster.org/', 'http://www.handrosenbaum.com/', '1988-06-12 09:44:08'),
(120, 'Voluptate ut quo omnis odio rerum.', 'Corporis aut est qui', 1, 120, 320140, '', '', '', '', '', '', '', '', 'http://www.mohr.com/', 'http://www.rutherford.info/', '2020-01-10 06:39:54'),
(121, 'Corporis delectus veniam harum.', 'Quaerat autem volupt', 2, 121, 320101, '', '', '', '', '', '', '', '', 'http://www.jast.org/', 'http://www.pollich.info/', '1988-01-30 04:37:52'),
(122, 'Delectus est adipisci magni.', 'Voluptas commodi omn', 3, 122, 320102, '', '', '', '', '', '', '', '', 'http://www.konopelski.net/', 'http://metz.com/', '1993-12-05 23:09:53'),
(123, 'Blanditiis omnis architecto fugit vitae.', 'Excepturi magnam ut ', 4, 123, 320103, '', '', '', '', '', '', '', '', 'http://mante.com/', 'http://www.schmidt.com/', '2017-01-10 01:26:54'),
(124, 'Harum enim et pariatur veniam.', 'Sed iste quo neque a', 5, 124, 320104, '', '', '', '', '', '', '', '', 'http://volkman.net/', 'http://erdman.biz/', '2019-10-27 08:50:38'),
(125, 'Totam eveniet eos non ut.', 'Cumque est vel quas ', 6, 125, 320105, '', '', '', '', '', '', '', '', 'http://www.kozey.com/', 'http://hand.com/', '1982-06-06 11:23:48'),
(126, 'Molestias animi cum nesciunt veniam.', 'Minima impedit iusto', 7, 126, 320106, '', '', '', '', '', '', '', '', 'http://www.lynchwaters.com/', 'http://www.jerde.info/', '1992-02-03 21:15:18'),
(127, 'In recusandae sunt deleniti.', 'Dolorem eos enim eum', 1, 127, 320107, '', '', '', '', '', '', '', '', 'http://www.schinner.com/', 'http://www.balistreribuckridge.biz/', '1993-05-02 09:08:45'),
(128, 'Officiis totam possimus.', 'Dicta quia et quo ni', 2, 128, 320108, '', '', '', '', '', '', '', '', 'http://www.oconnell.net/', 'http://mitchell.com/', '2001-06-05 19:29:16'),
(129, 'Facilis eos odit.', 'Non sed et magni dol', 3, 129, 320109, '', '', '', '', '', '', '', '', 'http://bergelubowitz.net/', 'http://yost.com/', '1997-01-02 11:55:15'),
(130, 'Dolores molestias sed expedita non voluptatum.', 'Aut occaecati nisi i', 4, 130, 320110, '', '', '', '', '', '', '', '', 'http://www.schaefer.com/', 'http://heathcote.com/', '2014-06-09 16:31:12'),
(131, 'Nesciunt quisquam qui dolores dolores.', 'Voluptas omnis illo ', 5, 131, 320111, '', '', '', '', '', '', '', '', 'http://www.berge.org/', 'http://www.conroy.com/', '1991-12-29 17:32:56'),
(132, 'Voluptatem aut nemo eos excepturi.', 'Iste voluptatibus cu', 6, 132, 320112, '', '', '', '', '', '', '', '', 'http://www.schimmel.com/', 'http://www.bechtelar.com/', '1977-06-14 19:01:04'),
(133, 'Accusamus officiis laudantium.', 'Natus esse quae rati', 7, 133, 320113, '', '', '', '', '', '', '', '', 'http://wiza.org/', 'http://www.grahamhills.biz/', '2003-03-22 23:22:04'),
(134, 'Dolor laboriosam molestiae quae esse.', 'Sequi nihil totam mo', 1, 134, 320114, '', '', '', '', '', '', '', '', 'http://thielhilpert.info/', 'http://www.casper.org/', '1998-04-19 21:06:36'),
(135, 'Et error distinctio rerum aut totam.', 'Fugiat tempore est v', 2, 135, 320115, '', '', '', '', '', '', '', '', 'http://predovic.com/', 'http://harris.com/', '1986-03-20 23:51:21'),
(136, 'Aut exercitationem ipsum et qui.', 'Porro cum officiis l', 3, 136, 320116, '', '', '', '', '', '', '', '', 'http://wisoky.biz/', 'http://marquardt.com/', '1971-11-17 02:10:15'),
(137, 'Itaque et quia.', 'Dignissimos fugit ac', 4, 137, 320117, '', '', '', '', '', '', '', '', 'http://www.hesselvonrueden.com/', 'http://spencer.com/', '1985-11-26 08:54:42'),
(138, 'Ut a vel.', 'Consequuntur delectu', 5, 138, 320118, '', '', '', '', '', '', '', '', 'http://www.stark.com/', 'http://www.keeblerluettgen.biz/', '1993-09-28 15:41:21'),
(139, 'Et eos est alias aperiam.', 'Nobis autem quaerat ', 6, 139, 320119, '', '', '', '', '', '', '', '', 'http://www.rutherford.org/', 'http://www.kihnwalker.org/', '2008-09-11 04:49:35'),
(140, 'Est necessitatibus nostrum ad.', 'Facilis ex rem dolor', 7, 140, 320120, '', '', '', '', '', '', '', '', 'http://ziemegorczany.org/', 'http://www.gradyparisian.biz/', '1977-10-30 08:00:07'),
(141, 'Molestiae unde ut.', 'Id voluptatem nihil ', 1, 141, 320121, '', '', '', '', '', '', '', '', 'http://www.koss.com/', 'http://www.hermanrussel.info/', '1997-08-08 13:57:34'),
(142, 'Similique ducimus eum quidem consequatur dolorem.', 'Est occaecati deleni', 2, 142, 320122, '', '', '', '', '', '', '', '', 'http://windler.com/', 'http://www.jacobi.com/', '2022-02-14 01:47:36'),
(143, 'Ea eveniet voluptatem eos.', 'Expedita quia incidu', 3, 143, 320123, '', '', '', '', '', '', '', '', 'http://www.lang.com/', 'http://bernier.net/', '1988-05-22 19:30:52'),
(144, 'Delectus alias aut.', 'Aut et nostrum liber', 4, 144, 320124, '', '', '', '', '', '', '', '', 'http://dare.net/', 'http://www.pfannerstilloberbrunner.biz/', '1986-07-04 05:57:44'),
(145, 'Perspiciatis aut nobis eaque distinctio atque.', 'Ipsam occaecati veri', 5, 145, 320125, '', '', '', '', '', '', '', '', 'http://bernhard.info/', 'http://www.gusikowski.com/', '1985-12-24 22:47:56'),
(146, 'Recusandae occaecati ut suscipit sed.', 'Consequuntur amet no', 6, 146, 320126, '', '', '', '', '', '', '', '', 'http://schroederwuckert.com/', 'http://gorczany.info/', '1991-10-02 14:20:46'),
(147, 'Ipsa asperiores nihil et eveniet.', 'Magnam consequatur s', 7, 147, 320127, '', '', '', '', '', '', '', '', 'http://www.cummeratacasper.net/', 'http://www.parkermarvin.biz/', '1978-09-28 09:37:12'),
(148, 'Quo dolor laborum consequuntur.', 'Sunt ab distinctio s', 1, 148, 320128, '', '', '', '', '', '', '', '', 'http://www.heaney.com/', 'http://treutelgutkowski.org/', '1996-12-01 00:17:03'),
(149, 'Est voluptatum alias vel recusandae.', 'Assumenda est et eiu', 2, 149, 320129, '', '', '', '', '', '', '', '', 'http://www.corkeryjacobson.com/', 'http://www.larson.com/', '1984-11-27 22:58:34'),
(150, 'Aut iusto dolores quis optio velit.', 'Voluptate laborum ab', 3, 150, 320130, '', '', '', '', '', '', '', '', 'http://www.rohan.biz/', 'http://bauchgoodwin.com/', '1998-02-11 14:49:41'),
(151, 'Adipisci maiores deserunt ipsam et dolorum.', 'Natus aut ullam id p', 4, 151, 320131, '', '', '', '', '', '', '', '', 'http://torp.com/', 'http://padberg.com/', '1985-10-21 00:50:25'),
(152, 'Earum autem consequatur quasi dolores.', 'Asperiores rerum omn', 5, 152, 320132, '', '', '', '', '', '', '', '', 'http://buckridge.net/', 'http://lueilwitz.com/', '1978-05-19 15:46:16'),
(153, 'Rem occaecati consequatur doloribus.', 'Cumque quo laudantiu', 6, 153, 320133, '', '', '', '', '', '', '', '', 'http://www.mueller.com/', 'http://davis.com/', '1999-07-10 11:56:07'),
(154, 'Aut et id omnis non.', 'Aut deserunt dolorem', 7, 154, 320134, '', '', '', '', '', '', '', '', 'http://www.tromp.com/', 'http://www.cole.com/', '2018-02-20 13:09:30'),
(155, 'Voluptates doloribus nemo est mollitia corrupti.', 'Ratione quidem simil', 1, 155, 320135, '', '', '', '', '', '', '', '', 'http://www.ledner.info/', 'http://hilll.com/', '1993-02-19 03:33:24'),
(156, 'Atque illo maxime sunt ut.', 'Numquam dolorum dele', 2, 156, 320136, '', '', '', '', '', '', '', '', 'http://cronin.com/', 'http://ankunding.com/', '1993-11-21 06:19:35'),
(157, 'Voluptatum neque culpa.', 'Cumque dolorem venia', 3, 157, 320137, '', '', '', '', '', '', '', '', 'http://dach.com/', 'http://www.bosco.com/', '2017-08-08 06:05:19'),
(158, 'Necessitatibus tempora dolorem enim.', 'Nobis labore asperio', 4, 158, 320138, '', '', '', '', '', '', '', '', 'http://www.treutel.com/', 'http://wunsch.com/', '1975-08-30 04:13:35'),
(159, 'Voluptatem suscipit quidem inventore.', 'Dignissimos itaque v', 5, 159, 320139, '', '', '', '', '', '', '', '', 'http://weimann.net/', 'http://moenwiza.biz/', '1986-02-11 01:09:44'),
(160, 'Est animi et ratione eligendi.', 'Facere ipsum nemo as', 6, 160, 320140, '', '', '', '', '', '', '', '', 'http://lakinortiz.com/', 'http://www.farrell.com/', '1979-04-09 05:32:15'),
(161, 'Consequatur fugit accusantium maiores in ad.', 'Et aut facilis rerum', 7, 161, 320101, '', '', '', '', '', '', '', '', 'http://www.volkman.biz/', 'http://stehr.com/', '2017-06-30 07:27:57'),
(162, 'Praesentium mollitia aliquam sunt rerum.', 'Aut in dolor maiores', 1, 162, 320102, '', '', '', '', '', '', '', '', 'http://lednerlind.com/', 'http://rodriguez.org/', '1970-06-10 00:55:54'),
(163, 'Ducimus delectus ea minus numquam.', 'Veritatis quo illum ', 2, 163, 320103, '', '', '', '', '', '', '', '', 'http://www.dooley.com/', 'http://mosciski.net/', '2021-01-05 20:35:38'),
(164, 'Qui rerum excepturi nostrum.', 'Enim quam labore qui', 3, 164, 320104, '', '', '', '', '', '', '', '', 'http://www.heaney.com/', 'http://lueilwitzschmidt.org/', '1991-03-16 01:59:58'),
(165, 'Explicabo ut et impedit.', 'Labore consequuntur ', 4, 165, 320105, '', '', '', '', '', '', '', '', 'http://www.rolfson.org/', 'http://cruickshankankunding.com/', '1978-12-16 08:28:32'),
(166, 'Quasi velit non consectetur.', 'Quas nesciunt conseq', 5, 166, 320106, '', '', '', '', '', '', '', '', 'http://heathcote.com/', 'http://www.howell.com/', '1998-07-16 04:42:28'),
(167, 'Et est eum.', 'Aspernatur id iusto ', 6, 167, 320107, '', '', '', '', '', '', '', '', 'http://veumkutch.com/', 'http://www.howell.com/', '1976-12-01 05:02:55'),
(168, 'Deserunt harum fuga consequuntur natus.', 'Alias labore nostrum', 7, 168, 320108, '', '', '', '', '', '', '', '', 'http://www.stroman.com/', 'http://kuphalullrich.org/', '2007-05-29 01:36:05'),
(169, 'Sit laudantium qui at ipsa exercitationem.', 'Nesciunt corrupti hi', 1, 169, 320109, '', '', '', '', '', '', '', '', 'http://heathcote.info/', 'http://www.okeefe.net/', '1977-09-11 19:24:41'),
(170, 'Expedita qui doloremque.', 'Aut dolores cupidita', 2, 170, 320110, '', '', '', '', '', '', '', '', 'http://hermann.com/', 'http://www.leschnader.info/', '1984-02-10 10:31:21'),
(171, 'Et accusamus maxime doloribus.', 'Vitae saepe est sed ', 3, 171, 320111, '', '', '', '', '', '', '', '', 'http://hirthe.com/', 'http://www.huel.net/', '2006-11-23 15:35:08'),
(172, 'Quo iure omnis soluta ea dolor.', 'Autem enim consequat', 4, 172, 320112, '', '', '', '', '', '', '', '', 'http://koelpin.net/', 'http://www.rice.com/', '1982-01-22 07:46:24'),
(173, 'Perspiciatis et ratione omnis facilis.', 'Quae vel ab sit reru', 5, 173, 320113, '', '', '', '', '', '', '', '', 'http://jakubowskikeeling.net/', 'http://www.hintz.info/', '1983-11-10 11:05:13'),
(174, 'Reprehenderit qui ut eos explicabo.', 'Est et repudiandae d', 6, 174, 320114, '', '', '', '', '', '', '', '', 'http://www.witting.com/', 'http://willkoss.org/', '1983-12-24 19:38:34'),
(175, 'Sapiente culpa eum rerum.', 'Aliquam enim et quod', 7, 175, 320115, '', '', '', '', '', '', '', '', 'http://www.lemkelangosh.com/', 'http://kerlukeschinner.com/', '1995-08-11 10:48:27'),
(176, 'Nihil tempore maiores iure unde deserunt.', 'Et incidunt facilis ', 1, 176, 320116, '', '', '', '', '', '', '', '', 'http://harveyhaley.com/', 'http://www.murazikcormier.biz/', '2021-11-20 08:21:13'),
(177, 'In cupiditate consectetur qui autem.', 'Tempore non quibusda', 2, 177, 320117, '', '', '', '', '', '', '', '', 'http://www.murphycarter.biz/', 'http://yost.com/', '1980-08-23 02:41:23'),
(178, 'At ipsum similique dolorem.', 'Iusto quidem laudant', 3, 178, 320118, '', '', '', '', '', '', '', '', 'http://schusterreinger.com/', 'http://www.koepp.net/', '1984-09-22 17:50:01'),
(179, 'Culpa ea sit veniam.', 'Et dignissimos ex eo', 4, 179, 320119, '', '', '', '', '', '', '', '', 'http://www.walsh.com/', 'http://volkman.com/', '2011-06-30 01:31:35'),
(180, 'Eaque impedit magni autem sit.', 'Quo repellendus cons', 5, 180, 320120, '', '', '', '', '', '', '', '', 'http://konopelski.org/', 'http://www.baumbachhand.info/', '2022-02-15 08:59:25'),
(181, 'Maxime deleniti maxime reiciendis.', 'Debitis sunt reicien', 6, 181, 320121, '', '', '', '', '', '', '', '', 'http://www.kilbackdeckow.com/', 'http://hudson.com/', '1999-09-05 16:51:21'),
(182, 'Voluptatem labore et in.', 'Dolor et ullam id no', 7, 182, 320122, '', '', '', '', '', '', '', '', 'http://www.harveyturner.org/', 'http://www.glover.net/', '1981-12-11 02:09:41'),
(183, 'Dolor possimus culpa officia.', 'Eos eos quasi necess', 1, 183, 320123, '', '', '', '', '', '', '', '', 'http://www.jakubowski.org/', 'http://hilpert.org/', '1990-11-16 22:48:53'),
(184, 'Est ea doloremque dolores dicta dolores.', 'Nisi aliquam exceptu', 2, 184, 320124, '', '', '', '', '', '', '', '', 'http://borer.biz/', 'http://lang.com/', '1989-08-20 09:44:09'),
(185, 'Perferendis voluptatem eos cupiditate.', 'Molestias repellat u', 3, 185, 320125, '', '', '', '', '', '', '', '', 'http://sauer.com/', 'http://franecki.biz/', '2012-04-22 05:27:17'),
(186, 'Consequatur corporis repudiandae consequatur.', 'Debitis accusamus do', 4, 186, 320126, '', '', '', '', '', '', '', '', 'http://okon.org/', 'http://watsicakoelpin.com/', '2000-10-23 20:41:43'),
(187, 'Et blanditiis sit sunt ex.', 'Soluta in rerum iust', 5, 187, 320127, '', '', '', '', '', '', '', '', 'http://www.ortiz.com/', 'http://www.hessel.biz/', '2006-08-15 02:22:51'),
(188, 'Facere in quibusdam.', 'Voluptatem illum per', 6, 188, 320128, '', '', '', '', '', '', '', '', 'http://stokes.com/', 'http://schimmelkuvalis.biz/', '1999-04-24 20:34:17'),
(189, 'Ullam vero libero voluptatem ut.', 'Fugit debitis iure n', 7, 189, 320129, '', '', '', '', '', '', '', '', 'http://www.ziemann.com/', 'http://nolan.org/', '2004-10-28 13:50:06'),
(190, 'Omnis et repudiandae.', 'Et voluptatem volupt', 1, 190, 320130, '', '', '', '', '', '', '', '', 'http://www.cartwright.com/', 'http://www.ritchiekuphal.net/', '1981-07-29 16:54:12'),
(191, 'Temporibus necessitatibus sit rerum.', 'Ut velit rerum nihil', 2, 191, 320131, '', '', '', '', '', '', '', '', 'http://www.aufderhar.com/', 'http://www.tromp.com/', '2000-12-20 12:30:43'),
(192, 'Aut qui earum ut.', 'Unde natus ut unde r', 3, 192, 320132, '', '', '', '', '', '', '', '', 'http://www.becker.net/', 'http://waltercartwright.net/', '1986-03-06 01:06:43'),
(193, 'Fugiat magni hic ipsum consectetur non.', 'Doloribus voluptatib', 4, 193, 320133, '', '', '', '', '', '', '', '', 'http://millerdibbert.com/', 'http://www.lehner.com/', '1988-05-15 06:23:51'),
(194, 'Non hic voluptas explicabo.', 'Accusantium sequi et', 5, 194, 320134, '', '', '', '', '', '', '', '', 'http://conroy.com/', 'http://www.hilpert.com/', '2010-05-19 16:25:47'),
(195, 'Qui consequatur cupiditate quod.', 'Enim unde rerum qui ', 6, 195, 320135, '', '', '', '', '', '', '', '', 'http://romagueraturcotte.com/', 'http://powlowskibecker.com/', '1974-10-31 20:56:09'),
(196, 'Sed aut placeat sit.', 'Iure labore et volup', 7, 196, 320136, '', '', '', '', '', '', '', '', 'http://framilangworth.com/', 'http://www.medhurst.com/', '1999-05-25 07:02:04'),
(197, 'Ipsum aperiam modi.', 'Sit tempora maiores ', 1, 197, 320137, '', '', '', '', '', '', '', '', 'http://ortiz.info/', 'http://www.beer.com/', '1993-07-10 17:08:16'),
(198, 'Voluptas velit facere sit.', 'In ipsa et quia a ex', 2, 198, 320138, '', '', '', '', '', '', '', '', 'http://www.jast.com/', 'http://www.welch.com/', '2008-07-18 22:59:44'),
(199, 'Neque dolorem porro totam culpa et.', 'Voluptas veritatis m', 3, 199, 320139, '', '', '', '', '', '', '', '', 'http://gulgowski.com/', 'http://www.hettinger.com/', '1973-12-26 12:46:15'),
(200, 'Dolores qui dolorum vero unde.', 'Quia consequatur des', 4, 200, 320140, '', '', '', '', '', '', '', '', 'http://www.hoeger.com/', 'http://krisblanda.com/', '1994-02-22 21:14:06'),
(201, 'Repellendus corporis aperiam.', 'Inventore magnam nis', 5, 201, 320101, '', '', '', '', '', '', '', '', 'http://www.stehrdickinson.com/', 'http://www.stehrhackett.com/', '1977-12-04 10:14:29'),
(202, 'Autem nemo architecto.', 'Aut magni et itaque ', 6, 202, 320102, '', '', '', '', '', '', '', '', 'http://www.willmsmcdermott.info/', 'http://boehmlarson.com/', '1991-02-06 02:38:33'),
(203, 'Eligendi voluptas qui sed.', 'Neque mollitia persp', 7, 203, 320103, '', '', '', '', '', '', '', '', 'http://haley.biz/', 'http://www.turcottehackett.com/', '1985-10-21 07:52:49'),
(204, 'Quia dolorum sint.', 'Id aspernatur repell', 1, 204, 320104, '', '', '', '', '', '', '', '', 'http://leschlakin.biz/', 'http://www.walter.com/', '1999-11-13 21:10:38'),
(205, 'Earum dolor deleniti.', 'Commodi provident id', 2, 205, 320105, '', '', '', '', '', '', '', '', 'http://www.pfeffercummerata.com/', 'http://bosco.com/', '1997-01-27 10:54:58'),
(206, 'Ut est cumque.', 'Numquam tempora aut ', 3, 206, 320106, '', '', '', '', '', '', '', '', 'http://rogahn.com/', 'http://cummingsdicki.com/', '1983-05-22 02:33:53'),
(207, 'Quasi quos quis non.', 'Enim pariatur dolor ', 4, 207, 320107, '', '', '', '', '', '', '', '', 'http://www.walshhahn.com/', 'http://feeney.info/', '2018-01-08 18:57:22'),
(208, 'Beatae laudantium minima error.', 'Dolores quaerat maxi', 5, 208, 320108, '', '', '', '', '', '', '', '', 'http://www.prohaska.org/', 'http://www.paucek.com/', '1978-11-07 00:16:27'),
(209, 'Perferendis beatae nostrum sunt est consequatur.', 'Ut illum rerum quia.', 6, 209, 320109, '', '', '', '', '', '', '', '', 'http://www.krisbednar.info/', 'http://www.smith.net/', '1974-09-13 20:11:42'),
(210, 'Qui vero nulla cum.', 'Quas impedit nam ear', 7, 210, 320110, '', '', '', '', '', '', '', '', 'http://www.bogan.biz/', 'http://www.cartwright.com/', '2007-12-27 11:06:26'),
(211, 'Assumenda soluta aperiam sequi.', 'Occaecati error repu', 1, 211, 320111, '', '', '', '', '', '', '', '', 'http://rice.net/', 'http://kemmer.net/', '1995-12-09 21:30:32'),
(212, 'Dolorum sit laboriosam exercitationem.', 'Perspiciatis volupta', 2, 212, 320112, '', '', '', '', '', '', '', '', 'http://okunevathiel.net/', 'http://kerluke.net/', '1975-09-08 21:05:11'),
(213, 'Nobis rem ut.', 'Consequatur quia rer', 3, 213, 320113, '', '', '', '', '', '', '', '', 'http://nader.info/', 'http://morarhammes.com/', '2021-12-10 00:09:20'),
(214, 'Qui sit maiores officiis dolorem.', 'Id nisi quia quo est', 4, 214, 320114, '', '', '', '', '', '', '', '', 'http://www.bogisich.biz/', 'http://kohler.com/', '2014-08-21 15:40:39'),
(215, 'Et maxime qui totam est quisquam.', 'Explicabo tempore ac', 5, 215, 320115, '', '', '', '', '', '', '', '', 'http://www.keeblerreichel.biz/', 'http://oharajakubowski.net/', '1987-03-31 04:25:31'),
(216, 'Minus ut fuga repellendus.', 'Beatae tempore vero ', 6, 216, 320116, '', '', '', '', '', '', '', '', 'http://www.leschkautzer.com/', 'http://jacobibednar.com/', '2008-06-12 13:14:47'),
(217, 'Molestiae doloremque id eum.', 'Est velit explicabo ', 7, 217, 320117, '', '', '', '', '', '', '', '', 'http://reinger.com/', 'http://haley.com/', '1978-07-20 14:54:29'),
(218, 'Officia laborum quidem sit ab libero.', 'Porro nam ut vitae p', 1, 218, 320118, '', '', '', '', '', '', '', '', 'http://www.kleincarroll.com/', 'http://www.ratkebartoletti.org/', '1994-09-30 11:15:54'),
(219, 'Expedita sed sed delectus.', 'Velit occaecati aut ', 2, 219, 320119, '', '', '', '', '', '', '', '', 'http://eichmannlarson.net/', 'http://www.mann.net/', '1993-12-09 10:41:02'),
(220, 'Sit nostrum aut ducimus minima excepturi.', 'Aut illum animi mole', 3, 220, 320120, '', '', '', '', '', '', '', '', 'http://www.rohan.com/', 'http://www.mccullough.com/', '2003-02-23 19:48:45'),
(221, 'Et provident et eveniet expedita error.', 'Magni aut quam maxim', 4, 221, 320121, '', '', '', '', '', '', '', '', 'http://www.funk.org/', 'http://reillytowne.com/', '1987-02-09 07:04:33'),
(222, 'Expedita quidem enim.', 'Blanditiis et deseru', 5, 222, 320122, '', '', '', '', '', '', '', '', 'http://smith.com/', 'http://hyatt.info/', '1995-06-05 09:57:03'),
(223, 'Atque et temporibus accusantium.', 'Recusandae velit dol', 6, 223, 320123, '', '', '', '', '', '', '', '', 'http://ankunding.com/', 'http://hillllesch.com/', '2022-03-24 22:50:05'),
(224, 'Incidunt delectus ipsum autem.', 'Sed delectus ut non ', 7, 224, 320124, '', '', '', '', '', '', '', '', 'http://leannonemard.com/', 'http://treutel.com/', '2018-08-30 00:17:36'),
(225, 'Sint optio fugiat dolores praesentium.', 'Nam eos voluptate ip', 1, 225, 320125, '', '', '', '', '', '', '', '', 'http://www.schmelerbarrows.net/', 'http://www.harrisrath.org/', '2009-11-13 02:01:21'),
(226, 'Harum et expedita saepe dolores.', 'Accusantium qui ex f', 2, 226, 320126, '', '', '', '', '', '', '', '', 'http://herzogjohnston.com/', 'http://www.botsford.com/', '1995-05-08 10:35:21'),
(227, 'Harum ducimus ut.', 'At dolorem temporibu', 3, 227, 320127, '', '', '', '', '', '', '', '', 'http://marks.org/', 'http://brekke.com/', '2019-12-25 14:14:53'),
(228, 'Deleniti commodi tempora molestiae soluta.', 'Eos quia harum accus', 4, 228, 320128, '', '', '', '', '', '', '', '', 'http://www.yundtarmstrong.com/', 'http://christiansen.org/', '1999-12-18 15:53:30'),
(229, 'Magnam accusantium fuga et.', 'Dolores ex atque nis', 5, 229, 320129, '', '', '', '', '', '', '', '', 'http://reilly.org/', 'http://murazik.net/', '2000-11-05 23:03:21'),
(230, 'Recusandae qui aspernatur reiciendis adipisci.', 'Voluptates qui recus', 6, 230, 320130, '', '', '', '', '', '', '', '', 'http://gislason.com/', 'http://pourosblock.com/', '2014-12-30 14:26:25'),
(231, 'Consectetur sequi tempora sequi voluptatem.', 'Nostrum quisquam et ', 7, 231, 320131, '', '', '', '', '', '', '', '', 'http://goyettebrekke.biz/', 'http://www.kutch.com/', '1974-12-31 01:30:49'),
(232, 'Adipisci et iste repudiandae vel.', 'Doloribus voluptatem', 1, 232, 320132, '', '', '', '', '', '', '', '', 'http://www.boehm.com/', 'http://eichmann.org/', '2017-08-26 09:24:27'),
(233, 'Fugit provident officiis unde.', 'Amet ducimus alias n', 2, 233, 320133, '', '', '', '', '', '', '', '', 'http://www.greenholtbeer.com/', 'http://www.hyatt.com/', '2020-03-11 15:10:38'),
(234, 'Dolorum dolorem facilis eos qui.', 'Dolorem et quis ut e', 3, 234, 320134, '', '', '', '', '', '', '', '', 'http://krajcikhilpert.biz/', 'http://leffler.com/', '1982-08-01 17:37:04'),
(235, 'Cum ut qui exercitationem et.', 'Quod itaque ut error', 4, 235, 320135, '', '', '', '', '', '', '', '', 'http://pouros.com/', 'http://kertzmannhintz.com/', '2016-12-02 21:40:16'),
(236, 'Fuga beatae fugiat similique quos voluptas.', 'Nihil laborum assume', 5, 236, 320136, '', '', '', '', '', '', '', '', 'http://sanford.com/', 'http://www.weber.info/', '1992-07-14 11:06:14'),
(237, 'Neque molestiae est quo.', 'Iure aut vero ullam ', 6, 237, 320137, '', '', '', '', '', '', '', '', 'http://www.nolan.info/', 'http://www.cremin.com/', '1993-09-02 13:11:23'),
(238, 'Ut culpa quia omnis illum.', 'Tempora quas suscipi', 7, 238, 320138, '', '', '', '', '', '', '', '', 'http://www.corwinpfeffer.com/', 'http://eichmann.com/', '2006-10-17 18:34:54'),
(239, 'Veniam est rerum explicabo voluptas eaque.', 'Qui aspernatur aut r', 1, 239, 320139, '', '', '', '', '', '', '', '', 'http://spencer.com/', 'http://vonrueden.info/', '2022-04-10 00:24:34'),
(240, 'Saepe blanditiis non.', 'Fuga necessitatibus ', 2, 240, 320140, '', '', '', '', '', '', '', '', 'http://binsbrown.info/', 'http://www.jaskolski.info/', '2015-07-04 04:05:10'),
(241, 'Dicta qui sit dignissimos quisquam quidem.', 'Sed ipsum nam eum la', 3, 241, 320101, '', '', '', '', '', '', '', '', 'http://nadereffertz.com/', 'http://gaylord.com/', '2009-04-27 16:08:58'),
(242, 'Qui ut sunt autem veritatis.', 'Vitae magni esse ali', 4, 242, 320102, '', '', '', '', '', '', '', '', 'http://whiteokeefe.com/', 'http://www.witting.com/', '1971-09-13 16:15:18'),
(243, 'Vero nisi error accusamus itaque sunt.', 'Debitis debitis et p', 5, 243, 320103, '', '', '', '', '', '', '', '', 'http://www.thielschiller.biz/', 'http://www.tremblaydaniel.info/', '2001-03-05 10:03:25'),
(244, 'Officia et odio vitae est omnis.', 'Possimus excepturi e', 6, 244, 320104, '', '', '', '', '', '', '', '', 'http://darerippin.org/', 'http://www.breitenberg.com/', '2009-05-02 12:57:06'),
(245, 'In aut consequuntur ab.', 'Quia libero vel aut ', 7, 245, 320105, '', '', '', '', '', '', '', '', 'http://johnston.com/', 'http://www.botsford.net/', '1995-07-07 07:18:01'),
(246, 'Voluptatum et qui commodi in vel.', 'Labore magnam nemo e', 1, 246, 320106, '', '', '', '', '', '', '', '', 'http://pfannerstill.com/', 'http://wilkinson.com/', '2008-01-10 20:50:43'),
(247, 'Modi est qui eaque voluptates.', 'Cumque unde deleniti', 2, 247, 320107, '', '', '', '', '', '', '', '', 'http://sporer.com/', 'http://www.rowe.net/', '2010-07-16 17:53:38'),
(248, 'Nulla vel qui iste qui.', 'Sit odit enim eius c', 3, 248, 320108, '', '', '', '', '', '', '', '', 'http://www.huelstoy.com/', 'http://www.stracke.com/', '1997-12-05 06:39:41'),
(249, 'Ut aut delectus.', 'Ipsum recusandae ape', 4, 249, 320109, '', '', '', '', '', '', '', '', 'http://cruickshank.com/', 'http://www.hermann.com/', '1993-10-24 07:36:04'),
(250, 'Et accusamus facilis sequi fugit.', 'Quia nam beatae ad. ', 5, 250, 320110, '', '', '', '', '', '', '', '', 'http://www.schaden.net/', 'http://www.trompkutch.info/', '2012-11-24 11:53:57'),
(251, 'Vel numquam quam debitis dolorem.', 'Eaque accusamus veli', 6, 251, 320111, '', '', '', '', '', '', '', '', 'http://bauch.com/', 'http://www.corkerywiza.info/', '1999-08-30 05:41:23'),
(252, 'Aut voluptatibus fuga quo est et.', 'Ut voluptatem sint p', 7, 252, 320112, '', '', '', '', '', '', '', '', 'http://www.purdymetz.com/', 'http://corwin.info/', '2017-03-16 17:04:55'),
(253, 'Voluptas rerum dolorem voluptatem delectus qui.', 'Nam et veritatis har', 1, 253, 320113, '', '', '', '', '', '', '', '', 'http://www.jones.com/', 'http://gerhold.com/', '1988-11-25 11:59:37'),
(254, 'Libero ut illo sint odit.', 'Ut sunt qui dolorum.', 2, 254, 320114, '', '', '', '', '', '', '', '', 'http://osinski.com/', 'http://parisiannader.biz/', '1971-09-11 03:35:06'),
(255, 'Temporibus possimus molestias eveniet.', 'Quisquam cumque volu', 3, 255, 320115, '', '', '', '', '', '', '', '', 'http://www.bednar.com/', 'http://veumboyle.com/', '1972-09-24 09:01:02'),
(256, 'Repudiandae corporis rem.', 'Tempora soluta moles', 4, 256, 320116, '', '', '', '', '', '', '', '', 'http://www.zemlak.com/', 'http://dubuque.com/', '2021-02-11 18:15:41'),
(257, 'Temporibus minus distinctio sit quis.', 'Eligendi inventore h', 5, 257, 320117, '', '', '', '', '', '', '', '', 'http://www.schneider.org/', 'http://www.willms.com/', '1990-08-26 13:43:20'),
(258, 'Modi rerum occaecati hic suscipit.', 'Consequuntur exceptu', 6, 258, 320118, '', '', '', '', '', '', '', '', 'http://schinner.biz/', 'http://www.spencer.net/', '2012-12-25 05:21:24'),
(259, 'Reprehenderit nemo adipisci voluptatibus.', 'Repellat iure fugiat', 7, 259, 320119, '', '', '', '', '', '', '', '', 'http://www.heathcote.org/', 'http://walkerdouglas.com/', '2005-04-10 21:56:26'),
(260, 'Delectus cum sed nemo doloribus.', 'Quo cumque nam quibu', 1, 260, 320120, '', '', '', '', '', '', '', '', 'http://rutherford.net/', 'http://www.hellersipes.com/', '2002-12-29 13:17:46'),
(261, 'Ducimus aliquid maxime dolores ratione.', 'Id nostrum ratione i', 2, 261, 320121, '', '', '', '', '', '', '', '', 'http://www.herzog.com/', 'http://pagac.org/', '2017-09-23 02:56:20'),
(262, 'Et est aut dolore harum quia.', 'Illo cupiditate occa', 3, 262, 320122, '', '', '', '', '', '', '', '', 'http://konopelski.biz/', 'http://www.rowe.info/', '1973-08-26 21:11:40'),
(263, 'Voluptate incidunt deleniti dicta.', 'Qui exercitationem d', 4, 263, 320123, '', '', '', '', '', '', '', '', 'http://www.legros.org/', 'http://ortiz.com/', '2022-05-28 20:06:29'),
(264, 'Et illo vel accusamus officiis.', 'Illum iure sit quia ', 5, 264, 320124, '', '', '', '', '', '', '', '', 'http://www.rutherford.com/', 'http://www.reinger.biz/', '1994-08-31 12:37:01');
INSERT INTO `inovasi` (`id_inovasi`, `nama_inovasi`, `status_inovasi`, `id_bidang_inovasi`, `id_inovator`, `id_kecamatan`, `deskripsi`, `penjaringan_ide`, `manfaat_inovasi`, `dampak_inovasi`, `proposal_inovasi`, `dokumentasi_inovasi`, `foto_inovator`, `foto_inovasi`, `link_medsos`, `video_link_youtube`, `created_at`) VALUES
(265, 'Quia animi praesentium quia.', 'Amet labore ipsa dol', 6, 265, 320125, '', '', '', '', '', '', '', '', 'http://www.lemkemayert.com/', 'http://www.hayes.com/', '1979-11-20 06:33:27'),
(266, 'Facere voluptatem quia eum.', 'Possimus et nihil at', 7, 266, 320126, '', '', '', '', '', '', '', '', 'http://www.kuhn.net/', 'http://dubuque.com/', '1971-02-14 04:30:03'),
(267, 'Voluptatem modi delectus.', 'Minima est nemo a et', 1, 267, 320127, '', '', '', '', '', '', '', '', 'http://www.langworth.com/', 'http://www.waelchi.net/', '2007-07-15 13:55:15'),
(268, 'Rerum non dolorum exercitationem necessitatibus.', 'Voluptas et autem qu', 2, 268, 320128, '', '', '', '', '', '', '', '', 'http://www.wilkinsongoldner.org/', 'http://hauck.com/', '1981-05-31 21:44:57'),
(269, 'Aspernatur modi esse laborum.', 'Rerum nihil at moles', 3, 269, 320129, '', '', '', '', '', '', '', '', 'http://renner.biz/', 'http://www.wiegandrenner.com/', '1991-04-24 05:27:19'),
(270, 'Labore consequatur sit et.', 'Accusantium omnis pr', 4, 270, 320130, '', '', '', '', '', '', '', '', 'http://www.kshlerin.com/', 'http://www.walker.com/', '1989-08-09 15:20:50'),
(271, 'Eum minima facilis dolores placeat in.', 'Et cupiditate provid', 5, 271, 320131, '', '', '', '', '', '', '', '', 'http://www.haley.net/', 'http://www.blandakoepp.biz/', '2020-05-04 15:19:40'),
(272, 'Accusantium esse maiores atque recusandae.', 'Et totam veniam pers', 6, 272, 320132, '', '', '', '', '', '', '', '', 'http://www.dubuquedietrich.com/', 'http://walker.com/', '2006-09-30 03:18:32'),
(273, 'Et blanditiis animi.', 'Amet ex fugiat cum s', 7, 273, 320133, '', '', '', '', '', '', '', '', 'http://wisozk.com/', 'http://welch.com/', '1998-10-14 07:01:24'),
(274, 'Ea non voluptatibus corporis.', 'Distinctio est harum', 1, 274, 320134, '', '', '', '', '', '', '', '', 'http://deckowmann.org/', 'http://shanahan.com/', '2001-11-14 21:15:45'),
(275, 'Magni earum omnis.', 'Architecto et itaque', 2, 275, 320135, '', '', '', '', '', '', '', '', 'http://www.sauer.com/', 'http://dietrich.com/', '2012-12-11 10:37:35'),
(276, 'Molestias odit pariatur iure.', 'In dolorem voluptate', 3, 276, 320136, '', '', '', '', '', '', '', '', 'http://www.padberg.com/', 'http://www.watersjones.com/', '2017-12-14 20:34:11'),
(277, 'Quo molestias et quia voluptatum sit.', 'Est tenetur esse rem', 4, 277, 320137, '', '', '', '', '', '', '', '', 'http://www.lubowitz.com/', 'http://goyetteoberbrunner.org/', '1973-11-13 09:50:06'),
(278, 'Est labore qui est ea sint.', 'Labore amet incidunt', 5, 278, 320138, '', '', '', '', '', '', '', '', 'http://kuphal.info/', 'http://www.krisnitzsche.com/', '2020-06-06 23:39:52'),
(279, 'Necessitatibus laboriosam aut sit sed repudiandae.', 'Omnis vel voluptas e', 6, 279, 320139, '', '', '', '', '', '', '', '', 'http://koch.org/', 'http://www.collierdaugherty.net/', '1984-06-29 06:29:01'),
(280, 'Occaecati vel expedita sapiente rerum.', 'Et placeat aut culpa', 7, 280, 320140, '', '', '', '', '', '', '', '', 'http://www.tremblay.com/', 'http://rippin.com/', '2008-02-04 03:31:09'),
(281, 'Tenetur aperiam ullam.', 'Commodi sint laborio', 1, 281, 320101, '', '', '', '', '', '', '', '', 'http://armstronggaylord.info/', 'http://www.tromp.com/', '1988-03-31 18:00:04'),
(282, 'Molestiae error cumque qui quis.', 'Totam ipsum quisquam', 2, 282, 320102, '', '', '', '', '', '', '', '', 'http://www.moencummerata.com/', 'http://cormier.com/', '1983-04-26 03:05:05'),
(283, 'Sit et eum officia.', 'Nihil ut amet nesciu', 3, 283, 320103, '', '', '', '', '', '', '', '', 'http://lynch.org/', 'http://www.gerholdquigley.com/', '2007-08-25 17:01:00'),
(284, 'Fugit officia commodi deserunt.', 'Minus qui a ut aperi', 4, 284, 320104, '', '', '', '', '', '', '', '', 'http://www.romaguera.com/', 'http://mcdermott.com/', '1992-02-06 18:24:53'),
(285, 'Minima sit ut recusandae natus.', 'Omnis voluptate even', 5, 285, 320105, '', '', '', '', '', '', '', '', 'http://considine.org/', 'http://www.klein.com/', '2011-07-12 11:37:24'),
(286, 'Ducimus vero adipisci.', 'Nisi voluptas sed et', 6, 286, 320106, '', '', '', '', '', '', '', '', 'http://www.leuschke.com/', 'http://www.hahn.com/', '1984-04-10 22:49:30'),
(287, 'Fugit culpa aut sed.', 'Reprehenderit earum ', 7, 287, 320107, '', '', '', '', '', '', '', '', 'http://lang.com/', 'http://reingerkris.biz/', '1985-05-14 20:12:59'),
(288, 'Enim et voluptas rerum similique rem.', 'Porro molestiae ea e', 1, 288, 320108, '', '', '', '', '', '', '', '', 'http://www.pagac.info/', 'http://witting.com/', '2020-12-22 05:18:58'),
(289, 'Expedita quia quis ea.', 'Et error rerum digni', 2, 289, 320109, '', '', '', '', '', '', '', '', 'http://www.abernathy.com/', 'http://www.gibson.info/', '2013-05-13 08:39:44'),
(290, 'Est unde in amet.', 'Atque sed qui volupt', 3, 290, 320110, '', '', '', '', '', '', '', '', 'http://keebler.com/', 'http://bechtelar.com/', '1970-09-04 11:04:55'),
(291, 'Nemo inventore excepturi.', 'Aut quaerat tempore ', 4, 291, 320111, '', '', '', '', '', '', '', '', 'http://lebsack.org/', 'http://huelolson.com/', '1978-11-19 01:04:05'),
(292, 'Doloribus et accusantium excepturi.', 'Architecto eligendi ', 5, 292, 320112, '', '', '', '', '', '', '', '', 'http://batz.biz/', 'http://www.lakin.com/', '1991-12-20 13:24:09'),
(293, 'Provident atque architecto odio accusamus sit.', 'Numquam inventore so', 6, 293, 320113, '', '', '', '', '', '', '', '', 'http://goyette.info/', 'http://oreilly.com/', '2021-02-14 08:31:32'),
(294, 'Quo omnis quos.', 'Iusto explicabo vero', 7, 294, 320114, '', '', '', '', '', '', '', '', 'http://russel.com/', 'http://hauck.net/', '1977-06-02 13:59:10'),
(295, 'Numquam sed veritatis exercitationem aperiam.', 'Eveniet rerum dicta ', 1, 295, 320115, '', '', '', '', '', '', '', '', 'http://www.labadie.info/', 'http://www.farrell.net/', '2007-01-07 16:57:14'),
(296, 'Aspernatur qui rerum repellendus quia.', 'Debitis ullam incidu', 2, 296, 320116, '', '', '', '', '', '', '', '', 'http://www.lynch.biz/', 'http://www.rowe.info/', '1981-09-21 10:30:23'),
(297, 'Libero voluptas qui pariatur.', 'Voluptatibus aliquid', 3, 297, 320117, '', '', '', '', '', '', '', '', 'http://larkin.com/', 'http://www.wintheiser.net/', '1987-01-31 17:33:14'),
(298, 'Iste necessitatibus commodi quasi et.', 'Voluptatum dolore no', 4, 298, 320118, '', '', '', '', '', '', '', '', 'http://graham.info/', 'http://www.kassulke.com/', '1973-07-11 19:52:55'),
(299, 'Commodi saepe voluptate.', 'Dolorem deleniti sed', 5, 299, 320119, '', '', '', '', '', '', '', '', 'http://www.watsica.com/', 'http://simonis.org/', '1993-12-06 00:58:08'),
(300, 'Voluptatem aut eos impedit.', 'Qui autem cumque odi', 6, 300, 320120, '', '', '', '', '', '', '', '', 'http://www.schuster.net/', 'http://braunkirlin.biz/', '1982-06-19 14:51:36'),
(301, 'Consequatur dolores error amet et velit.', 'Reprehenderit quia a', 7, 301, 320121, '', '', '', '', '', '', '', '', 'http://wintheisersporer.org/', 'http://www.kreigerdare.com/', '1988-06-21 13:57:04'),
(302, 'Debitis asperiores quo.', 'Ipsa omnis sed cumqu', 1, 302, 320122, '', '', '', '', '', '', '', '', 'http://www.howe.com/', 'http://watsica.info/', '2001-09-23 06:45:49'),
(303, 'Voluptas quibusdam atque.', 'Est quis tempora ill', 2, 303, 320123, '', '', '', '', '', '', '', '', 'http://runolfssonhudson.org/', 'http://strosin.com/', '2012-09-07 05:17:18'),
(304, 'Beatae ipsa ipsa quasi debitis dolor.', 'Aut nihil maiores du', 3, 304, 320124, '', '', '', '', '', '', '', '', 'http://witting.info/', 'http://www.pricebosco.net/', '1992-12-05 08:54:26'),
(305, 'Aut recusandae quidem.', 'Provident sit ullam ', 4, 305, 320125, '', '', '', '', '', '', '', '', 'http://www.shields.com/', 'http://paucek.info/', '2018-03-04 22:53:18'),
(306, 'Ducimus velit voluptatem vel.', 'Ea corporis quo dolo', 5, 306, 320126, '', '', '', '', '', '', '', '', 'http://www.wilderman.org/', 'http://langworth.com/', '1978-01-12 09:20:18'),
(307, 'Aut iste provident optio.', 'Voluptatibus non ea ', 6, 307, 320127, '', '', '', '', '', '', '', '', 'http://www.lebsackbarrows.org/', 'http://gleasonkunde.org/', '1984-03-16 07:37:30'),
(308, 'Assumenda dolor et at.', 'Mollitia magni odit ', 7, 308, 320128, '', '', '', '', '', '', '', '', 'http://www.trantow.com/', 'http://powlowski.com/', '2016-10-19 07:55:34'),
(309, 'Alias aliquid velit et mollitia.', 'Numquam tempore pari', 1, 309, 320129, '', '', '', '', '', '', '', '', 'http://sanfordstehr.com/', 'http://medhurstshields.com/', '1975-08-22 23:16:12'),
(310, 'Ipsa occaecati quisquam deleniti.', 'Odit quia exercitati', 2, 310, 320130, '', '', '', '', '', '', '', '', 'http://halvorson.net/', 'http://www.rolfsongreen.com/', '1992-04-20 22:26:11'),
(311, 'Quidem est et doloribus quisquam aspernatur.', 'Accusamus perspiciat', 3, 311, 320131, '', '', '', '', '', '', '', '', 'http://www.keeling.biz/', 'http://www.kovacekjacobson.info/', '1977-10-03 05:51:21'),
(312, 'Asperiores placeat voluptatem.', 'Architecto et neque ', 4, 312, 320132, '', '', '', '', '', '', '', '', 'http://smitham.com/', 'http://padbergkoelpin.com/', '2020-02-17 10:52:48'),
(313, 'Ut inventore vitae nihil.', 'Dicta enim mollitia ', 5, 313, 320133, '', '', '', '', '', '', '', '', 'http://www.adams.net/', 'http://keelingnikolaus.net/', '1991-03-06 08:07:40'),
(314, 'Incidunt odit voluptas ullam doloremque.', 'Perspiciatis sint eo', 6, 314, 320134, '', '', '', '', '', '', '', '', 'http://kuhicnienow.com/', 'http://www.schmidt.info/', '1988-10-29 23:30:10'),
(315, 'Eius delectus excepturi nobis rem.', 'Autem ullam voluptat', 7, 315, 320135, '', '', '', '', '', '', '', '', 'http://www.deckow.com/', 'http://www.cole.com/', '2007-06-16 04:56:32'),
(316, 'Consectetur nam dicta quis.', 'Sed voluptatem adipi', 1, 316, 320136, '', '', '', '', '', '', '', '', 'http://leuschke.info/', 'http://www.ward.info/', '1978-01-25 01:43:30'),
(317, 'Accusantium debitis incidunt.', 'Ducimus sint et eum ', 2, 317, 320137, '', '', '', '', '', '', '', '', 'http://www.mayertsauer.com/', 'http://www.howellkertzmann.com/', '2016-03-11 17:07:45'),
(318, 'In necessitatibus reprehenderit rerum exercitationem sed.', 'A dolor facilis dict', 3, 318, 320138, '', '', '', '', '', '', '', '', 'http://www.klocko.com/', 'http://www.zulauf.com/', '1996-06-17 23:35:49'),
(319, 'Iure iusto at tempore est.', 'Omnis omnis nisi ut ', 4, 319, 320139, '', '', '', '', '', '', '', '', 'http://www.bernhardlang.com/', 'http://lesch.org/', '2010-05-02 20:40:23'),
(320, 'Sint voluptatum et et provident dolores.', 'Facilis unde molliti', 5, 320, 320140, '', '', '', '', '', '', '', '', 'http://www.torp.com/', 'http://www.mante.org/', '2021-10-11 05:56:43'),
(321, 'Nihil ab quidem qui et aut.', 'Eum repellendus quid', 6, 321, 320101, '', '', '', '', '', '', '', '', 'http://www.luettgen.com/', 'http://www.bruen.info/', '1996-12-12 17:32:05'),
(322, 'Eveniet sint rem quis voluptatem.', 'Laboriosam cumque as', 7, 322, 320102, '', '', '', '', '', '', '', '', 'http://kihnmitchell.biz/', 'http://www.konopelskidickens.com/', '2009-06-26 01:43:44'),
(323, 'Adipisci doloremque dolore quam.', 'Et maiores aut ut bl', 1, 323, 320103, '', '', '', '', '', '', '', '', 'http://bauch.com/', 'http://raynorbechtelar.info/', '2017-10-13 18:00:13'),
(324, 'Praesentium omnis unde laborum hic magni.', 'Quo consequuntur eiu', 2, 324, 320104, '', '', '', '', '', '', '', '', 'http://osinski.org/', 'http://www.steuberhayes.com/', '2013-04-21 15:42:03'),
(325, 'Blanditiis quia error incidunt numquam.', 'Sit accusantium reru', 3, 325, 320105, '', '', '', '', '', '', '', '', 'http://rathbeer.com/', 'http://rennerjerde.com/', '2007-12-08 20:04:45'),
(326, 'Non minima repellat accusantium id natus.', 'Quibusdam ipsum laud', 4, 326, 320106, '', '', '', '', '', '', '', '', 'http://gutmann.com/', 'http://corwin.com/', '1997-05-25 00:55:26'),
(327, 'Excepturi unde sint.', 'Cum et corrupti aute', 5, 327, 320107, '', '', '', '', '', '', '', '', 'http://www.reynolds.com/', 'http://www.schmidt.com/', '2007-03-12 18:26:24'),
(328, 'Eos quam temporibus.', 'Repellendus deleniti', 6, 328, 320108, '', '', '', '', '', '', '', '', 'http://schinner.com/', 'http://www.ohara.net/', '1994-10-14 03:58:38'),
(329, 'Dolorum dolores earum veritatis officia.', 'Rem enim esse volupt', 7, 329, 320109, '', '', '', '', '', '', '', '', 'http://www.johns.info/', 'http://www.gerholdzemlak.biz/', '2020-12-11 17:16:24'),
(330, 'Minima molestiae saepe quam.', 'Et distinctio eum qu', 1, 330, 320110, '', '', '', '', '', '', '', '', 'http://www.wolf.com/', 'http://mills.com/', '1975-12-15 19:52:24'),
(331, 'Quaerat dolor iste impedit.', 'Minus expedita neque', 2, 331, 320111, '', '', '', '', '', '', '', '', 'http://nienowhirthe.biz/', 'http://stromanboyer.com/', '1996-09-30 18:47:54'),
(332, 'Iure atque ea excepturi.', 'Eius enim architecto', 3, 332, 320112, '', '', '', '', '', '', '', '', 'http://marquardt.com/', 'http://www.barton.com/', '2005-08-19 07:00:29'),
(333, 'Atque iusto nostrum ipsum quae facere.', 'Minima adipisci nost', 4, 333, 320113, '', '', '', '', '', '', '', '', 'http://www.maggio.com/', 'http://emard.com/', '1999-11-11 10:45:38'),
(334, 'Nobis laudantium praesentium in esse.', 'Eum rem et reiciendi', 5, 334, 320114, '', '', '', '', '', '', '', '', 'http://koch.com/', 'http://www.franecki.net/', '2019-01-13 18:22:53'),
(335, 'Omnis ut voluptatem.', 'Ab minus earum sed d', 6, 335, 320115, '', '', '', '', '', '', '', '', 'http://www.smithoreilly.com/', 'http://www.swaniawski.com/', '2004-05-20 02:17:19'),
(336, 'Maxime eum ut non vero ut.', 'Natus dolores ex lab', 7, 336, 320116, '', '', '', '', '', '', '', '', 'http://www.steuber.com/', 'http://quigley.biz/', '1975-07-02 01:59:02'),
(337, 'In soluta et labore.', 'Quidem vitae non qui', 1, 337, 320117, '', '', '', '', '', '', '', '', 'http://www.veum.com/', 'http://www.hills.biz/', '1980-03-10 15:56:58'),
(338, 'Animi repudiandae et quos deserunt ducimus.', 'Numquam quo facilis ', 2, 338, 320118, '', '', '', '', '', '', '', '', 'http://www.whiteroberts.com/', 'http://crooks.biz/', '2000-04-03 18:14:16'),
(339, 'Magnam ab dicta perferendis culpa.', 'Consequatur animi mo', 3, 339, 320119, '', '', '', '', '', '', '', '', 'http://www.reynolds.biz/', 'http://www.legros.net/', '2014-05-02 13:28:07'),
(340, 'Dicta est eveniet numquam quia.', 'Sunt impedit autem v', 4, 340, 320120, '', '', '', '', '', '', '', '', 'http://bashirianyundt.com/', 'http://www.hyatt.com/', '2019-09-29 15:41:25'),
(341, 'Sint maxime illo rerum illo.', 'Maiores saepe et mol', 5, 341, 320121, '', '', '', '', '', '', '', '', 'http://terrybuckridge.org/', 'http://www.gislason.info/', '1972-12-12 20:27:04'),
(342, 'Atque accusamus molestias cum qui.', 'Vero officia volupta', 6, 342, 320122, '', '', '', '', '', '', '', '', 'http://www.kulas.net/', 'http://www.hettingerbrown.com/', '1979-06-15 02:50:29'),
(343, 'Saepe qui nam.', 'Aut odit laboriosam ', 7, 343, 320123, '', '', '', '', '', '', '', '', 'http://www.douglas.biz/', 'http://www.jakubowskiolson.org/', '1976-06-24 00:19:26'),
(344, 'Cumque facilis ipsa consectetur.', 'A vero commodi incid', 1, 344, 320124, '', '', '', '', '', '', '', '', 'http://gloverlang.org/', 'http://padberg.com/', '1991-11-24 14:42:48'),
(345, 'Nihil molestias et repellendus ut.', 'Quisquam vero omnis ', 2, 345, 320125, '', '', '', '', '', '', '', '', 'http://www.kertzmannbahringer.info/', 'http://www.shanahandickens.com/', '1977-03-23 21:45:29'),
(346, 'Vel quae saepe autem fuga hic.', 'Nihil vel vitae aut ', 3, 346, 320126, '', '', '', '', '', '', '', '', 'http://rodriguezhudson.info/', 'http://www.mertz.com/', '2001-07-08 02:57:38'),
(347, 'Omnis accusamus at.', 'Id earum alias bland', 4, 347, 320127, '', '', '', '', '', '', '', '', 'http://crona.info/', 'http://www.borerbogan.com/', '2016-06-28 16:52:46'),
(348, 'Reiciendis tenetur aperiam sunt et.', 'Doloribus maxime vol', 5, 348, 320128, '', '', '', '', '', '', '', '', 'http://veumbarton.com/', 'http://www.rice.info/', '2021-08-23 21:16:39'),
(349, 'Maiores delectus aut unde.', 'Veniam voluptas poss', 6, 349, 320129, '', '', '', '', '', '', '', '', 'http://jacobson.com/', 'http://kiehn.com/', '1981-10-21 04:12:41'),
(350, 'Laudantium ullam ea quia earum nam.', 'Adipisci ipsum est a', 7, 350, 320130, '', '', '', '', '', '', '', '', 'http://www.gleichner.net/', 'http://www.marquardtstokes.com/', '1981-07-15 07:12:44'),
(351, 'Molestias non culpa dolor voluptatem.', 'Amet fugiat voluptat', 1, 351, 320131, '', '', '', '', '', '', '', '', 'http://www.kihn.com/', 'http://www.monahan.com/', '1974-01-03 19:17:50'),
(352, 'Cupiditate eligendi atque.', 'Et sed sit modi aliq', 2, 352, 320132, '', '', '', '', '', '', '', '', 'http://www.runolfsdottir.com/', 'http://hilll.com/', '2021-04-26 14:00:45'),
(353, 'Fugiat quae ea expedita quam.', 'Aut magnam eos labor', 3, 353, 320133, '', '', '', '', '', '', '', '', 'http://www.ernserrolfson.com/', 'http://www.hamillwiegand.com/', '2001-08-14 05:29:47'),
(354, 'Nemo qui molestias.', 'Vel libero deleniti ', 4, 354, 320134, '', '', '', '', '', '', '', '', 'http://www.kreigerconnelly.com/', 'http://www.schowalter.com/', '2017-08-09 03:31:14'),
(355, 'Sed repudiandae impedit consequatur aliquam.', 'Et veritatis aut sed', 5, 355, 320135, '', '', '', '', '', '', '', '', 'http://www.weber.com/', 'http://www.schmelerthompson.net/', '2008-02-17 19:25:11'),
(356, 'Quos quia quod voluptas laudantium.', 'Rerum ut sit dolorum', 6, 356, 320136, '', '', '', '', '', '', '', '', 'http://www.gerlach.com/', 'http://rutherfordsatterfield.info/', '1977-08-21 22:22:15'),
(357, 'Rerum expedita dolorem cupiditate distinctio.', 'Harum sunt rerum qui', 7, 357, 320137, '', '', '', '', '', '', '', '', 'http://runterowe.com/', 'http://www.gutkowski.info/', '2009-04-26 00:26:04'),
(358, 'Voluptas rem explicabo aliquid.', 'Harum laudantium vit', 1, 358, 320138, '', '', '', '', '', '', '', '', 'http://www.gerhold.info/', 'http://robertsdoyle.com/', '1992-09-22 03:32:19'),
(359, 'Ut ea a ipsa voluptatem ad.', 'Optio perspiciatis s', 2, 359, 320139, '', '', '', '', '', '', '', '', 'http://www.hane.info/', 'http://www.gaylord.com/', '1971-11-07 22:37:56'),
(360, 'Et reiciendis sunt et id ut.', 'Quas ut vero consect', 3, 360, 320140, '', '', '', '', '', '', '', '', 'http://ortiz.com/', 'http://price.org/', '2002-05-27 13:43:07'),
(361, 'Dolor aut eius quasi eos.', 'Unde libero blanditi', 4, 361, 320101, '', '', '', '', '', '', '', '', 'http://www.morissettesimonis.biz/', 'http://hintz.info/', '1980-07-27 05:37:56'),
(362, 'Rerum adipisci aut dolorem distinctio nam.', 'Porro iure nihil dol', 5, 362, 320102, '', '', '', '', '', '', '', '', 'http://www.homenick.com/', 'http://tromp.com/', '2007-01-12 13:05:33'),
(363, 'Omnis esse ex ad rerum.', 'Dolor atque id et qu', 6, 363, 320103, '', '', '', '', '', '', '', '', 'http://jerdegoldner.com/', 'http://www.wildermanryan.net/', '2016-07-07 11:21:16'),
(364, 'Quis quasi dolorum eius sed.', 'Eum aliquam magni en', 7, 364, 320104, '', '', '', '', '', '', '', '', 'http://johns.biz/', 'http://www.ullrichbogan.com/', '2012-03-16 06:00:09'),
(365, 'Nisi distinctio accusantium.', 'Quia ab quos qui eos', 1, 365, 320105, '', '', '', '', '', '', '', '', 'http://dickinson.info/', 'http://www.bradtke.com/', '2004-08-20 13:00:40'),
(366, 'Voluptatem consequuntur vel vel veritatis mollitia.', 'Sint rerum cumque vo', 2, 366, 320106, '', '', '', '', '', '', '', '', 'http://weber.com/', 'http://windlerwalker.com/', '2000-04-22 08:41:49'),
(367, 'Repudiandae occaecati aspernatur.', 'Autem quia et evenie', 3, 367, 320107, '', '', '', '', '', '', '', '', 'http://www.ortizbogisich.com/', 'http://www.jacobson.org/', '2007-07-04 11:16:49'),
(368, 'Aliquid ipsum ad molestias ad voluptatem.', 'Non odit ut et id no', 4, 368, 320108, '', '', '', '', '', '', '', '', 'http://schmittwisoky.info/', 'http://www.faysporer.com/', '1980-03-14 17:40:41'),
(369, 'Repellendus dolor laboriosam velit.', 'Facilis natus qui au', 5, 369, 320109, '', '', '', '', '', '', '', '', 'http://wiegand.com/', 'http://www.lemke.com/', '2006-06-15 00:06:13'),
(370, 'Cum aut ea.', 'Cupiditate eos in ni', 6, 370, 320110, '', '', '', '', '', '', '', '', 'http://www.casper.com/', 'http://breitenberg.com/', '1993-06-20 06:05:58'),
(371, 'Optio minima accusantium velit.', 'Repellat dolores et ', 7, 371, 320111, '', '', '', '', '', '', '', '', 'http://durgan.org/', 'http://www.mcglynnhirthe.biz/', '2017-06-06 12:34:40'),
(372, 'Ipsum laboriosam aut provident.', 'Quam aut aut eos cor', 1, 372, 320112, '', '', '', '', '', '', '', '', 'http://bailey.com/', 'http://okon.info/', '2005-08-17 22:07:06'),
(373, 'Perferendis repellat est voluptate ipsa.', 'Consequuntur itaque ', 2, 373, 320113, '', '', '', '', '', '', '', '', 'http://www.price.com/', 'http://cristfeest.org/', '2002-04-17 06:38:02'),
(374, 'Quia magni quibusdam iste atque.', 'Veritatis architecto', 3, 374, 320114, '', '', '', '', '', '', '', '', 'http://cormierborer.com/', 'http://durgan.info/', '2017-06-24 15:38:46'),
(375, 'Dolorum minima tempore.', 'Quia magnam consequa', 4, 375, 320115, '', '', '', '', '', '', '', '', 'http://www.effertz.info/', 'http://www.jacobsondavis.com/', '1993-07-30 04:06:47'),
(376, 'Non sint odit ex est.', 'Qui consequatur aspe', 5, 376, 320116, '', '', '', '', '', '', '', '', 'http://www.grant.com/', 'http://www.wittingjerde.info/', '1974-08-14 03:43:42'),
(377, 'Laudantium rerum assumenda sunt.', 'Reiciendis reiciendi', 6, 377, 320117, '', '', '', '', '', '', '', '', 'http://www.goodwin.com/', 'http://www.walteraltenwerth.biz/', '2006-06-01 21:59:03'),
(378, 'Inventore nam est officiis.', 'Ut quo et in sit. Po', 7, 378, 320118, '', '', '', '', '', '', '', '', 'http://www.hamill.com/', 'http://bergstrom.com/', '1970-01-29 08:52:50'),
(379, 'Voluptatem et est porro tempore.', 'Distinctio deserunt ', 1, 379, 320119, '', '', '', '', '', '', '', '', 'http://www.hackett.com/', 'http://www.douglas.com/', '1978-07-20 23:08:19'),
(380, 'Voluptate nobis voluptas ut eveniet.', 'Sunt blanditiis beat', 2, 380, 320120, '', '', '', '', '', '', '', '', 'http://www.brekkeprosacco.com/', 'http://swaniawskilittel.net/', '1997-02-12 20:34:15'),
(381, 'Soluta error est voluptatum et.', 'A quos commodi id ex', 3, 381, 320121, '', '', '', '', '', '', '', '', 'http://www.prohaska.biz/', 'http://fisher.com/', '2005-07-13 00:29:49'),
(382, 'Eaque quod quasi autem ut.', 'Eum ex quia quae dol', 4, 382, 320122, '', '', '', '', '', '', '', '', 'http://labadie.com/', 'http://www.mueller.com/', '1995-10-02 19:56:35'),
(383, 'Sit possimus temporibus.', 'Sunt deleniti ut vol', 5, 383, 320123, '', '', '', '', '', '', '', '', 'http://hyatt.com/', 'http://grimes.org/', '2007-03-07 04:47:03'),
(384, 'Eveniet et doloremque error.', 'Aut dolor nesciunt v', 6, 384, 320124, '', '', '', '', '', '', '', '', 'http://leffler.com/', 'http://ritchielebsack.com/', '1979-05-24 09:26:22'),
(385, 'Voluptas explicabo ratione nemo odit commodi.', 'Nihil doloribus exce', 7, 385, 320125, '', '', '', '', '', '', '', '', 'http://dietrich.com/', 'http://kunzeschimmel.org/', '1983-02-09 20:10:27'),
(386, 'Voluptatem et aut cum temporibus.', 'Deserunt dolorem nat', 1, 386, 320126, '', '', '', '', '', '', '', '', 'http://sipes.org/', 'http://handdenesik.com/', '1974-03-04 07:20:40'),
(387, 'Velit non repudiandae.', 'Eos at autem in. Del', 2, 387, 320127, '', '', '', '', '', '', '', '', 'http://www.quigley.net/', 'http://www.mclaughlin.info/', '2017-01-07 02:55:11'),
(388, 'Nobis tenetur fugit et dignissimos aut.', 'Sint officia aut tem', 3, 388, 320128, '', '', '', '', '', '', '', '', 'http://www.jones.biz/', 'http://www.pfannerstill.org/', '1979-07-21 15:11:19'),
(389, 'Nesciunt sunt officiis libero vel.', 'Laborum omnis id qua', 4, 389, 320129, '', '', '', '', '', '', '', '', 'http://www.sipes.com/', 'http://hilll.com/', '2017-09-20 21:08:44'),
(390, 'Voluptas eos earum unde unde magnam.', 'Nostrum recusandae f', 5, 390, 320130, '', '', '', '', '', '', '', '', 'http://www.sipesreynolds.com/', 'http://hicklekutch.com/', '2011-03-21 02:43:03'),
(391, 'Sapiente eius optio ut.', 'Et consequuntur volu', 6, 391, 320131, '', '', '', '', '', '', '', '', 'http://www.ondrickajast.com/', 'http://kunze.biz/', '1991-12-04 08:30:25'),
(392, 'Cum id illum veniam sint.', 'Sequi voluptatem ull', 7, 392, 320132, '', '', '', '', '', '', '', '', 'http://hamillrau.biz/', 'http://abbottrunte.org/', '1973-03-03 07:41:07'),
(393, 'Incidunt aliquam ipsa soluta.', 'Nihil sit quia minus', 1, 393, 320133, '', '', '', '', '', '', '', '', 'http://marvinschulist.com/', 'http://torp.org/', '1980-06-06 08:07:33'),
(394, 'Corporis commodi totam eaque.', 'Eligendi optio omnis', 2, 394, 320134, '', '', '', '', '', '', '', '', 'http://www.goldner.biz/', 'http://www.markslind.com/', '1981-11-01 05:19:04'),
(395, 'Eveniet molestiae voluptatibus fuga est.', 'Quia esse repudianda', 3, 395, 320135, '', '', '', '', '', '', '', '', 'http://goodwin.com/', 'http://lebsack.net/', '2008-10-02 18:06:53'),
(396, 'Nemo ea accusantium nesciunt.', 'Dolorum omnis harum ', 4, 396, 320136, '', '', '', '', '', '', '', '', 'http://www.gleichner.com/', 'http://www.okeefemonahan.org/', '1990-12-24 20:30:30'),
(397, 'Voluptates ea sed ea.', 'Maxime repellendus r', 5, 397, 320137, '', '', '', '', '', '', '', '', 'http://jaskolski.net/', 'http://www.torphy.com/', '1993-12-14 03:29:30'),
(398, 'Sequi et quo ducimus vel.', 'Inventore veritatis ', 6, 398, 320138, '', '', '', '', '', '', '', '', 'http://leannonreynolds.com/', 'http://abbott.com/', '2008-10-15 02:03:18'),
(399, 'Laborum quas et aut.', 'Deserunt id enim rep', 7, 399, 320139, '', '', '', '', '', '', '', '', 'http://nolan.org/', 'http://howe.com/', '1975-01-22 23:54:01'),
(400, 'Nam nam et non reiciendis harum.', 'Amet quo vel modi do', 1, 400, 320140, '', '', '', '', '', '', '', '', 'http://brownjerde.info/', 'http://www.hammes.com/', '1972-01-06 23:06:39'),
(401, 'Illo ut aut vel.', 'Impedit quia qui mag', 2, 401, 320101, '', '', '', '', '', '', '', '', 'http://douglasbernier.org/', 'http://www.botsford.info/', '2011-02-10 13:12:36'),
(402, 'Odit officia vero tempora et quasi.', 'Ut aut nulla labore ', 3, 402, 320102, '', '', '', '', '', '', '', '', 'http://reichel.com/', 'http://www.lindgren.com/', '1973-02-14 14:06:34'),
(403, 'Eveniet reiciendis voluptates voluptas.', 'Nam quis dolor volup', 4, 403, 320103, '', '', '', '', '', '', '', '', 'http://www.cormier.org/', 'http://hegmannbrakus.info/', '2020-09-10 04:27:31'),
(404, 'Sit similique doloribus voluptatem voluptatum.', 'A illo in quibusdam ', 5, 404, 320104, '', '', '', '', '', '', '', '', 'http://www.schroederhagenes.org/', 'http://murphy.info/', '2016-11-29 21:16:19'),
(405, 'Autem placeat et aut rerum.', 'Est molestiae qui ni', 6, 405, 320105, '', '', '', '', '', '', '', '', 'http://www.stehr.com/', 'http://stroman.org/', '2021-12-11 13:49:39'),
(406, 'Nihil recusandae nihil quia.', 'Voluptatem delectus ', 7, 406, 320106, '', '', '', '', '', '', '', '', 'http://buckridgeyost.info/', 'http://gorczanybosco.com/', '1996-04-08 18:04:33'),
(407, 'Et id soluta molestiae.', 'Fugit omnis voluptat', 1, 407, 320107, '', '', '', '', '', '', '', '', 'http://www.heathcote.biz/', 'http://anderson.com/', '1977-06-11 22:51:26'),
(408, 'Eaque necessitatibus rerum qui itaque.', 'Provident minus ex v', 2, 408, 320108, '', '', '', '', '', '', '', '', 'http://sauerkozey.info/', 'http://www.hessel.com/', '2020-12-15 17:36:03'),
(409, 'Et qui voluptas.', 'Recusandae et sapien', 3, 409, 320109, '', '', '', '', '', '', '', '', 'http://www.weissnat.info/', 'http://www.heaney.info/', '1998-08-12 07:40:39'),
(410, 'Officia sunt officiis eos praesentium.', 'Qui voluptatem esse ', 4, 410, 320110, '', '', '', '', '', '', '', '', 'http://goyette.biz/', 'http://marks.info/', '2022-05-14 14:18:20'),
(411, 'Quisquam asperiores molestiae aut et incidunt.', 'Illum harum accusamu', 5, 411, 320111, '', '', '', '', '', '', '', '', 'http://buckridgeharber.biz/', 'http://www.franecki.biz/', '2003-04-20 13:31:28'),
(412, 'Eius fuga et reiciendis.', 'Ad asperiores mollit', 6, 412, 320112, '', '', '', '', '', '', '', '', 'http://www.lubowitz.com/', 'http://kilback.com/', '1978-08-30 11:36:38'),
(413, 'Ut et amet aliquam.', 'Architecto molestiae', 7, 413, 320113, '', '', '', '', '', '', '', '', 'http://www.damore.com/', 'http://www.jenkinswindler.biz/', '1990-07-18 00:37:03'),
(414, 'Atque voluptas accusantium ab.', 'Facilis soluta quos ', 1, 414, 320114, '', '', '', '', '', '', '', '', 'http://walter.biz/', 'http://luettgen.com/', '2006-12-03 12:22:19'),
(415, 'Aut consequuntur consectetur ut harum.', 'Sunt odio voluptatem', 2, 415, 320115, '', '', '', '', '', '', '', '', 'http://www.mayert.com/', 'http://www.padberg.com/', '1975-08-12 09:45:58'),
(416, 'Enim omnis voluptatem non in.', 'Rem quibusdam velit ', 3, 416, 320116, '', '', '', '', '', '', '', '', 'http://www.heidenreich.com/', 'http://www.baumbach.com/', '1973-07-19 02:09:15'),
(417, 'Illum incidunt architecto est expedita.', 'Asperiores unde dolo', 4, 417, 320117, '', '', '', '', '', '', '', '', 'http://watsicalindgren.com/', 'http://www.roberts.com/', '1995-12-31 16:39:41'),
(418, 'Nemo voluptatem aut quaerat excepturi.', 'Saepe dolorum et ips', 5, 418, 320118, '', '', '', '', '', '', '', '', 'http://altenwerth.com/', 'http://www.turner.com/', '1994-11-08 06:02:32'),
(419, 'Voluptas amet voluptatem.', 'Consequatur aliquam ', 6, 419, 320119, '', '', '', '', '', '', '', '', 'http://www.leannonbosco.org/', 'http://www.satterfieldconsidine.com/', '1983-06-27 02:11:23'),
(420, 'Maxime voluptatem et.', 'Qui saepe placeat es', 7, 420, 320120, '', '', '', '', '', '', '', '', 'http://nitzschewest.com/', 'http://www.ward.com/', '1993-01-30 15:31:18'),
(421, 'Inventore dolorem reiciendis dolorem cumque dolores.', 'Aut facilis ut rem i', 1, 421, 320121, '', '', '', '', '', '', '', '', 'http://collins.com/', 'http://tillmanboehm.com/', '2014-12-06 15:52:35'),
(422, 'Ex natus ut accusamus eos.', 'Iure deserunt volupt', 2, 422, 320122, '', '', '', '', '', '', '', '', 'http://johnson.com/', 'http://mccullough.com/', '1983-01-20 04:40:21'),
(423, 'Quisquam magni et animi ratione.', 'Dolor veniam eos exp', 3, 423, 320123, '', '', '', '', '', '', '', '', 'http://aufderhar.biz/', 'http://www.schroederbernhard.com/', '2015-05-09 17:14:55'),
(424, 'Incidunt consectetur molestiae cupiditate quae.', 'Quis qui asperiores ', 4, 424, 320124, '', '', '', '', '', '', '', '', 'http://mcclure.org/', 'http://lindgrenbalistreri.com/', '2002-09-25 06:11:45'),
(425, 'Quia tenetur maxime ipsa.', 'Cum dolore aut et. O', 5, 425, 320125, '', '', '', '', '', '', '', '', 'http://www.stark.net/', 'http://pacochacole.net/', '2017-04-30 02:13:54'),
(426, 'Illum ratione itaque rerum ipsum impedit.', 'Sunt ut eaque tenetu', 6, 426, 320126, '', '', '', '', '', '', '', '', 'http://considineleffler.biz/', 'http://howe.com/', '1997-05-06 05:16:28'),
(427, 'Ducimus qui quam.', 'Eveniet itaque rem n', 7, 427, 320127, '', '', '', '', '', '', '', '', 'http://glover.com/', 'http://www.jacobsonmurray.net/', '2009-06-30 15:29:06'),
(428, 'Cumque tenetur quia nihil molestiae.', 'Excepturi non dolori', 1, 428, 320128, '', '', '', '', '', '', '', '', 'http://www.quitzon.com/', 'http://swift.net/', '2005-09-19 13:29:40'),
(429, 'Qui provident atque neque et.', 'Recusandae magni ips', 2, 429, 320129, '', '', '', '', '', '', '', '', 'http://www.breitenberg.com/', 'http://wiegand.com/', '1985-04-14 08:18:01'),
(430, 'Et repellendus temporibus non laboriosam aperiam.', 'Voluptas est impedit', 3, 430, 320130, '', '', '', '', '', '', '', '', 'http://wisoky.info/', 'http://casperjakubowski.com/', '2006-08-09 15:53:16'),
(431, 'Consectetur rerum voluptas.', 'Et laboriosam eos re', 4, 431, 320131, '', '', '', '', '', '', '', '', 'http://kuhn.com/', 'http://shields.org/', '2018-05-25 04:22:36'),
(432, 'Ratione distinctio maiores.', 'Fugiat consequuntur ', 5, 432, 320132, '', '', '', '', '', '', '', '', 'http://hagenes.info/', 'http://sawayn.com/', '2006-12-13 10:30:00'),
(433, 'Expedita et omnis voluptas.', 'In eum saepe blandit', 6, 433, 320133, '', '', '', '', '', '', '', '', 'http://breitenberg.com/', 'http://www.willtremblay.info/', '1994-11-03 02:10:17'),
(434, 'Ut consequatur quas ea enim.', 'Laborum facilis recu', 7, 434, 320134, '', '', '', '', '', '', '', '', 'http://altenwerth.org/', 'http://kuhlman.com/', '2012-02-24 23:51:17'),
(435, 'Libero sapiente vel fugit in amet.', 'Voluptate voluptates', 1, 435, 320135, '', '', '', '', '', '', '', '', 'http://www.vonruedenauer.com/', 'http://www.mohr.com/', '1998-08-07 08:18:38'),
(436, 'Qui nam illo.', 'Incidunt ut vero del', 2, 436, 320136, '', '', '', '', '', '', '', '', 'http://www.kulas.com/', 'http://hahn.net/', '1991-06-16 08:55:07'),
(437, 'Minus quis laborum.', 'Libero et minima sit', 3, 437, 320137, '', '', '', '', '', '', '', '', 'http://kutchsmitham.info/', 'http://www.murphyherman.info/', '2016-04-11 05:48:21'),
(438, 'Laboriosam rerum dolores qui in.', 'Explicabo tempora li', 4, 438, 320138, '', '', '', '', '', '', '', '', 'http://grady.com/', 'http://reingerwuckert.info/', '1972-02-08 14:42:02'),
(439, 'Similique cum fugiat.', 'Dolor est eaque anim', 5, 439, 320139, '', '', '', '', '', '', '', '', 'http://stamm.com/', 'http://schneider.com/', '2013-10-14 08:41:45'),
(440, 'Et velit earum.', 'Eos sed saepe esse r', 6, 440, 320140, '', '', '', '', '', '', '', '', 'http://johnstonhoppe.com/', 'http://www.jaskolskiwisozk.info/', '1974-05-12 15:27:03'),
(441, 'Commodi voluptas numquam delectus.', 'Fugit eos saepe sunt', 7, 441, 320101, '', '', '', '', '', '', '', '', 'http://rosenbaum.info/', 'http://swaniawskicartwright.com/', '1981-12-10 23:20:07'),
(442, 'Excepturi ut nobis cum dolor.', 'Earum sed ad eum vol', 1, 442, 320102, '', '', '', '', '', '', '', '', 'http://www.schummconn.com/', 'http://ortiz.com/', '1983-09-02 15:50:58'),
(443, 'Sunt vero molestias sint.', 'Dolore laudantium vo', 2, 443, 320103, '', '', '', '', '', '', '', '', 'http://hartmann.com/', 'http://bednar.com/', '1977-11-20 18:33:00'),
(444, 'Est magnam cum.', 'Odio et ad error ist', 3, 444, 320104, '', '', '', '', '', '', '', '', 'http://www.marks.com/', 'http://nikolausemard.com/', '1988-10-31 14:01:53'),
(445, 'Iusto eligendi repellat voluptate maxime.', 'Beatae qui tempore e', 4, 445, 320105, '', '', '', '', '', '', '', '', 'http://jerde.com/', 'http://www.boscowunsch.com/', '2018-02-15 14:46:48'),
(446, 'Debitis adipisci autem.', 'Cum ratione delectus', 5, 446, 320106, '', '', '', '', '', '', '', '', 'http://www.mckenziewest.com/', 'http://www.dach.com/', '1974-06-13 15:03:48'),
(447, 'Sed excepturi deserunt itaque debitis.', 'Alias praesentium qu', 6, 447, 320107, '', '', '', '', '', '', '', '', 'http://rice.com/', 'http://lind.biz/', '1974-03-16 22:28:48'),
(448, 'Minima omnis aut minima.', 'Atque repellendus qu', 7, 448, 320108, '', '', '', '', '', '', '', '', 'http://rempelmcdermott.com/', 'http://altenwerth.com/', '2001-01-25 14:43:52'),
(449, 'Odit qui modi dicta.', 'Velit sint iste cons', 1, 449, 320109, '', '', '', '', '', '', '', '', 'http://www.kozey.com/', 'http://www.schmidt.org/', '1998-02-27 01:16:00'),
(450, 'Quidem dolore qui delectus voluptatibus.', 'Nihil nihil sit in i', 2, 450, 320110, '', '', '', '', '', '', '', '', 'http://ornernser.net/', 'http://www.welch.com/', '2012-01-29 03:40:05'),
(451, 'Rerum qui beatae quo et.', 'Aliquam nihil quia s', 3, 451, 320111, '', '', '', '', '', '', '', '', 'http://schaden.com/', 'http://fisherconnelly.com/', '1986-09-30 01:37:57'),
(452, 'Animi aspernatur et et quae in.', 'Neque ipsam sed pers', 4, 452, 320112, '', '', '', '', '', '', '', '', 'http://beatty.com/', 'http://www.fay.com/', '1998-04-05 20:14:55'),
(453, 'Aut et recusandae officiis sed.', 'Inventore saepe ut c', 5, 453, 320113, '', '', '', '', '', '', '', '', 'http://www.walshjohnson.info/', 'http://fay.com/', '1972-12-23 10:14:19'),
(454, 'Nesciunt quod labore ratione nam.', 'Aut occaecati amet e', 6, 454, 320114, '', '', '', '', '', '', '', '', 'http://www.lowecormier.com/', 'http://keelingkessler.com/', '1980-03-09 05:51:34'),
(455, 'Aut omnis voluptatem illo.', 'Nemo expedita autem ', 7, 455, 320115, '', '', '', '', '', '', '', '', 'http://www.hegmann.info/', 'http://kerluke.com/', '2012-01-10 03:20:30'),
(456, 'Minima nostrum provident facere quo ex.', 'Necessitatibus ab te', 1, 456, 320116, '', '', '', '', '', '', '', '', 'http://buckridge.info/', 'http://www.kuphalratke.com/', '1981-02-09 16:56:35'),
(457, 'Deleniti qui aliquid suscipit.', 'Vel necessitatibus t', 2, 457, 320117, '', '', '', '', '', '', '', '', 'http://kunze.biz/', 'http://ryan.com/', '2017-09-15 00:38:52'),
(458, 'Quibusdam placeat saepe.', 'Autem eligendi liber', 3, 458, 320118, '', '', '', '', '', '', '', '', 'http://www.weimannrogahn.com/', 'http://romaguera.info/', '2000-08-13 05:05:55'),
(459, 'Nihil est odio rerum a.', 'Velit incidunt maior', 4, 459, 320119, '', '', '', '', '', '', '', '', 'http://www.kutchswift.com/', 'http://www.bahringer.com/', '1984-01-20 10:50:45'),
(460, 'Et adipisci consequatur consequatur ipsa.', 'Voluptatem expedita ', 5, 460, 320120, '', '', '', '', '', '', '', '', 'http://www.keebler.com/', 'http://schmitt.info/', '2010-03-21 04:30:44'),
(461, 'Eaque et culpa.', 'Quasi quasi maiores ', 6, 461, 320121, '', '', '', '', '', '', '', '', 'http://www.langosh.biz/', 'http://www.roberts.info/', '1993-06-14 23:03:26'),
(462, 'Aliquam aliquam cum.', 'Similique deserunt e', 7, 462, 320122, '', '', '', '', '', '', '', '', 'http://huelhowe.com/', 'http://abshireshanahan.biz/', '1974-12-10 09:13:36'),
(463, 'Vel veniam iusto animi ut.', 'Vero minima facilis ', 1, 463, 320123, '', '', '', '', '', '', '', '', 'http://www.hagenesprohaska.biz/', 'http://www.zboncakwisozk.com/', '2011-04-21 01:21:15'),
(464, 'Consectetur accusamus ea odit.', 'Sed officia quia dol', 2, 464, 320124, '', '', '', '', '', '', '', '', 'http://stracke.org/', 'http://huel.net/', '1991-04-02 03:32:56'),
(465, 'Laudantium cupiditate sunt enim.', 'Quod architecto occa', 3, 465, 320125, '', '', '', '', '', '', '', '', 'http://www.haleyhills.biz/', 'http://strosin.org/', '2015-05-07 01:10:47'),
(466, 'Officia quis tempore.', 'Hic earum commodi ut', 4, 466, 320126, '', '', '', '', '', '', '', '', 'http://connmclaughlin.com/', 'http://www.johnsolson.com/', '1970-03-11 11:38:08'),
(467, 'Blanditiis laborum et aperiam numquam labore.', 'Libero nisi unde rep', 5, 467, 320127, '', '', '', '', '', '', '', '', 'http://www.miller.com/', 'http://www.douglasfranecki.com/', '2019-04-27 01:18:20'),
(468, 'Voluptatem ut rerum doloribus.', 'Aperiam laborum eos ', 6, 468, 320128, '', '', '', '', '', '', '', '', 'http://www.hansenzieme.com/', 'http://www.morissetterosenbaum.org/', '1999-02-05 05:50:35'),
(469, 'Corrupti illum eos similique.', 'Et ea quo officia. D', 7, 469, 320129, '', '', '', '', '', '', '', '', 'http://reichel.biz/', 'http://swift.com/', '1987-07-05 07:10:08'),
(470, 'Inventore ut omnis sed fuga.', 'Aperiam ratione aspe', 1, 470, 320130, '', '', '', '', '', '', '', '', 'http://nienowmoen.com/', 'http://www.kutch.net/', '2001-04-04 13:19:43'),
(471, 'Sit quo aut voluptatem delectus.', 'Sed dolores neque co', 2, 471, 320131, '', '', '', '', '', '', '', '', 'http://www.kiehn.com/', 'http://www.howe.com/', '1988-04-11 21:51:24'),
(472, 'Consequatur voluptatem aliquam dolorem.', 'Quia sunt sed qui qu', 3, 472, 320132, '', '', '', '', '', '', '', '', 'http://farrell.com/', 'http://www.schaden.org/', '1999-11-09 12:49:08'),
(473, 'Illum occaecati et.', 'Culpa enim laborum s', 4, 473, 320133, '', '', '', '', '', '', '', '', 'http://www.harberferry.com/', 'http://www.faheyaufderhar.biz/', '2016-03-25 10:06:01'),
(474, 'Dolore aut accusamus rerum ratione.', 'Autem ipsam unde qui', 5, 474, 320134, '', '', '', '', '', '', '', '', 'http://schusterrowe.biz/', 'http://www.parisianrodriguez.biz/', '2000-08-17 22:22:16'),
(475, 'Nobis reprehenderit et qui et.', 'Eos sunt omnis eveni', 6, 475, 320135, '', '', '', '', '', '', '', '', 'http://donnellypowlowski.com/', 'http://www.reynolds.com/', '1993-12-27 11:30:13'),
(476, 'Officiis repellendus temporibus suscipit et aut.', 'Sequi consequatur de', 7, 476, 320136, '', '', '', '', '', '', '', '', 'http://bartolettifadel.net/', 'http://wintheisernolan.com/', '1984-03-06 11:20:15'),
(477, 'Saepe et error maxime illo.', 'Quam dignissimos et ', 1, 477, 320137, '', '', '', '', '', '', '', '', 'http://www.ebertwolf.net/', 'http://gusikowski.com/', '2003-05-01 02:57:33'),
(478, 'Amet fuga quia quis.', 'Voluptas cum et reic', 2, 478, 320138, '', '', '', '', '', '', '', '', 'http://abernathy.org/', 'http://jacobshilpert.biz/', '1977-07-30 22:02:28'),
(479, 'Corporis debitis quia est magnam velit.', 'Non iste voluptatem ', 3, 479, 320139, '', '', '', '', '', '', '', '', 'http://www.hudson.com/', 'http://www.konopelskidicki.org/', '1997-04-15 08:49:46'),
(480, 'Est possimus omnis optio.', 'Qui aut ducimus porr', 4, 480, 320140, '', '', '', '', '', '', '', '', 'http://brekke.biz/', 'http://www.grady.com/', '1971-11-23 06:06:55'),
(481, 'Deleniti dolorem corporis et.', 'Quia dignissimos cum', 5, 481, 320101, '', '', '', '', '', '', '', '', 'http://beahan.com/', 'http://wunschritchie.org/', '1978-01-21 11:01:22'),
(482, 'Impedit facilis quaerat molestiae.', 'Quia in qui ullam ve', 6, 482, 320102, '', '', '', '', '', '', '', '', 'http://corkery.com/', 'http://www.veumrunte.biz/', '2001-06-04 09:15:38'),
(483, 'Eos fuga nihil voluptas totam.', 'Et quas et et non. M', 7, 483, 320103, '', '', '', '', '', '', '', '', 'http://wintheiser.com/', 'http://www.wisozk.org/', '1994-02-15 03:58:51'),
(484, 'Officia eaque qui aperiam.', 'Ut eaque voluptatem ', 1, 484, 320104, '', '', '', '', '', '', '', '', 'http://www.nienow.org/', 'http://mccluregoyette.com/', '2015-05-06 02:56:00'),
(485, 'Sunt expedita dolor necessitatibus nesciunt repellendus.', 'In et saepe nostrum ', 2, 485, 320105, '', '', '', '', '', '', '', '', 'http://www.barrows.org/', 'http://www.schaden.com/', '2008-05-26 07:44:26'),
(486, 'Molestiae eaque vel aut officia.', 'Reprehenderit quia q', 3, 486, 320106, '', '', '', '', '', '', '', '', 'http://www.hilpertdietrich.com/', 'http://www.beahan.com/', '2020-02-09 15:01:07'),
(487, 'Rerum iste molestiae cum et voluptatem.', 'Cum reprehenderit no', 4, 487, 320107, '', '', '', '', '', '', '', '', 'http://stark.com/', 'http://abernathy.com/', '1970-04-07 06:39:08'),
(488, 'Voluptatibus ut maiores enim omnis.', 'Molestiae maiores mo', 5, 488, 320108, '', '', '', '', '', '', '', '', 'http://legros.com/', 'http://www.westzulauf.com/', '1999-02-15 05:27:39'),
(489, 'Distinctio quibusdam corrupti iure aut.', 'Expedita aliquid et ', 6, 489, 320109, '', '', '', '', '', '', '', '', 'http://www.heaneybashirian.com/', 'http://www.volkman.com/', '1970-07-20 04:58:24'),
(490, 'Accusantium et voluptas recusandae aliquam voluptatum.', 'Libero doloribus ali', 7, 490, 320110, '', '', '', '', '', '', '', '', 'http://www.gleichner.info/', 'http://www.quigley.biz/', '2002-03-24 11:26:50'),
(491, 'Deleniti modi et.', 'Est laudantium dolor', 1, 491, 320111, '', '', '', '', '', '', '', '', 'http://wuckertmonahan.net/', 'http://www.hoeger.com/', '1972-07-31 07:41:25'),
(492, 'Voluptatem quo ipsum cupiditate.', 'Aspernatur qui nemo ', 2, 492, 320112, '', '', '', '', '', '', '', '', 'http://ebert.com/', 'http://erdmanhomenick.org/', '2001-05-11 22:32:20'),
(493, 'Optio consequatur cum quia aspernatur.', 'Placeat debitis tota', 3, 493, 320113, '', '', '', '', '', '', '', '', 'http://www.terry.com/', 'http://schmittullrich.net/', '1990-02-26 23:57:49'),
(494, 'Omnis inventore consequatur.', 'Et cupiditate eos in', 4, 494, 320114, '', '', '', '', '', '', '', '', 'http://kirlin.com/', 'http://schamberger.net/', '1980-10-31 15:27:51'),
(495, 'Molestias est qui reiciendis.', 'Vel enim ea veritati', 5, 495, 320115, '', '', '', '', '', '', '', '', 'http://www.schiller.org/', 'http://www.wildermanheaney.com/', '1971-04-20 22:58:04'),
(496, 'Dolores sequi voluptatem.', 'Eos est consectetur ', 6, 496, 320116, '', '', '', '', '', '', '', '', 'http://renneroreilly.com/', 'http://www.bahringer.com/', '2014-05-20 18:58:14'),
(497, 'Dolores quidem consequatur vitae dolore.', 'Qui quod nesciunt no', 7, 497, 320117, '', '', '', '', '', '', '', '', 'http://www.schroeder.com/', 'http://crooksgreenfelder.net/', '1982-04-13 08:36:40'),
(498, 'Non et veritatis voluptas.', 'Illo quis corporis e', 1, 498, 320118, '', '', '', '', '', '', '', '', 'http://hessel.org/', 'http://www.tremblay.com/', '1985-05-02 02:18:37'),
(499, 'Veniam dignissimos amet quia.', 'Veritatis labore vol', 2, 499, 320119, '', '', '', '', '', '', '', '', 'http://www.emardhartmann.com/', 'http://www.quitzon.net/', '2009-03-06 05:48:20'),
(500, 'Magni aut consequuntur dolorem quo.', 'Beatae iure perspici', 3, 500, 320120, '', '', '', '', '', '', '', '', 'http://www.volkmangraham.com/', 'http://bechtelar.org/', '1979-08-03 15:02:06'),
(501, 'Optio minus consequatur aut vero.', 'Eaque ut nemo ipsum ', 4, 501, 320121, '', '', '', '', '', '', '', '', 'http://www.bogan.com/', 'http://bashirian.net/', '1991-10-27 01:13:01'),
(502, 'Voluptatem porro tenetur eaque laborum.', 'Quia et nihil itaque', 5, 502, 320122, '', '', '', '', '', '', '', '', 'http://www.hilpert.info/', 'http://will.com/', '1983-01-18 00:35:23'),
(503, 'Voluptatem expedita aut nihil.', 'Illo nesciunt recusa', 6, 503, 320123, '', '', '', '', '', '', '', '', 'http://www.swaniawski.com/', 'http://kutchkreiger.net/', '1993-07-08 07:19:46'),
(504, 'Voluptatum qui nulla ut molestias.', 'Possimus ut quod rer', 7, 504, 320124, '', '', '', '', '', '', '', '', 'http://www.framiward.org/', 'http://www.langnienow.net/', '1971-02-13 15:35:52'),
(505, 'Quia optio porro saepe.', 'Non odit aut consequ', 1, 505, 320125, '', '', '', '', '', '', '', '', 'http://king.com/', 'http://blickbecker.com/', '1991-04-09 19:59:57'),
(506, 'Molestiae magni deleniti repellendus.', 'Et veritatis nulla v', 2, 506, 320126, '', '', '', '', '', '', '', '', 'http://www.wehner.org/', 'http://pfannerstill.net/', '2010-10-14 19:43:08'),
(507, 'Voluptatem in qui id voluptatem debitis.', 'Architecto a occaeca', 3, 507, 320127, '', '', '', '', '', '', '', '', 'http://lehnerdibbert.com/', 'http://www.hahncruickshank.org/', '1984-10-18 22:32:33'),
(508, 'Ea ratione cum ducimus consequuntur aut.', 'Occaecati aut repreh', 4, 508, 320128, '', '', '', '', '', '', '', '', 'http://blick.com/', 'http://www.hoppe.info/', '1999-05-03 10:39:13'),
(509, 'Nihil et reprehenderit illum.', 'Quas nihil debitis v', 5, 509, 320129, '', '', '', '', '', '', '', '', 'http://www.johns.com/', 'http://casper.com/', '1976-11-26 14:23:56'),
(510, 'Aliquam est odio.', 'Libero aliquam aliqu', 6, 510, 320130, '', '', '', '', '', '', '', '', 'http://www.maggiostrosin.com/', 'http://www.funkschaden.com/', '2010-08-19 20:18:27'),
(511, 'Quisquam nam saepe aperiam.', 'Odit nesciunt volupt', 7, 511, 320131, '', '', '', '', '', '', '', '', 'http://www.hansen.biz/', 'http://www.rempel.com/', '1975-08-24 23:29:18'),
(512, 'Tenetur saepe id consequatur blanditiis commodi.', 'Sunt occaecati enim ', 1, 512, 320132, '', '', '', '', '', '', '', '', 'http://www.stehr.com/', 'http://hegmannkuphal.biz/', '2013-12-16 08:47:38'),
(513, 'Nemo voluptatem assumenda.', 'Ut quod reiciendis m', 2, 513, 320133, '', '', '', '', '', '', '', '', 'http://hartmann.net/', 'http://herman.biz/', '1972-12-14 18:33:59'),
(514, 'Sed aperiam a unde quia.', 'Nulla nihil commodi ', 3, 514, 320134, '', '', '', '', '', '', '', '', 'http://www.runolfsdottir.biz/', 'http://padberg.com/', '1985-02-17 15:52:36'),
(515, 'Mollitia sed eos corporis adipisci.', 'Eos odit accusamus i', 4, 515, 320135, '', '', '', '', '', '', '', '', 'http://www.hansen.com/', 'http://www.ziemann.com/', '2016-03-06 10:31:18'),
(516, 'Optio quis porro.', 'Explicabo nihil faci', 5, 516, 320136, '', '', '', '', '', '', '', '', 'http://www.dare.com/', 'http://www.ritchie.com/', '1989-11-26 18:29:16'),
(517, 'Perferendis beatae omnis dicta quidem.', 'Vel repudiandae dolo', 6, 517, 320137, '', '', '', '', '', '', '', '', 'http://www.rath.com/', 'http://effertz.net/', '2013-03-22 15:50:49'),
(518, 'Culpa fuga ut voluptatibus distinctio repudiandae.', 'Blanditiis facere eo', 7, 518, 320138, '', '', '', '', '', '', '', '', 'http://www.hauckkihn.biz/', 'http://konopelskiwisoky.com/', '2018-11-04 22:33:08'),
(519, 'Est a omnis.', 'Maiores fuga quis at', 1, 519, 320139, '', '', '', '', '', '', '', '', 'http://www.rogahnharber.com/', 'http://www.green.com/', '1989-12-12 23:46:56'),
(520, 'Aut rerum dolor magnam vel.', 'In ab consectetur fu', 2, 520, 320140, '', '', '', '', '', '', '', '', 'http://www.rath.com/', 'http://cassin.com/', '1988-09-26 20:45:31'),
(521, 'Tenetur quaerat et tempora.', 'Laudantium mollitia ', 3, 521, 320101, '', '', '', '', '', '', '', '', 'http://keeblermann.info/', 'http://weimann.com/', '2004-01-11 22:49:41'),
(522, 'Velit sit molestiae.', 'Ut debitis omnis qui', 4, 522, 320102, '', '', '', '', '', '', '', '', 'http://www.bahringer.com/', 'http://www.bogisich.com/', '2016-12-18 22:44:53'),
(523, 'Est autem rerum.', 'Unde voluptatem eos ', 5, 523, 320103, '', '', '', '', '', '', '', '', 'http://www.schimmel.info/', 'http://www.abbott.biz/', '1980-10-29 04:48:59'),
(524, 'Tenetur vel nesciunt minus accusantium vel.', 'Sed quia sit omnis. ', 6, 524, 320104, '', '', '', '', '', '', '', '', 'http://bogan.org/', 'http://stehr.com/', '1995-05-22 15:35:29'),
(525, 'Iusto ab laboriosam suscipit.', 'Sunt minima et corpo', 7, 525, 320105, '', '', '', '', '', '', '', '', 'http://www.toy.com/', 'http://www.macejkovicarmstrong.com/', '1977-10-10 02:52:12'),
(526, 'Mollitia dolores dolor velit corporis qui.', 'Eos et autem quam ex', 1, 526, 320106, '', '', '', '', '', '', '', '', 'http://ruecker.com/', 'http://konopelski.net/', '1988-05-06 21:28:09'),
(527, 'Blanditiis et rerum.', 'Qui quam molestias c', 2, 527, 320107, '', '', '', '', '', '', '', '', 'http://mccullough.com/', 'http://wisozk.net/', '1981-10-17 09:52:18');
INSERT INTO `inovasi` (`id_inovasi`, `nama_inovasi`, `status_inovasi`, `id_bidang_inovasi`, `id_inovator`, `id_kecamatan`, `deskripsi`, `penjaringan_ide`, `manfaat_inovasi`, `dampak_inovasi`, `proposal_inovasi`, `dokumentasi_inovasi`, `foto_inovator`, `foto_inovasi`, `link_medsos`, `video_link_youtube`, `created_at`) VALUES
(528, 'Repellendus cumque consectetur tempore laborum.', 'Et cum debitis ex iu', 3, 528, 320108, '', '', '', '', '', '', '', '', 'http://www.purdy.com/', 'http://www.keeblermills.org/', '2021-06-17 21:46:37'),
(529, 'Ipsam qui et reiciendis consequuntur.', 'Quaerat voluptatem e', 4, 529, 320109, '', '', '', '', '', '', '', '', 'http://www.mertz.org/', 'http://kirlin.info/', '1999-07-30 18:35:16'),
(530, 'Quam consequatur fugiat quod.', 'Voluptatum aut volup', 5, 530, 320110, '', '', '', '', '', '', '', '', 'http://www.ortiz.net/', 'http://nikolauskeeling.org/', '1987-07-24 15:24:18'),
(531, 'Dolorum id repellat.', 'Voluptas dolores vel', 6, 531, 320111, '', '', '', '', '', '', '', '', 'http://gislasonzemlak.com/', 'http://www.cartwrightgreenfelder.net/', '2006-03-02 13:19:59'),
(532, 'Itaque et sit omnis.', 'Possimus earum sint ', 7, 532, 320112, '', '', '', '', '', '', '', '', 'http://lemke.com/', 'http://nikolaus.com/', '1971-12-31 12:48:04'),
(533, 'Repellendus ut molestias aperiam sed.', 'Non et nemo perferen', 1, 533, 320113, '', '', '', '', '', '', '', '', 'http://www.oconnellortiz.biz/', 'http://www.yost.com/', '1971-05-19 03:18:27'),
(534, 'Aut quidem fuga necessitatibus ducimus.', 'Labore quasi veniam ', 2, 534, 320114, '', '', '', '', '', '', '', '', 'http://www.stoltenbergbruen.com/', 'http://www.huellynch.com/', '2019-11-12 21:39:54'),
(535, 'Vitae provident dignissimos molestiae natus.', 'Magni consectetur vo', 3, 535, 320115, '', '', '', '', '', '', '', '', 'http://huel.com/', 'http://morar.net/', '2018-08-23 19:04:13'),
(536, 'Quia maiores non.', 'Beatae impedit cumqu', 4, 536, 320116, '', '', '', '', '', '', '', '', 'http://www.wuckert.org/', 'http://www.kozey.org/', '1974-08-04 12:14:22'),
(537, 'Doloremque aperiam quae esse sed.', 'Quasi eos qui perfer', 5, 537, 320117, '', '', '', '', '', '', '', '', 'http://smith.com/', 'http://kuhicondricka.net/', '2017-06-25 04:08:02'),
(538, 'Et quis sint laudantium nostrum possimus.', 'Tempora qui dolore v', 6, 538, 320118, '', '', '', '', '', '', '', '', 'http://www.collierschinner.info/', 'http://www.collier.biz/', '1975-10-29 00:44:24'),
(539, 'Debitis animi recusandae.', 'Et vitae qui eos ex ', 7, 539, 320119, '', '', '', '', '', '', '', '', 'http://www.walterdeckow.com/', 'http://www.price.com/', '2014-10-13 13:28:47'),
(540, 'Sint incidunt laboriosam consequatur.', 'Quod sit rem id volu', 1, 540, 320120, '', '', '', '', '', '', '', '', 'http://lemkehalvorson.com/', 'http://roob.org/', '2009-08-05 07:59:50'),
(541, 'Enim est eum quae nam.', 'Doloribus eos ut sin', 2, 541, 320121, '', '', '', '', '', '', '', '', 'http://www.stehr.com/', 'http://gutkowski.net/', '2007-04-13 01:42:12'),
(542, 'Ducimus officia veritatis impedit et.', 'Reprehenderit in vel', 3, 542, 320122, '', '', '', '', '', '', '', '', 'http://www.streich.com/', 'http://www.dachlarson.biz/', '2001-04-17 06:18:29'),
(543, 'Veritatis rerum sunt.', 'Dolores porro quae r', 4, 543, 320123, '', '', '', '', '', '', '', '', 'http://bogisich.com/', 'http://runolfsdottir.com/', '1998-12-05 20:00:18'),
(544, 'Rerum illum sit sit velit.', 'Fuga amet commodi ve', 5, 544, 320124, '', '', '', '', '', '', '', '', 'http://www.reynolds.com/', 'http://altenwerth.net/', '2001-09-23 08:15:58'),
(545, 'Illo molestias provident saepe id autem.', 'Sunt voluptas aspern', 6, 545, 320125, '', '', '', '', '', '', '', '', 'http://gaylord.net/', 'http://www.gerhold.com/', '2000-06-06 09:24:13'),
(546, 'Repellendus omnis et.', 'Sit sunt error elige', 7, 546, 320126, '', '', '', '', '', '', '', '', 'http://bartoletti.com/', 'http://www.bechtelar.com/', '2000-06-28 07:20:48'),
(547, 'Cumque est assumenda.', 'Dolorum perspiciatis', 1, 547, 320127, '', '', '', '', '', '', '', '', 'http://www.zulaufkassulke.net/', 'http://schoen.com/', '2013-12-27 01:35:41'),
(548, 'Praesentium sunt qui commodi maiores.', 'Ex animi unde eius m', 2, 548, 320128, '', '', '', '', '', '', '', '', 'http://green.com/', 'http://www.cartwright.com/', '2008-03-31 05:49:56'),
(549, 'Qui fugiat error quasi voluptatem.', 'Dolorem alias autem ', 3, 549, 320129, '', '', '', '', '', '', '', '', 'http://www.cassin.com/', 'http://www.osinski.com/', '2009-11-23 06:20:30'),
(550, 'Voluptatem iusto temporibus tempora.', 'Necessitatibus in re', 4, 550, 320130, '', '', '', '', '', '', '', '', 'http://sporerrippin.com/', 'http://www.champlin.com/', '2004-12-13 16:07:36'),
(551, 'Dolorem consequatur aut enim.', 'Debitis minima labor', 5, 551, 320131, '', '', '', '', '', '', '', '', 'http://www.lowe.com/', 'http://bergesawayn.com/', '1997-09-27 19:40:37'),
(552, 'Debitis nobis placeat et inventore et.', 'Dignissimos et et oc', 6, 552, 320132, '', '', '', '', '', '', '', '', 'http://heaneyjohnston.biz/', 'http://turner.info/', '1976-02-15 05:16:22'),
(553, 'Aut ipsa asperiores sit tempora consectetur.', 'Officiis sed ex porr', 7, 553, 320133, '', '', '', '', '', '', '', '', 'http://www.hermann.com/', 'http://www.swiftnienow.info/', '1989-10-29 18:31:51'),
(554, 'Totam omnis quo rerum quisquam.', 'Sed blanditiis tempo', 1, 554, 320134, '', '', '', '', '', '', '', '', 'http://franecki.org/', 'http://will.com/', '2009-09-02 12:49:59'),
(555, 'Minima rerum ea dolores.', 'Expedita aut qui ut.', 2, 555, 320135, '', '', '', '', '', '', '', '', 'http://www.corwin.com/', 'http://mayernienow.com/', '1988-03-06 08:56:37'),
(556, 'Cumque dignissimos et voluptatum dignissimos.', 'Qui cum nobis et. Qu', 3, 556, 320136, '', '', '', '', '', '', '', '', 'http://johns.com/', 'http://prosaccogoyette.com/', '2022-04-21 18:15:00'),
(557, 'Aut non odio.', 'Suscipit dolores ali', 4, 557, 320137, '', '', '', '', '', '', '', '', 'http://www.olsonmraz.org/', 'http://stammroob.info/', '1995-10-17 16:17:23'),
(558, 'Doloremque nemo itaque earum dicta.', 'In tempora ullam con', 5, 558, 320138, '', '', '', '', '', '', '', '', 'http://www.runolfsdottir.org/', 'http://tillman.com/', '2007-11-14 05:05:58'),
(559, 'Eum non facilis.', 'Qui id iure ratione ', 6, 559, 320139, '', '', '', '', '', '', '', '', 'http://www.bosco.com/', 'http://www.whitebernier.info/', '1972-05-13 19:57:00'),
(560, 'Eveniet nostrum mollitia soluta.', 'Voluptatibus autem o', 7, 560, 320140, '', '', '', '', '', '', '', '', 'http://www.kuhic.com/', 'http://runolfsdottir.com/', '1980-09-02 09:59:55'),
(561, 'Eaque placeat voluptatem ab.', 'Ea harum et molestia', 1, 561, 320101, '', '', '', '', '', '', '', '', 'http://www.block.net/', 'http://turner.com/', '2009-08-09 10:20:20'),
(562, 'Quam commodi modi.', 'Et incidunt non veri', 2, 562, 320102, '', '', '', '', '', '', '', '', 'http://www.gibsonkrajcik.com/', 'http://denesik.com/', '1994-04-28 21:19:50'),
(563, 'Laborum velit sed voluptatem fugit.', 'Doloribus culpa veli', 3, 563, 320103, '', '', '', '', '', '', '', '', 'http://www.crooks.com/', 'http://reinger.com/', '1978-06-09 02:08:26'),
(564, 'Hic error est ullam.', 'Maxime laudantium in', 4, 564, 320104, '', '', '', '', '', '', '', '', 'http://farrell.com/', 'http://kertzmann.com/', '1981-07-12 22:17:01'),
(565, 'Eveniet ut vero.', 'Voluptatem exercitat', 5, 565, 320105, '', '', '', '', '', '', '', '', 'http://fritschcollier.com/', 'http://www.lakinhaley.org/', '2017-09-20 22:39:16'),
(566, 'Rerum ipsam vel minus sint.', 'Magnam dolores qui s', 6, 566, 320106, '', '', '', '', '', '', '', '', 'http://hayes.com/', 'http://hartmannkozey.biz/', '1990-07-30 16:56:49'),
(567, 'Deserunt nulla placeat.', 'Cum provident est et', 7, 567, 320107, '', '', '', '', '', '', '', '', 'http://ruecker.com/', 'http://okuneva.biz/', '2018-08-30 19:26:01'),
(568, 'Reiciendis harum maiores non minima.', 'Repudiandae quae aut', 1, 568, 320108, '', '', '', '', '', '', '', '', 'http://www.rohan.com/', 'http://simonis.com/', '2011-02-09 16:42:17'),
(569, 'Vel laudantium hic est nam.', 'Rem ex ipsa vel dolo', 2, 569, 320109, '', '', '', '', '', '', '', '', 'http://www.fritsch.com/', 'http://www.berge.com/', '2017-12-11 20:26:03'),
(570, 'Sequi aliquam eum repellendus.', 'Nobis ea quibusdam p', 3, 570, 320110, '', '', '', '', '', '', '', '', 'http://www.prosacco.com/', 'http://greenholtbogisich.com/', '1972-03-19 03:58:32'),
(571, 'Suscipit et ut non aut.', 'Voluptatem cum conse', 4, 571, 320111, '', '', '', '', '', '', '', '', 'http://www.heller.com/', 'http://www.hane.com/', '1998-06-21 01:05:44'),
(572, 'Atque enim provident at.', 'Aut nihil sit maiore', 5, 572, 320112, '', '', '', '', '', '', '', '', 'http://balistrericremin.com/', 'http://bruen.com/', '1999-01-09 09:23:08'),
(573, 'Iure eveniet reiciendis ratione.', 'Qui eveniet itaque c', 6, 573, 320113, '', '', '', '', '', '', '', '', 'http://www.flatley.com/', 'http://rath.com/', '1985-12-29 00:44:40'),
(574, 'Sint et omnis sequi labore natus.', 'Placeat qui maxime s', 7, 574, 320114, '', '', '', '', '', '', '', '', 'http://denesik.com/', 'http://cassinabbott.biz/', '2004-10-04 21:28:30'),
(575, 'Fugiat molestiae esse mollitia.', 'Dolorem sint ipsa es', 1, 575, 320115, '', '', '', '', '', '', '', '', 'http://colliercummerata.com/', 'http://mayersmith.com/', '1996-06-03 06:43:10'),
(576, 'Vel consequuntur molestias et asperiores.', 'Deserunt aliquid ill', 2, 576, 320116, '', '', '', '', '', '', '', '', 'http://www.mohr.com/', 'http://www.mayert.com/', '2014-10-10 10:48:13'),
(577, 'Dolorem non ipsam.', 'In placeat quis solu', 3, 577, 320117, '', '', '', '', '', '', '', '', 'http://keebler.com/', 'http://ondricka.com/', '2017-09-22 11:56:03'),
(578, 'Quia dolorem autem vero reprehenderit.', 'Voluptatum repellat ', 4, 578, 320118, '', '', '', '', '', '', '', '', 'http://www.wisozk.com/', 'http://bednarupton.info/', '1991-05-19 00:28:22'),
(579, 'Excepturi dolor non laboriosam voluptatem.', 'Impedit provident si', 5, 579, 320119, '', '', '', '', '', '', '', '', 'http://www.hills.biz/', 'http://koch.com/', '2021-11-29 10:21:45'),
(580, 'Inventore hic aut esse impedit.', 'Est ut sint facere e', 6, 580, 320120, '', '', '', '', '', '', '', '', 'http://langworth.com/', 'http://www.wisokykerluke.org/', '2002-06-01 05:52:35'),
(581, 'Aperiam ullam doloremque maxime.', 'Tenetur deserunt con', 7, 581, 320121, '', '', '', '', '', '', '', '', 'http://www.harrisbeier.com/', 'http://www.runolfsson.com/', '1972-07-03 17:03:36'),
(582, 'Sint eos ab repellendus aspernatur.', 'Nesciunt nostrum ut ', 1, 582, 320122, '', '', '', '', '', '', '', '', 'http://wolff.com/', 'http://www.kuvalishagenes.com/', '1976-12-01 20:37:55'),
(583, 'Rem molestias tempore laudantium.', 'Sit odit ea ipsam la', 2, 583, 320123, '', '', '', '', '', '', '', '', 'http://www.gutkowski.info/', 'http://www.stanton.net/', '1974-03-07 23:39:13'),
(584, 'Explicabo saepe quis corrupti.', 'Unde voluptatem enim', 3, 584, 320124, '', '', '', '', '', '', '', '', 'http://hilll.net/', 'http://www.schaeferhyatt.com/', '2013-02-13 21:01:29'),
(585, 'Et ullam sit nostrum.', 'Et perferendis aut q', 4, 585, 320125, '', '', '', '', '', '', '', '', 'http://www.kunze.com/', 'http://www.brekkekuhlman.com/', '1994-01-15 21:41:54'),
(586, 'Quaerat quia impedit reiciendis quo.', 'Et quod maiores quam', 5, 586, 320126, '', '', '', '', '', '', '', '', 'http://www.williamson.com/', 'http://batz.com/', '1979-10-02 18:51:05'),
(587, 'Dolor distinctio voluptate rem sit tempora.', 'Sunt sint qui volupt', 6, 587, 320127, '', '', '', '', '', '', '', '', 'http://www.kosskirlin.com/', 'http://stroman.com/', '2016-05-12 11:54:59'),
(588, 'Enim quo est dolores nesciunt dolor.', 'Qui minima consequat', 7, 588, 320128, '', '', '', '', '', '', '', '', 'http://weissnatkling.biz/', 'http://www.steuberschamberger.net/', '2022-04-08 05:02:29'),
(589, 'Qui nihil ut omnis et.', 'Rem deserunt itaque ', 1, 589, 320129, '', '', '', '', '', '', '', '', 'http://www.emard.com/', 'http://www.collierrunolfsson.com/', '2005-04-13 18:22:01'),
(590, 'Officiis voluptatem delectus animi vel.', 'Necessitatibus volup', 2, 590, 320130, '', '', '', '', '', '', '', '', 'http://heathcotegaylord.biz/', 'http://corkery.biz/', '2012-07-05 18:36:16'),
(591, 'Omnis id labore possimus ut quod.', 'Hic nobis et autem e', 3, 591, 320131, '', '', '', '', '', '', '', '', 'http://rolfsonzulauf.com/', 'http://www.harvey.com/', '1993-08-20 17:29:30'),
(592, 'Eum consequuntur impedit perspiciatis.', 'Et voluptate ducimus', 4, 592, 320132, '', '', '', '', '', '', '', '', 'http://blanda.com/', 'http://bahringerokon.com/', '1988-03-22 15:51:01'),
(593, 'Optio non corporis iusto reprehenderit excepturi.', 'Mollitia ea dolor po', 5, 593, 320133, '', '', '', '', '', '', '', '', 'http://gerlach.org/', 'http://bruenblanda.com/', '1992-05-20 12:15:54'),
(594, 'Temporibus fugit eaque quis.', 'Aut architecto est c', 6, 594, 320134, '', '', '', '', '', '', '', '', 'http://weissnat.com/', 'http://www.dibbert.net/', '2003-07-30 01:49:33'),
(595, 'Voluptatem culpa corrupti optio omnis.', 'Natus in odio fugit ', 7, 595, 320135, '', '', '', '', '', '', '', '', 'http://kling.org/', 'http://hilpert.net/', '2002-12-17 07:22:37'),
(596, 'Numquam nam expedita repellat quae et.', 'Rem blanditiis sit c', 1, 596, 320136, '', '', '', '', '', '', '', '', 'http://www.runolfsdottirhoeger.com/', 'http://wildermanortiz.com/', '2004-09-30 20:20:25'),
(597, 'Earum ut dolor suscipit quasi provident.', 'Similique minus quib', 2, 597, 320137, '', '', '', '', '', '', '', '', 'http://www.bogisich.biz/', 'http://www.anderson.com/', '1971-08-13 06:04:01'),
(598, 'Rem quia aut quos est accusantium.', 'Quos commodi qui et ', 3, 598, 320138, '', '', '', '', '', '', '', '', 'http://www.gleason.org/', 'http://www.beier.biz/', '2005-02-20 12:48:54'),
(599, 'Repellendus minus dolores.', 'Totam totam explicab', 4, 1, 320139, '', '', '', '', '', '', '', '', 'http://ratkemonahan.org/', 'http://donnelly.biz/', '1987-02-13 03:27:12'),
(600, 'Sit esse quam exercitationem repellat.', 'Perspiciatis volupta', 5, 2, 320140, '', '', '', '', '', '', '', '', 'http://shanahan.com/', 'http://www.kovacek.biz/', '1984-06-01 18:45:38'),
(601, 'Quibusdam enim ad voluptatum.', 'Sed odio quidem veli', 6, 3, 320101, '', '', '', '', '', '', '', '', 'http://stehr.org/', 'http://www.collier.com/', '1997-08-09 01:48:54'),
(602, 'Cum numquam vel.', 'Nostrum tempore dolo', 7, 4, 320102, '', '', '', '', '', '', '', '', 'http://haagcollier.com/', 'http://lebsack.net/', '2016-12-30 16:08:45'),
(603, 'Odio nobis eos earum.', 'Facere esse dolor et', 1, 5, 320103, '', '', '', '', '', '', '', '', 'http://kuhic.com/', 'http://www.gerholdstracke.info/', '1971-08-06 15:19:06'),
(604, 'Fuga sit sint autem qui.', 'Nam repellendus dict', 2, 6, 320104, '', '', '', '', '', '', '', '', 'http://www.romaguera.info/', 'http://www.leannon.com/', '2008-08-26 09:43:07'),
(605, 'Dolorum at ipsum vero voluptas quas.', 'Autem quia et id pos', 3, 7, 320105, '', '', '', '', '', '', '', '', 'http://farrell.com/', 'http://www.wolf.com/', '2009-06-26 21:36:59'),
(606, 'Eos at sint non nihil delectus.', 'Dolor non veritatis ', 4, 8, 320106, '', '', '', '', '', '', '', '', 'http://leuschkehilpert.org/', 'http://barrows.com/', '2012-07-31 02:06:34'),
(607, 'Dolore voluptas omnis velit voluptates odio.', 'Omnis debitis archit', 5, 9, 320107, '', '', '', '', '', '', '', '', 'http://christiansen.com/', 'http://www.stroman.com/', '2017-04-02 19:48:50'),
(608, 'Odit est dolores est itaque.', 'Aut sed reiciendis i', 6, 10, 320108, '', '', '', '', '', '', '', '', 'http://abshirewhite.info/', 'http://rogahn.com/', '2002-07-26 20:42:42'),
(609, 'Consequatur voluptatem expedita ut rerum aut.', 'Excepturi aut et in ', 7, 11, 320109, '', '', '', '', '', '', '', '', 'http://www.kshlerinflatley.com/', 'http://hodkiewiczmurray.org/', '1973-09-06 22:08:27'),
(610, 'Laboriosam culpa est est.', 'Sunt omnis in aut eu', 1, 12, 320110, '', '', '', '', '', '', '', '', 'http://www.hayes.biz/', 'http://www.ondrickaschaden.biz/', '1994-10-16 23:56:56'),
(611, 'Voluptas nam voluptas id dolores.', 'Non doloremque dolor', 2, 13, 320111, '', '', '', '', '', '', '', '', 'http://stark.org/', 'http://donnelly.com/', '1970-01-24 04:27:41'),
(612, 'Molestias non quis ad.', 'Eos libero fugit mol', 3, 14, 320112, '', '', '', '', '', '', '', '', 'http://www.gaylord.com/', 'http://www.greenfelder.org/', '2019-01-25 20:55:40'),
(613, 'Magni ea animi harum ratione quasi.', 'Possimus consequatur', 4, 15, 320113, '', '', '', '', '', '', '', '', 'http://www.oberbrunnerschoen.info/', 'http://www.christiansenjerde.info/', '2010-07-15 10:56:08'),
(614, 'Aut voluptas aperiam dolor enim.', 'Non soluta at est ma', 5, 16, 320114, '', '', '', '', '', '', '', '', 'http://pouroskihn.com/', 'http://www.fisher.org/', '1981-09-20 01:39:23'),
(615, 'Ut quia quasi nulla et voluptas.', 'Animi molestiae moll', 6, 17, 320115, '', '', '', '', '', '', '', '', 'http://torphyebert.com/', 'http://cole.org/', '1996-11-26 08:28:49'),
(616, 'Itaque voluptas sint similique.', 'Repellat aut id sed ', 7, 18, 320116, '', '', '', '', '', '', '', '', 'http://www.beier.com/', 'http://durganlueilwitz.com/', '1999-11-09 08:39:37'),
(617, 'Et sit aliquam molestias.', 'Voluptas quia nam ea', 1, 19, 320117, '', '', '', '', '', '', '', '', 'http://www.farrell.com/', 'http://www.bergstrom.info/', '2010-10-11 17:13:20'),
(618, 'Velit in est nihil.', 'Qui est dolor ex ut ', 2, 20, 320118, '', '', '', '', '', '', '', '', 'http://www.jerde.com/', 'http://hane.com/', '2016-04-28 02:43:49'),
(619, 'Quibusdam sed magni et est.', 'Impedit eos tenetur ', 3, 21, 320119, '', '', '', '', '', '', '', '', 'http://friesen.com/', 'http://glover.com/', '1979-06-08 05:22:55'),
(620, 'Doloribus ut blanditiis reiciendis.', 'Quidem tenetur conse', 4, 22, 320120, '', '', '', '', '', '', '', '', 'http://www.kiehnfahey.com/', 'http://bins.com/', '2020-12-09 16:17:31'),
(621, 'Debitis consequatur ut architecto repellat iure.', 'Similique quia illum', 5, 23, 320121, '', '', '', '', '', '', '', '', 'http://www.nienow.org/', 'http://www.krajcik.com/', '1999-05-04 16:56:58'),
(622, 'Quidem iste tempore.', 'Dolor et nemo qui no', 6, 24, 320122, '', '', '', '', '', '', '', '', 'http://schumm.com/', 'http://wisozk.com/', '1980-01-08 20:10:02'),
(623, 'Veniam quibusdam voluptatibus.', 'Impedit quis nulla o', 7, 25, 320123, '', '', '', '', '', '', '', '', 'http://hodkiewicz.net/', 'http://veum.com/', '2009-08-21 23:07:22'),
(624, 'Qui veritatis ratione dolor.', 'Ipsa rerum a et veri', 1, 26, 320124, '', '', '', '', '', '', '', '', 'http://www.haaghuels.com/', 'http://zulauf.com/', '1993-04-17 04:10:03'),
(625, 'Sit maxime reprehenderit autem.', 'Sed quis molestiae h', 2, 27, 320125, '', '', '', '', '', '', '', '', 'http://www.purdy.com/', 'http://www.steuberlubowitz.com/', '1995-11-30 06:20:26'),
(626, 'Saepe ratione est aut.', 'Nisi id recusandae m', 3, 28, 320126, '', '', '', '', '', '', '', '', 'http://brekke.com/', 'http://vandervort.biz/', '1988-02-25 23:02:25'),
(627, 'Provident facere placeat ex sit.', 'Quam iste ullam ea e', 4, 29, 320127, '', '', '', '', '', '', '', '', 'http://hahn.com/', 'http://www.nitzsche.info/', '1979-04-22 04:53:28'),
(628, 'A ipsam quae aut fuga.', 'Eum reprehenderit te', 5, 30, 320128, '', '', '', '', '', '', '', '', 'http://www.lemke.com/', 'http://quitzonblick.org/', '2014-04-14 21:54:06'),
(629, 'Suscipit neque ut.', 'Placeat facilis volu', 6, 31, 320129, '', '', '', '', '', '', '', '', 'http://torphy.com/', 'http://mayert.com/', '1977-12-26 05:29:11'),
(630, 'Sint quaerat ipsam temporibus dolor.', 'Reiciendis eos non v', 7, 32, 320130, '', '', '', '', '', '', '', '', 'http://www.wiza.net/', 'http://www.beerberge.com/', '2019-04-14 07:28:07'),
(631, 'Rerum velit delectus animi.', 'Rerum ut libero et q', 1, 33, 320131, '', '', '', '', '', '', '', '', 'http://www.jacobi.com/', 'http://www.mcdermottjones.com/', '1988-02-18 22:37:04'),
(632, 'Ea velit pariatur asperiores.', 'Aut sint aliquam sim', 2, 34, 320132, '', '', '', '', '', '', '', '', 'http://www.beier.net/', 'http://goldnerdamore.com/', '2014-03-17 02:39:49'),
(633, 'Cum excepturi aut voluptatum.', 'Iste eveniet debitis', 3, 35, 320133, '', '', '', '', '', '', '', '', 'http://www.anderson.com/', 'http://www.carter.com/', '1998-01-28 09:23:35'),
(634, 'Et voluptas rem dolorum illum.', 'Facilis cumque ullam', 4, 36, 320134, '', '', '', '', '', '', '', '', 'http://www.connellyherzog.info/', 'http://www.bernhard.biz/', '1993-08-18 00:49:39'),
(635, 'Ut omnis in rerum.', 'Placeat magnam aut a', 5, 37, 320135, '', '', '', '', '', '', '', '', 'http://murazik.info/', 'http://www.berniersanford.com/', '2008-04-10 18:32:03'),
(636, 'Natus pariatur ad placeat.', 'Nisi quidem enim qui', 6, 38, 320136, '', '', '', '', '', '', '', '', 'http://wilderman.com/', 'http://jacobson.info/', '2000-07-30 19:16:28'),
(637, 'Consectetur hic soluta nihil velit.', 'Quidem deserunt et q', 7, 39, 320137, '', '', '', '', '', '', '', '', 'http://heathcote.net/', 'http://www.sipes.org/', '2002-06-10 21:14:04'),
(638, 'Impedit possimus pariatur libero autem quo.', 'Voluptas a voluptate', 1, 40, 320138, '', '', '', '', '', '', '', '', 'http://www.abshire.com/', 'http://www.gerlachmoore.com/', '1983-10-27 17:21:09'),
(639, 'Omnis impedit consequatur fugiat.', 'Sit provident eos of', 2, 41, 320139, '', '', '', '', '', '', '', '', 'http://haagosinski.com/', 'http://lakin.com/', '1976-08-05 12:30:08'),
(640, 'Nobis et et quia.', 'Odio qui dolores lab', 3, 42, 320140, '', '', '', '', '', '', '', '', 'http://www.murazikwitting.com/', 'http://www.walkersenger.com/', '1990-10-02 18:50:35'),
(641, 'Facere hic et aspernatur quaerat neque.', 'Soluta vitae volupta', 4, 43, 320101, '', '', '', '', '', '', '', '', 'http://glover.com/', 'http://wisoky.com/', '1970-06-12 16:05:46'),
(642, 'Neque voluptates qui velit.', 'Recusandae facilis q', 5, 44, 320102, '', '', '', '', '', '', '', '', 'http://watsica.com/', 'http://www.hackettschimmel.com/', '1978-03-30 05:30:22'),
(643, 'Consequatur et aut.', 'Est est voluptatem n', 6, 45, 320103, '', '', '', '', '', '', '', '', 'http://www.daughertybrakus.com/', 'http://www.daughertydietrich.org/', '1980-01-02 14:17:25'),
(644, 'Ducimus consequatur voluptas assumenda et voluptas.', 'Porro labore ut itaq', 7, 46, 320104, '', '', '', '', '', '', '', '', 'http://www.little.com/', 'http://www.bashirian.com/', '1973-04-15 15:14:24'),
(645, 'Quam quia unde sunt autem qui.', 'Perferendis et sequi', 1, 47, 320105, '', '', '', '', '', '', '', '', 'http://www.durgan.info/', 'http://www.toy.com/', '1980-03-13 13:14:08'),
(646, 'Non ut consectetur repellendus distinctio consectetur.', 'Quam ab repellendus ', 2, 48, 320106, '', '', '', '', '', '', '', '', 'http://www.murazik.com/', 'http://tillmanyundt.com/', '2010-12-11 08:49:20'),
(647, 'Sit deleniti adipisci animi.', 'Non consectetur et q', 3, 49, 320107, '', '', '', '', '', '', '', '', 'http://www.nitzsche.com/', 'http://www.howell.com/', '1994-06-13 02:01:11'),
(648, 'Praesentium impedit sed voluptatem est.', 'Dolore quam aut aliq', 4, 50, 320108, '', '', '', '', '', '', '', '', 'http://www.glover.com/', 'http://murray.net/', '1972-10-17 13:28:36'),
(649, 'Culpa quia quaerat.', 'Et sunt fuga odit. S', 5, 51, 320109, '', '', '', '', '', '', '', '', 'http://www.rau.com/', 'http://mante.com/', '2000-12-17 18:13:00'),
(650, 'Explicabo sed iure adipisci.', 'Neque quia a ullam c', 6, 52, 320110, '', '', '', '', '', '', '', '', 'http://www.kiehnshanahan.com/', 'http://www.crooks.com/', '1982-07-30 18:37:47'),
(651, 'Delectus earum qui odio aspernatur aspernatur.', 'Porro corrupti corpo', 7, 53, 320111, '', '', '', '', '', '', '', '', 'http://www.daniel.com/', 'http://www.rempel.com/', '1989-04-27 06:34:52'),
(652, 'Ipsam saepe voluptatem nesciunt pariatur id.', 'Id quia dolor occaec', 1, 54, 320112, '', '', '', '', '', '', '', '', 'http://christiansen.biz/', 'http://www.jast.biz/', '2013-10-26 09:23:08'),
(653, 'Officiis natus nulla.', 'Esse sit eos illo et', 2, 55, 320113, '', '', '', '', '', '', '', '', 'http://www.strackevolkman.com/', 'http://hudsonschoen.com/', '1980-03-23 13:10:00'),
(654, 'Possimus quisquam asperiores earum in quia.', 'Molestiae totam aspe', 3, 56, 320114, '', '', '', '', '', '', '', '', 'http://quigley.com/', 'http://halvorsonwindler.com/', '2021-12-13 22:27:01'),
(655, 'Deserunt ut illo ducimus dolores.', 'Sed possimus autem i', 4, 57, 320115, '', '', '', '', '', '', '', '', 'http://www.roberts.org/', 'http://greenholtdare.com/', '1988-12-07 12:19:56'),
(656, 'Culpa est et ducimus velit.', 'Quisquam nihil est m', 5, 58, 320116, '', '', '', '', '', '', '', '', 'http://www.krajcik.org/', 'http://www.upton.com/', '1992-12-29 08:08:56'),
(657, 'Atque sit in consequatur repellat quae.', 'Ullam fuga ea ut vol', 6, 59, 320117, '', '', '', '', '', '', '', '', 'http://www.connelly.biz/', 'http://www.keeling.biz/', '2000-07-06 02:21:06'),
(658, 'Delectus et excepturi aut officia.', 'Ratione quam ea repe', 7, 60, 320118, '', '', '', '', '', '', '', '', 'http://quigley.com/', 'http://www.mclaughlinheller.info/', '2011-07-02 07:35:49'),
(659, 'Possimus velit omnis eaque animi et.', 'Eius doloremque est ', 1, 61, 320119, '', '', '', '', '', '', '', '', 'http://www.christiansen.com/', 'http://www.robelarmstrong.org/', '2006-12-01 08:34:10'),
(660, 'Qui aut ut ipsam.', 'Cumque aut ut soluta', 2, 62, 320120, '', '', '', '', '', '', '', '', 'http://keeling.com/', 'http://www.mclaughlin.info/', '2004-12-15 19:05:01'),
(661, 'Eligendi veritatis sequi natus.', 'Optio quis voluptate', 3, 63, 320121, '', '', '', '', '', '', '', '', 'http://www.emardhuels.net/', 'http://www.wolfmurray.biz/', '1985-04-21 13:13:58'),
(662, 'Sequi et reiciendis.', 'Perspiciatis nesciun', 4, 64, 320122, '', '', '', '', '', '', '', '', 'http://www.bernhard.com/', 'http://mooreschumm.com/', '2010-10-12 04:30:30'),
(663, 'Tempore et aut reprehenderit blanditiis ea.', 'Ea fugit quidem cons', 5, 65, 320123, '', '', '', '', '', '', '', '', 'http://gibson.biz/', 'http://okeefebeier.com/', '2017-01-28 19:43:41'),
(664, 'Placeat ipsum id exercitationem odio temporibus.', 'Consequuntur est opt', 6, 66, 320124, '', '', '', '', '', '', '', '', 'http://becker.net/', 'http://www.reichertmueller.com/', '1993-06-25 08:36:18'),
(665, 'Mollitia voluptatem corrupti aperiam.', 'Ipsam debitis omnis ', 7, 67, 320125, '', '', '', '', '', '', '', '', 'http://spinkaheidenreich.com/', 'http://www.harris.biz/', '1993-03-21 12:02:38'),
(666, 'Sint quod voluptates cupiditate.', 'Nulla voluptatem ips', 1, 68, 320126, '', '', '', '', '', '', '', '', 'http://www.boyerdeckow.com/', 'http://raynor.info/', '2018-09-12 04:22:29'),
(667, 'Dolores fuga sit dolores.', 'Explicabo rerum temp', 2, 69, 320127, '', '', '', '', '', '', '', '', 'http://collins.org/', 'http://lynchkshlerin.biz/', '1984-10-23 22:24:31'),
(668, 'Commodi inventore saepe quisquam quae non.', 'At voluptatum debiti', 3, 70, 320128, '', '', '', '', '', '', '', '', 'http://www.rogahn.net/', 'http://casperlowe.com/', '1974-04-04 13:54:43'),
(669, 'Quibusdam provident tempore eum earum.', 'Assumenda praesentiu', 4, 71, 320129, '', '', '', '', '', '', '', '', 'http://www.hilpert.com/', 'http://wolff.com/', '2008-07-24 17:42:59'),
(670, 'Eveniet quod dolores ducimus aut totam.', 'In error tempora num', 5, 72, 320130, '', '', '', '', '', '', '', '', 'http://www.morissette.org/', 'http://www.glover.com/', '1997-05-22 09:12:05'),
(671, 'Nesciunt praesentium est id a.', 'Voluptate ut consequ', 6, 73, 320131, '', '', '', '', '', '', '', '', 'http://www.turcotte.info/', 'http://thiel.biz/', '2008-11-20 15:30:50'),
(672, 'Aliquam et ut.', 'Magni est ea praesen', 7, 74, 320132, '', '', '', '', '', '', '', '', 'http://www.ratke.com/', 'http://www.nikolaus.com/', '2012-06-22 05:28:08'),
(673, 'Enim cupiditate quia ut.', 'Ut explicabo quae qu', 1, 75, 320133, '', '', '', '', '', '', '', '', 'http://www.morar.com/', 'http://www.funkmiller.org/', '1993-04-11 12:52:04'),
(674, 'Sint minima perferendis et.', 'Maxime ut accusamus ', 2, 76, 320134, '', '', '', '', '', '', '', '', 'http://www.eichmann.com/', 'http://runolfssonturner.com/', '2015-08-24 05:16:43'),
(675, 'Eum aspernatur aperiam.', 'Nemo in autem iste a', 3, 77, 320135, '', '', '', '', '', '', '', '', 'http://reicherthackett.com/', 'http://kunde.org/', '1981-11-18 16:21:00'),
(676, 'Aut voluptatem magni tempora.', 'Est provident eos re', 4, 78, 320136, '', '', '', '', '', '', '', '', 'http://www.hermiston.com/', 'http://keeblerwiegand.com/', '1983-05-05 02:08:49'),
(677, 'Tenetur sunt sint blanditiis laboriosam sunt.', 'Accusamus voluptas d', 5, 79, 320137, '', '', '', '', '', '', '', '', 'http://whitemorissette.com/', 'http://www.zulaufzemlak.net/', '2021-05-09 05:25:30'),
(678, 'Minima necessitatibus eos deserunt.', 'Repellendus asperior', 6, 80, 320138, '', '', '', '', '', '', '', '', 'http://hintz.com/', 'http://farrell.org/', '1993-11-21 07:24:46'),
(679, 'Deleniti beatae ea sed incidunt.', 'Corporis aliquam aut', 7, 81, 320139, '', '', '', '', '', '', '', '', 'http://www.cummings.info/', 'http://bergstrom.org/', '1972-01-20 14:13:17'),
(680, 'Qui dolores harum cupiditate accusantium deserunt.', 'Exercitationem aut n', 1, 82, 320140, '', '', '', '', '', '', '', '', 'http://daviskerluke.biz/', 'http://stoltenbergkeeling.com/', '2014-02-01 00:58:38'),
(681, 'Quos ducimus consequatur repellendus.', 'Quis dolorem repelle', 2, 83, 320101, '', '', '', '', '', '', '', '', 'http://hodkiewicz.net/', 'http://corwinpadberg.com/', '1983-10-17 00:44:09'),
(682, 'Libero laudantium modi dicta sunt.', 'Ut quia placeat dolo', 3, 84, 320102, '', '', '', '', '', '', '', '', 'http://www.rau.com/', 'http://www.murphy.info/', '1999-08-24 03:36:55'),
(683, 'Voluptatem eum sequi quae.', 'Repellat quae molest', 4, 85, 320103, '', '', '', '', '', '', '', '', 'http://hagenes.com/', 'http://www.sauerbernhard.com/', '1995-05-10 04:03:39'),
(684, 'Eum odio autem qui provident distinctio.', 'Adipisci dolores max', 5, 86, 320104, '', '', '', '', '', '', '', '', 'http://www.legros.com/', 'http://www.rath.com/', '1977-07-09 06:48:14'),
(685, 'Eos est sint molestiae.', 'Maiores aliquam quos', 6, 87, 320105, '', '', '', '', '', '', '', '', 'http://www.kuhnokuneva.com/', 'http://www.ankundingmayert.com/', '2012-01-21 13:33:22'),
(686, 'Qui blanditiis assumenda voluptatum veritatis dolores.', 'Quisquam consequuntu', 7, 88, 320106, '', '', '', '', '', '', '', '', 'http://www.zieme.com/', 'http://www.hermannklein.com/', '2012-09-06 12:52:32'),
(687, 'Et consectetur enim tenetur.', 'Doloremque aut quos ', 1, 89, 320107, '', '', '', '', '', '', '', '', 'http://smithamvolkman.com/', 'http://oreilly.biz/', '1978-02-22 02:47:08'),
(688, 'Nostrum quia maiores provident repellendus unde.', 'Nihil vel velit a co', 2, 90, 320108, '', '', '', '', '', '', '', '', 'http://harriskozey.com/', 'http://www.stantoncarroll.org/', '1995-07-25 20:22:44'),
(689, 'Et placeat fugiat accusamus.', 'Id quo qui consequat', 3, 91, 320109, '', '', '', '', '', '', '', '', 'http://brekkebatz.com/', 'http://maggiorunolfsson.com/', '1974-09-07 11:22:34'),
(690, 'Rerum earum eaque qui.', 'Dolores veritatis su', 4, 92, 320110, '', '', '', '', '', '', '', '', 'http://www.bins.com/', 'http://hesselschamberger.net/', '1993-09-29 17:01:14'),
(691, 'Qui eius qui amet ipsam.', 'Et quae quam debitis', 5, 93, 320111, '', '', '', '', '', '', '', '', 'http://www.willchristiansen.com/', 'http://www.deckowkuhn.net/', '1974-04-07 15:12:51'),
(692, 'Rerum quos et.', 'Quia perspiciatis iu', 6, 94, 320112, '', '', '', '', '', '', '', '', 'http://www.kovacek.com/', 'http://www.labadie.com/', '1995-12-14 05:30:29'),
(693, 'Vel id assumenda debitis.', 'Molestiae nesciunt i', 7, 95, 320113, '', '', '', '', '', '', '', '', 'http://www.douglasgottlieb.org/', 'http://steuberrolfson.com/', '2013-02-10 21:28:28'),
(694, 'Sequi et dolores eos.', 'Autem voluptatem ius', 1, 96, 320114, '', '', '', '', '', '', '', '', 'http://www.schuppe.com/', 'http://schmidt.com/', '1973-05-24 07:37:49'),
(695, 'Magnam dolorem omnis dignissimos.', 'Illo eius hic necess', 2, 97, 320115, '', '', '', '', '', '', '', '', 'http://skiles.net/', 'http://www.mayertschoen.com/', '2004-05-04 09:08:29'),
(696, 'Enim quia nemo sed minima minima.', 'Quam dolores consequ', 3, 98, 320116, '', '', '', '', '', '', '', '', 'http://bailey.com/', 'http://www.green.com/', '1978-06-08 02:18:33'),
(697, 'Quis id deleniti eaque.', 'Molestias ipsum volu', 4, 99, 320117, '', '', '', '', '', '', '', '', 'http://www.effertz.com/', 'http://beatty.net/', '1970-12-16 04:18:29'),
(698, 'Rerum in id consectetur eos.', 'Fugiat cum voluptas ', 5, 100, 320118, '', '', '', '', '', '', '', '', 'http://www.gleason.com/', 'http://www.osinskijacobson.com/', '1988-11-28 14:15:15'),
(699, 'Suscipit et ut.', 'Enim dignissimos est', 6, 101, 320119, '', '', '', '', '', '', '', '', 'http://effertzbergstrom.info/', 'http://www.robelkoelpin.net/', '2005-11-20 00:44:52'),
(700, 'Quisquam atque quis.', 'Temporibus autem pla', 7, 102, 320120, '', '', '', '', '', '', '', '', 'http://www.hayes.com/', 'http://www.casper.org/', '1991-01-07 04:52:07'),
(701, 'Omnis omnis amet.', 'Architecto sit quasi', 1, 103, 320121, '', '', '', '', '', '', '', '', 'http://trantow.com/', 'http://bednar.com/', '2015-12-04 03:31:34'),
(702, 'Nihil unde non accusantium ducimus enim.', 'Alias vitae nostrum ', 2, 104, 320122, '', '', '', '', '', '', '', '', 'http://www.emard.com/', 'http://keebler.com/', '1992-02-24 09:35:28'),
(703, 'Sed esse velit ducimus eum ab.', 'Porro at harum conse', 3, 105, 320123, '', '', '', '', '', '', '', '', 'http://dietrich.net/', 'http://www.considinebrakus.com/', '2004-09-10 06:38:26'),
(704, 'Et nostrum totam.', 'Porro adipisci sed q', 4, 106, 320124, '', '', '', '', '', '', '', '', 'http://www.larson.com/', 'http://www.rolfson.com/', '1979-07-11 18:29:33'),
(705, 'Modi aut qui ratione.', 'Velit non perferendi', 5, 107, 320125, '', '', '', '', '', '', '', '', 'http://andersonabernathy.biz/', 'http://www.pouroshansen.com/', '1979-05-28 09:09:47'),
(706, 'Consequatur repellendus provident velit corporis.', 'Dicta autem ut enim ', 6, 108, 320126, '', '', '', '', '', '', '', '', 'http://kirlin.com/', 'http://rodriguez.com/', '1974-12-23 17:19:06'),
(707, 'Dolorum quidem amet excepturi saepe aut.', 'Officiis ratione vol', 7, 109, 320127, '', '', '', '', '', '', '', '', 'http://www.goodwinleffler.com/', 'http://ankunding.com/', '2008-03-11 08:47:06'),
(708, 'Ut unde nesciunt voluptatem repellendus.', 'Nostrum distinctio v', 1, 110, 320128, '', '', '', '', '', '', '', '', 'http://www.hills.com/', 'http://www.corkery.com/', '2002-11-16 10:29:26'),
(709, 'Ad voluptas animi et aut.', 'Asperiores necessita', 2, 111, 320129, '', '', '', '', '', '', '', '', 'http://www.armstrong.com/', 'http://www.franecki.org/', '1981-11-21 12:38:29'),
(710, 'Rem possimus quo illo veniam.', 'Alias ad voluptatum ', 3, 112, 320130, '', '', '', '', '', '', '', '', 'http://www.braun.com/', 'http://www.predovicbayer.com/', '2018-09-17 15:21:15'),
(711, 'Repellat facilis perferendis iusto.', 'Et qui consequatur e', 4, 113, 320131, '', '', '', '', '', '', '', '', 'http://brown.com/', 'http://stamm.org/', '1979-06-14 03:32:32'),
(712, 'In aut voluptatibus provident labore illo.', 'Quia harum sunt debi', 5, 114, 320132, '', '', '', '', '', '', '', '', 'http://graham.com/', 'http://www.bednarnader.biz/', '1990-03-30 02:41:18'),
(713, 'Incidunt velit quia.', 'Magnam consequatur u', 6, 115, 320133, '', '', '', '', '', '', '', '', 'http://www.jacobihalvorson.com/', 'http://www.crooks.com/', '1999-09-29 10:45:47'),
(714, 'Voluptates consequatur fugiat eaque.', 'Harum quia quis dolo', 7, 116, 320134, '', '', '', '', '', '', '', '', 'http://www.sipes.info/', 'http://zboncak.info/', '1977-10-12 00:28:34'),
(715, 'Perferendis odio repellendus.', 'Rem ab aut molestias', 1, 117, 320135, '', '', '', '', '', '', '', '', 'http://www.jerde.info/', 'http://www.gaylord.com/', '2006-02-03 11:40:10'),
(716, 'Et molestias veritatis at praesentium dolorem.', 'Quaerat facilis nequ', 2, 118, 320136, '', '', '', '', '', '', '', '', 'http://beier.biz/', 'http://www.beier.org/', '1982-10-28 20:58:51'),
(717, 'Perferendis exercitationem asperiores possimus ad.', 'Quis corporis dolore', 3, 119, 320137, '', '', '', '', '', '', '', '', 'http://www.kihn.biz/', 'http://zemlak.com/', '2001-01-20 08:49:36'),
(718, 'Modi odio rerum sunt.', 'Exercitationem volup', 4, 120, 320138, '', '', '', '', '', '', '', '', 'http://www.reynolds.info/', 'http://www.rathlangosh.biz/', '1985-08-14 08:26:07'),
(719, 'Mollitia quo sit autem.', 'Rem et dolores labor', 5, 121, 320139, '', '', '', '', '', '', '', '', 'http://stehr.com/', 'http://wunsch.com/', '2008-11-09 14:46:07'),
(720, 'Velit natus tempore non autem.', 'Deserunt et tenetur ', 6, 122, 320140, '', '', '', '', '', '', '', '', 'http://www.bergstrom.com/', 'http://klein.net/', '2011-01-26 18:15:32'),
(721, 'Est quo deserunt temporibus.', 'Sed tempore ullam si', 7, 123, 320101, '', '', '', '', '', '', '', '', 'http://www.ratke.biz/', 'http://www.langosh.biz/', '1982-10-31 16:47:17'),
(722, 'Eum et sed.', 'Omnis quasi temporib', 1, 124, 320102, '', '', '', '', '', '', '', '', 'http://durganullrich.net/', 'http://gottlieb.org/', '1971-02-01 14:48:51'),
(723, 'Atque asperiores in est et.', 'Iure in aut quod id ', 2, 125, 320103, '', '', '', '', '', '', '', '', 'http://www.stokesreichel.com/', 'http://www.donnellysauer.biz/', '1986-03-15 00:03:08'),
(724, 'Et eum et.', 'Vel a ut blanditiis ', 3, 126, 320104, '', '', '', '', '', '', '', '', 'http://www.schulist.info/', 'http://renner.com/', '1973-12-20 21:51:37'),
(725, 'Iure est enim ab minima.', 'Rerum molestias modi', 4, 127, 320105, '', '', '', '', '', '', '', '', 'http://www.halvorson.biz/', 'http://www.lind.com/', '2010-08-21 16:06:06'),
(726, 'Consequuntur voluptas aliquam sunt.', 'Sapiente fugiat et s', 5, 128, 320106, '', '', '', '', '', '', '', '', 'http://heathcote.com/', 'http://weissnat.org/', '2006-01-26 23:29:54'),
(727, 'Qui necessitatibus velit porro rerum.', 'Ad eius nobis recusa', 6, 129, 320107, '', '', '', '', '', '', '', '', 'http://bartonstreich.info/', 'http://www.considine.biz/', '2009-04-12 11:42:53'),
(728, 'Iusto id ad perspiciatis.', 'Ullam minima ipsa et', 7, 130, 320108, '', '', '', '', '', '', '', '', 'http://dach.com/', 'http://schuppe.info/', '2021-02-25 23:37:55'),
(729, 'Quod est ratione modi repellat.', 'Et perspiciatis cons', 1, 131, 320109, '', '', '', '', '', '', '', '', 'http://www.rennerratke.com/', 'http://www.smithamparisian.com/', '2010-11-21 10:25:43'),
(730, 'Ab velit laudantium enim laborum.', 'Quis ut quidem nobis', 2, 132, 320110, '', '', '', '', '', '', '', '', 'http://murazik.com/', 'http://vonmarquardt.com/', '1997-06-16 02:28:24'),
(731, 'Quis molestiae repellat.', 'Eligendi similique i', 3, 133, 320111, '', '', '', '', '', '', '', '', 'http://www.schulist.biz/', 'http://www.fahey.info/', '2007-07-31 13:45:16'),
(732, 'Odit eligendi vitae tenetur qui eos.', 'Adipisci eligendi do', 4, 134, 320112, '', '', '', '', '', '', '', '', 'http://www.boehmkoch.info/', 'http://www.kilback.com/', '1995-12-01 06:48:33'),
(733, 'In consequuntur corporis rem neque.', 'Qui maiores voluptas', 5, 135, 320113, '', '', '', '', '', '', '', '', 'http://hickle.com/', 'http://www.grant.org/', '1973-07-03 15:52:02'),
(734, 'Magnam inventore molestiae vel.', 'Explicabo culpa omni', 6, 136, 320114, '', '', '', '', '', '', '', '', 'http://www.walker.com/', 'http://www.zemlakwyman.com/', '1985-10-18 03:35:09'),
(735, 'Autem ut quo vel nesciunt qui.', 'Minus illo nulla ips', 7, 137, 320115, '', '', '', '', '', '', '', '', 'http://westquitzon.com/', 'http://www.ryan.com/', '1992-12-12 04:04:23'),
(736, 'Exercitationem cumque voluptate officia.', 'Et sint delectus ius', 1, 138, 320116, '', '', '', '', '', '', '', '', 'http://www.mantebartell.info/', 'http://www.langworth.org/', '2010-01-30 10:51:56'),
(737, 'Modi culpa alias similique.', 'Nihil incidunt delen', 2, 139, 320117, '', '', '', '', '', '', '', '', 'http://www.gottliebswaniawski.org/', 'http://www.fay.com/', '2010-09-20 13:40:23'),
(738, 'Commodi eum libero incidunt expedita excepturi.', 'Aperiam labore possi', 3, 140, 320118, '', '', '', '', '', '', '', '', 'http://homenick.com/', 'http://blicklehner.info/', '1988-04-07 03:22:26'),
(739, 'Quos molestiae odio deleniti.', 'Alias in id quis ips', 4, 141, 320119, '', '', '', '', '', '', '', '', 'http://mckenzie.com/', 'http://zemlak.info/', '1975-09-19 16:58:53'),
(740, 'Et et aut ducimus.', 'Voluptate velit arch', 5, 142, 320120, '', '', '', '', '', '', '', '', 'http://mckenzie.com/', 'http://boehmfahey.com/', '2008-01-04 22:13:13'),
(741, 'Est provident amet in voluptatum vel.', 'Dolores est quibusda', 6, 143, 320121, '', '', '', '', '', '', '', '', 'http://www.ward.com/', 'http://ornbeatty.org/', '2018-11-04 13:20:57'),
(742, 'Quo incidunt repellat.', 'Voluptatibus velit s', 7, 144, 320122, '', '', '', '', '', '', '', '', 'http://www.hane.info/', 'http://nolan.com/', '1989-02-08 04:39:19'),
(743, 'Quisquam dolor qui magni et in.', 'Iure accusamus accus', 1, 145, 320123, '', '', '', '', '', '', '', '', 'http://eichmann.biz/', 'http://www.altenwerth.com/', '2005-10-23 17:09:32'),
(744, 'Ut odit maiores minus excepturi laborum.', 'Atque eveniet velit ', 2, 146, 320124, '', '', '', '', '', '', '', '', 'http://reynolds.com/', 'http://www.parker.info/', '1993-11-16 11:08:51'),
(745, 'Possimus in illo animi qui.', 'Atque soluta eligend', 3, 147, 320125, '', '', '', '', '', '', '', '', 'http://www.beatty.com/', 'http://www.emard.org/', '1991-01-08 14:41:09'),
(746, 'Suscipit eveniet repudiandae quia.', 'Aperiam reprehenderi', 4, 148, 320126, '', '', '', '', '', '', '', '', 'http://lesch.com/', 'http://ryan.com/', '2008-12-13 21:48:40'),
(747, 'Distinctio maxime vitae labore iure ut.', 'Eius aut odio perfer', 5, 149, 320127, '', '', '', '', '', '', '', '', 'http://bauch.com/', 'http://www.vonwiza.org/', '2006-02-14 04:15:06'),
(748, 'Adipisci numquam quidem perferendis et recusandae.', 'Velit aut reiciendis', 6, 150, 320128, '', '', '', '', '', '', '', '', 'http://skiles.com/', 'http://jerde.com/', '1970-04-01 17:00:58'),
(749, 'Voluptatum itaque est tenetur.', 'Consequuntur occaeca', 7, 151, 320129, '', '', '', '', '', '', '', '', 'http://www.abshire.com/', 'http://www.gerlach.com/', '1977-10-29 08:23:53'),
(750, 'Quisquam non corporis sit nesciunt.', 'Neque quae aspernatu', 1, 152, 320130, '', '', '', '', '', '', '', '', 'http://ortiz.info/', 'http://www.shanahan.biz/', '1974-08-18 04:11:31'),
(751, 'Et et quia dolores ex nihil.', 'Esse magni officiis ', 2, 153, 320131, '', '', '', '', '', '', '', '', 'http://botsfordschuster.biz/', 'http://rodriguez.com/', '1978-09-17 13:17:22'),
(752, 'Sunt quo at rerum sint.', 'Maiores suscipit por', 3, 154, 320132, '', '', '', '', '', '', '', '', 'http://hessel.com/', 'http://harberluettgen.net/', '1997-10-22 17:55:32'),
(753, 'Maxime non quia dolorem tempora.', 'Totam odit nemo ea d', 4, 155, 320133, '', '', '', '', '', '', '', '', 'http://www.hills.com/', 'http://www.ward.com/', '1997-05-04 23:46:48'),
(754, 'Dolor assumenda qui.', 'Ut libero aut pariat', 5, 156, 320134, '', '', '', '', '', '', '', '', 'http://andersonwalker.org/', 'http://upton.com/', '2008-03-20 23:47:06'),
(755, 'Delectus consequuntur sunt nihil.', 'Eius autem quis dolo', 6, 157, 320135, '', '', '', '', '', '', '', '', 'http://huelglover.biz/', 'http://www.bernier.com/', '2017-09-29 04:26:10'),
(756, 'Exercitationem ipsa ut.', 'Error ut eaque nihil', 7, 158, 320136, '', '', '', '', '', '', '', '', 'http://www.bashirian.com/', 'http://goodwin.com/', '1980-10-20 00:16:49'),
(757, 'Est nisi soluta.', 'Optio magnam eos qua', 1, 159, 320137, '', '', '', '', '', '', '', '', 'http://www.maggio.com/', 'http://dietrichwest.com/', '1994-08-14 14:19:55'),
(758, 'Quae aut porro porro.', 'Culpa tenetur est ac', 2, 160, 320138, '', '', '', '', '', '', '', '', 'http://barton.com/', 'http://feeney.org/', '1989-08-30 19:20:24'),
(759, 'Quo et et molestiae.', 'Ipsam ut excepturi o', 3, 161, 320139, '', '', '', '', '', '', '', '', 'http://www.koelpin.info/', 'http://orn.com/', '1982-09-28 21:12:42'),
(760, 'Voluptatem inventore animi velit.', 'Id illum placeat bea', 4, 162, 320140, '', '', '', '', '', '', '', '', 'http://bauch.com/', 'http://www.boyercruickshank.biz/', '1981-08-02 16:20:39'),
(761, 'Quia ipsum nam.', 'Consequuntur volupta', 5, 163, 320101, '', '', '', '', '', '', '', '', 'http://mclaughlin.com/', 'http://www.yostrowe.org/', '1999-05-06 06:04:59'),
(762, 'Sapiente quia aut id.', 'Et dolores eum archi', 6, 164, 320102, '', '', '', '', '', '', '', '', 'http://bernhard.com/', 'http://connelly.com/', '1990-04-02 04:28:42'),
(763, 'Explicabo quisquam aperiam consectetur.', 'Eos sunt rem vel et ', 7, 165, 320103, '', '', '', '', '', '', '', '', 'http://sawaynmcdermott.com/', 'http://www.handoreilly.com/', '1974-03-20 00:49:51'),
(764, 'In voluptatibus voluptatem veniam.', 'Fugiat facilis moles', 1, 166, 320104, '', '', '', '', '', '', '', '', 'http://www.terry.biz/', 'http://www.fadel.net/', '1994-07-05 12:43:45'),
(765, 'Aperiam in sunt ut tempore.', 'Sed et voluptate ab ', 2, 167, 320105, '', '', '', '', '', '', '', '', 'http://www.schowalter.com/', 'http://www.dooleydeckow.com/', '2009-08-02 06:21:43'),
(766, 'Et cupiditate nisi laborum.', 'Ut omnis nesciunt in', 3, 168, 320106, '', '', '', '', '', '', '', '', 'http://mayercrooks.biz/', 'http://mosciskiokuneva.biz/', '1985-12-19 13:00:16'),
(767, 'Labore sunt quia.', 'Id nihil a fugit mag', 4, 169, 320107, '', '', '', '', '', '', '', '', 'http://www.flatley.net/', 'http://bernierbecker.info/', '1988-04-08 12:46:06'),
(768, 'Ut voluptatem dolorem dolore.', 'Recusandae aliquid e', 5, 170, 320108, '', '', '', '', '', '', '', '', 'http://johnsonmarvin.info/', 'http://klocko.com/', '1981-05-10 07:02:29'),
(769, 'Aperiam reiciendis est.', 'Aliquid autem labore', 6, 171, 320109, '', '', '', '', '', '', '', '', 'http://www.roberts.com/', 'http://www.price.com/', '2002-06-28 03:41:45'),
(770, 'Laboriosam fugit sunt cum sit.', 'Aliquid quae volupta', 7, 172, 320110, '', '', '', '', '', '', '', '', 'http://www.block.com/', 'http://www.nikolaus.net/', '1998-11-25 23:17:14'),
(771, 'Unde magni rem dolores.', 'Vel illo qui volupta', 1, 173, 320111, '', '', '', '', '', '', '', '', 'http://www.mohr.com/', 'http://www.johnslehner.com/', '1978-04-13 18:20:20'),
(772, 'In a qui.', 'Facilis consequuntur', 2, 174, 320112, '', '', '', '', '', '', '', '', 'http://huel.com/', 'http://hickle.org/', '1973-09-24 11:24:22'),
(773, 'Labore ipsum inventore modi.', 'Pariatur dolores inv', 3, 175, 320113, '', '', '', '', '', '', '', '', 'http://www.labadiehamill.net/', 'http://www.oconnerauer.com/', '2022-01-07 15:14:51'),
(774, 'Cum distinctio ipsa.', 'Vitae praesentium nu', 4, 176, 320114, '', '', '', '', '', '', '', '', 'http://www.kunde.net/', 'http://www.schadenrippin.org/', '1975-10-05 17:14:40'),
(775, 'Mollitia in nobis sit nemo.', 'Quod quaerat consequ', 5, 177, 320115, '', '', '', '', '', '', '', '', 'http://cartwrighthowe.com/', 'http://corwinconnelly.com/', '1992-03-24 02:13:13'),
(776, 'Doloremque est rerum vel maiores.', 'Ipsum laborum conseq', 6, 178, 320116, '', '', '', '', '', '', '', '', 'http://www.beahan.org/', 'http://keeling.com/', '1990-09-11 08:58:28'),
(777, 'Et ab odit exercitationem.', 'Quidem autem sint al', 7, 179, 320117, '', '', '', '', '', '', '', '', 'http://kertzmann.org/', 'http://www.veum.com/', '1984-04-16 14:06:16'),
(778, 'Sint et provident unde numquam.', 'Atque recusandae ill', 1, 180, 320118, '', '', '', '', '', '', '', '', 'http://www.altenwerth.com/', 'http://wiegandfeeney.biz/', '1999-03-30 19:29:25'),
(779, 'Delectus consequuntur molestiae quo vel.', 'Ipsa quia ut exceptu', 2, 181, 320119, '', '', '', '', '', '', '', '', 'http://www.fisher.com/', 'http://dach.biz/', '2010-07-29 15:16:10'),
(780, 'Quaerat possimus est nobis excepturi.', 'Aliquam quos quia se', 3, 182, 320120, '', '', '', '', '', '', '', '', 'http://fritsch.com/', 'http://www.hoppe.com/', '1974-12-04 16:17:41'),
(781, 'Asperiores natus dignissimos ut iste qui.', 'Voluptas nihil tempo', 4, 183, 320121, '', '', '', '', '', '', '', '', 'http://wisokyshields.biz/', 'http://ornborer.com/', '1973-05-31 09:34:44'),
(782, 'Quas voluptatem velit sint.', 'Culpa temporibus aut', 5, 184, 320122, '', '', '', '', '', '', '', '', 'http://www.hoeger.net/', 'http://www.berniercrist.net/', '2019-09-26 03:56:47'),
(783, 'Id enim nihil rem.', 'Nulla eligendi volup', 6, 185, 320123, '', '', '', '', '', '', '', '', 'http://www.collins.org/', 'http://mante.net/', '1990-07-16 13:49:35'),
(784, 'Ut non qui accusantium.', 'Natus et quia est qu', 7, 186, 320124, '', '', '', '', '', '', '', '', 'http://www.terrylittel.com/', 'http://jerde.biz/', '2008-01-11 06:21:39'),
(785, 'Consequatur eum atque earum.', 'Similique repellendu', 1, 187, 320125, '', '', '', '', '', '', '', '', 'http://www.hayeshomenick.com/', 'http://www.hackettheidenreich.com/', '1971-06-18 05:16:01'),
(786, 'Rerum aut qui illo rerum incidunt.', 'Vitae sed veniam est', 2, 188, 320126, '', '', '', '', '', '', '', '', 'http://www.hoppe.net/', 'http://www.abernathy.net/', '2019-07-10 08:50:06'),
(787, 'Magni architecto nostrum et et.', 'Minus molestias et o', 3, 189, 320127, '', '', '', '', '', '', '', '', 'http://mueller.net/', 'http://www.bartoletti.com/', '1983-12-29 19:24:18'),
(788, 'Temporibus est eum iste.', 'Deserunt quia sunt s', 4, 190, 320128, '', '', '', '', '', '', '', '', 'http://www.emmerich.com/', 'http://davispurdy.org/', '2018-04-06 15:10:21'),
(789, 'Cum incidunt voluptatibus sunt quam.', 'Molestias fugiat min', 5, 191, 320129, '', '', '', '', '', '', '', '', 'http://leannon.org/', 'http://www.smithamstrosin.com/', '2014-07-22 23:36:30'),
(790, 'Nesciunt est ex nulla incidunt.', 'Expedita quisquam ex', 6, 192, 320130, '', '', '', '', '', '', '', '', 'http://gorczanyosinski.com/', 'http://www.johnsongusikowski.com/', '2000-10-20 07:50:19'),
(791, 'Eos dolorum et repudiandae voluptatem sed.', 'Rem quidem perspicia', 7, 193, 320131, '', '', '', '', '', '', '', '', 'http://hintz.biz/', 'http://www.kilbackrath.biz/', '1995-03-28 12:00:03');
INSERT INTO `inovasi` (`id_inovasi`, `nama_inovasi`, `status_inovasi`, `id_bidang_inovasi`, `id_inovator`, `id_kecamatan`, `deskripsi`, `penjaringan_ide`, `manfaat_inovasi`, `dampak_inovasi`, `proposal_inovasi`, `dokumentasi_inovasi`, `foto_inovator`, `foto_inovasi`, `link_medsos`, `video_link_youtube`, `created_at`) VALUES
(792, 'Natus provident nam consectetur sit.', 'Omnis velit non recu', 1, 194, 320132, '', '', '', '', '', '', '', '', 'http://volkmanbednar.com/', 'http://welch.net/', '2010-07-21 00:53:09'),
(793, 'Eos in laboriosam aut.', 'Est consequuntur qua', 2, 195, 320133, '', '', '', '', '', '', '', '', 'http://stracke.com/', 'http://jenkins.com/', '2005-03-26 15:19:19'),
(794, 'Nemo omnis cupiditate inventore qui.', 'Qui voluptas fugiat ', 3, 196, 320134, '', '', '', '', '', '', '', '', 'http://www.schaefertromp.com/', 'http://kuhic.biz/', '1973-09-07 11:49:40'),
(795, 'Impedit culpa fugit aperiam.', 'Amet minus quia offi', 4, 197, 320135, '', '', '', '', '', '', '', '', 'http://www.schillernicolas.net/', 'http://lueilwitzturcotte.com/', '2017-10-24 06:58:32'),
(796, 'Ut enim doloremque quas.', 'Inventore nesciunt p', 5, 198, 320136, '', '', '', '', '', '', '', '', 'http://halvorson.com/', 'http://oreillyschneider.com/', '1972-07-02 22:00:00'),
(797, 'Commodi odit ut provident.', 'Consectetur labore e', 6, 199, 320137, '', '', '', '', '', '', '', '', 'http://vonrueden.com/', 'http://www.hartmann.com/', '1987-10-04 09:40:36'),
(798, 'Aut quasi aut veritatis amet.', 'Esse doloremque volu', 7, 200, 320138, '', '', '', '', '', '', '', '', 'http://www.little.com/', 'http://www.hettingerheidenreich.org/', '1970-12-08 13:46:30'),
(799, 'Rerum sed numquam sint voluptas qui.', 'Officia a ea dolorem', 1, 201, 320139, '', '', '', '', '', '', '', '', 'http://marks.com/', 'http://www.schroeder.com/', '2008-10-16 06:50:37'),
(800, 'Voluptatem sapiente amet iste.', 'Sequi nam nam dolore', 2, 202, 320140, '', '', '', '', '', '', '', '', 'http://www.sauer.com/', 'http://www.mcclurefriesen.org/', '2019-11-19 19:26:58'),
(801, 'Cupiditate velit aspernatur.', 'Facilis laborum fuga', 3, 203, 320101, '', '', '', '', '', '', '', '', 'http://www.koch.net/', 'http://marvin.org/', '1976-02-13 05:28:16'),
(802, 'Nihil nihil aspernatur officiis.', 'Ex qui ut cumque eos', 4, 204, 320102, '', '', '', '', '', '', '', '', 'http://www.dibbert.com/', 'http://www.gleasongutkowski.com/', '2003-02-16 03:11:48'),
(803, 'Sint itaque iste nesciunt dolorem.', 'Quia maiores aperiam', 5, 205, 320103, '', '', '', '', '', '', '', '', 'http://www.bechtelar.org/', 'http://balistreri.biz/', '1985-12-26 09:04:38'),
(804, 'Accusamus eaque dolores rem rerum.', 'Sint corporis rerum ', 6, 206, 320104, '', '', '', '', '', '', '', '', 'http://www.ryanharber.com/', 'http://www.renner.com/', '2011-11-22 14:27:56'),
(805, 'Et et natus ut sint omnis.', 'Magni earum explicab', 7, 207, 320105, '', '', '', '', '', '', '', '', 'http://www.hand.info/', 'http://padberg.info/', '1995-08-27 19:59:18'),
(806, 'Modi vero quo non.', 'Excepturi consectetu', 1, 208, 320106, '', '', '', '', '', '', '', '', 'http://www.cremin.com/', 'http://www.rempel.com/', '2004-03-06 21:58:58'),
(807, 'Porro unde fugiat autem.', 'Dolor nobis explicab', 2, 209, 320107, '', '', '', '', '', '', '', '', 'http://frami.info/', 'http://schmittrunolfsdottir.com/', '1973-11-21 20:18:06'),
(808, 'Voluptates voluptate voluptas facere aut.', 'Molestiae incidunt r', 3, 210, 320108, '', '', '', '', '', '', '', '', 'http://www.braun.com/', 'http://mohr.info/', '2003-11-09 16:52:14'),
(809, 'Autem soluta doloribus non sunt.', 'Adipisci corporis ip', 4, 211, 320109, '', '', '', '', '', '', '', '', 'http://www.blick.org/', 'http://www.marks.com/', '1977-10-14 12:36:48'),
(810, 'Similique dolores mollitia.', 'Exercitationem quo e', 5, 212, 320110, '', '', '', '', '', '', '', '', 'http://www.bogan.com/', 'http://www.hessel.com/', '1985-08-24 03:43:10'),
(811, 'Quaerat ut blanditiis voluptate maxime.', 'Molestiae quas qui c', 6, 213, 320111, '', '', '', '', '', '', '', '', 'http://www.kulas.com/', 'http://pagac.org/', '2020-01-25 13:12:13'),
(812, 'Mollitia libero earum est.', 'Sit autem nemo et ni', 7, 214, 320112, '', '', '', '', '', '', '', '', 'http://www.cassinrunolfsdottir.com/', 'http://aufderharrussel.org/', '2012-04-12 06:11:48'),
(813, 'Molestiae id ipsam architecto.', 'Voluptates molestiae', 1, 215, 320113, '', '', '', '', '', '', '', '', 'http://powlowski.com/', 'http://kutchsmitham.org/', '1996-08-26 09:58:05'),
(814, 'Error magni rem nihil.', 'Unde numquam unde of', 2, 216, 320114, '', '', '', '', '', '', '', '', 'http://www.baumbach.net/', 'http://www.douglas.com/', '1985-07-26 07:30:12'),
(815, 'Ut neque et aperiam quod quia.', 'Ipsa est ut voluptat', 3, 217, 320115, '', '', '', '', '', '', '', '', 'http://www.gutmann.com/', 'http://bahringer.com/', '2022-01-09 05:33:04'),
(816, 'Excepturi quis nemo adipisci enim maxime.', 'Animi libero volupta', 4, 218, 320116, '', '', '', '', '', '', '', '', 'http://huel.com/', 'http://www.stroman.info/', '1993-05-15 17:09:07'),
(817, 'Iusto non recusandae quia quia deserunt.', 'Occaecati aspernatur', 5, 219, 320117, '', '', '', '', '', '', '', '', 'http://www.collier.com/', 'http://www.purdymaggio.info/', '2005-10-02 08:36:57'),
(818, 'Aut nisi ut consequuntur error.', 'Laudantium qui minim', 6, 220, 320118, '', '', '', '', '', '', '', '', 'http://www.kuphal.org/', 'http://barrows.com/', '1987-09-07 23:40:03'),
(819, 'Cupiditate ut quo quis culpa.', 'Ducimus voluptates p', 7, 221, 320119, '', '', '', '', '', '', '', '', 'http://kozey.com/', 'http://baileykshlerin.com/', '1982-11-28 06:10:28'),
(820, 'Est illum fugit dolorem excepturi.', 'Et aspernatur est ut', 1, 222, 320120, '', '', '', '', '', '', '', '', 'http://hills.com/', 'http://maggio.com/', '2015-11-22 17:34:36'),
(821, 'Qui vel animi qui velit.', 'Praesentium et delen', 2, 223, 320121, '', '', '', '', '', '', '', '', 'http://www.runteschowalter.com/', 'http://andersonmedhurst.biz/', '2004-12-19 18:22:54'),
(822, 'Blanditiis at iure tenetur placeat ipsa.', 'Aut consequuntur qui', 3, 224, 320122, '', '', '', '', '', '', '', '', 'http://www.parisian.com/', 'http://www.kozeyhoeger.com/', '1992-07-26 11:58:37'),
(823, 'Fugiat expedita placeat deleniti facilis.', 'Sunt voluptatem libe', 4, 225, 320123, '', '', '', '', '', '', '', '', 'http://www.rosenbaum.com/', 'http://becker.biz/', '1997-06-10 16:51:38'),
(824, 'Est eos ut repudiandae omnis et.', 'Enim voluptatem dolo', 5, 226, 320124, '', '', '', '', '', '', '', '', 'http://www.klein.info/', 'http://www.gibson.com/', '1976-08-22 13:20:27'),
(825, 'Aut et odit incidunt doloremque in.', 'Unde est accusantium', 6, 227, 320125, '', '', '', '', '', '', '', '', 'http://hanepfeffer.com/', 'http://www.hudson.com/', '2019-06-27 18:22:34'),
(826, 'Eum laudantium nobis distinctio cumque.', 'Quis quo voluptatem ', 7, 228, 320126, '', '', '', '', '', '', '', '', 'http://nolan.biz/', 'http://kunzehahn.com/', '1977-03-07 16:51:41'),
(827, 'Tenetur amet quis.', 'Est minus enim occae', 1, 229, 320127, '', '', '', '', '', '', '', '', 'http://reichert.info/', 'http://www.braunschinner.info/', '2016-09-02 23:35:42'),
(828, 'Deleniti ut sint voluptas praesentium.', 'Praesentium veniam m', 2, 230, 320128, '', '', '', '', '', '', '', '', 'http://klocko.info/', 'http://cartwright.net/', '2006-04-19 04:57:33'),
(829, 'Veniam facilis et.', 'Officiis deleniti vo', 3, 231, 320129, '', '', '', '', '', '', '', '', 'http://nikolaus.com/', 'http://romaguera.com/', '1972-05-20 03:25:58'),
(830, 'Maiores quia repudiandae adipisci.', 'Sed sit sed velit re', 4, 232, 320130, '', '', '', '', '', '', '', '', 'http://www.kub.biz/', 'http://www.mcculloughlockman.biz/', '2014-10-13 03:24:56'),
(831, 'Quia et labore laboriosam voluptas.', 'Tempora quisquam off', 5, 233, 320131, '', '', '', '', '', '', '', '', 'http://www.hirthe.com/', 'http://www.kesslerledner.net/', '2009-06-05 15:20:13'),
(832, 'Corrupti facilis blanditiis.', 'Voluptatem ex dolore', 6, 234, 320132, '', '', '', '', '', '', '', '', 'http://jenkins.com/', 'http://lowe.net/', '1985-03-09 12:10:54'),
(833, 'Ea iusto non sed aut.', 'Illum cumque nisi un', 7, 235, 320133, '', '', '', '', '', '', '', '', 'http://gloverondricka.org/', 'http://www.ziemann.com/', '1980-11-15 04:39:24'),
(834, 'Ut distinctio necessitatibus.', 'Hic fugiat et verita', 1, 236, 320134, '', '', '', '', '', '', '', '', 'http://www.barton.com/', 'http://www.mcdermott.com/', '1997-07-11 00:46:05'),
(835, 'Eius nemo eum neque natus eum.', 'Minima voluptatem au', 2, 237, 320135, '', '', '', '', '', '', '', '', 'http://www.murphy.info/', 'http://www.wolf.com/', '2009-02-22 00:20:18'),
(836, 'Nisi earum quisquam rerum qui vero.', 'Et ea quam praesenti', 3, 238, 320136, '', '', '', '', '', '', '', '', 'http://www.champlin.org/', 'http://www.blandarippin.net/', '2016-01-15 15:19:19'),
(837, 'Quis voluptas consequuntur voluptatem.', 'Aut doloremque amet ', 4, 239, 320137, '', '', '', '', '', '', '', '', 'http://nienowbraun.org/', 'http://www.rath.com/', '2015-06-05 03:16:46'),
(838, 'Esse aut aliquam beatae aut.', 'Fugiat et voluptates', 5, 240, 320138, '', '', '', '', '', '', '', '', 'http://kris.com/', 'http://wisokydenesik.biz/', '1996-08-02 23:14:12'),
(839, 'Sunt est unde expedita eveniet provident.', 'Odio quam consequatu', 6, 241, 320139, '', '', '', '', '', '', '', '', 'http://www.jast.biz/', 'http://www.dooley.com/', '1994-02-13 11:44:02'),
(840, 'Aperiam sint commodi.', 'Eligendi et consecte', 7, 242, 320140, '', '', '', '', '', '', '', '', 'http://swiftjohnson.com/', 'http://wehner.biz/', '1971-05-08 23:17:25'),
(841, 'Quia impedit quia placeat et.', 'Et alias atque ea ex', 1, 243, 320101, '', '', '', '', '', '', '', '', 'http://kuhlmandoyle.com/', 'http://www.von.info/', '2000-05-13 03:22:41'),
(842, 'Saepe sed est temporibus quisquam.', 'Explicabo quia tempo', 2, 244, 320102, '', '', '', '', '', '', '', '', 'http://cristboyle.com/', 'http://www.hoppe.com/', '1983-10-18 03:13:32'),
(843, 'Odio autem repellat laborum dolorem.', 'Inventore quas quasi', 3, 245, 320103, '', '', '', '', '', '', '', '', 'http://paucek.com/', 'http://www.krajcikjones.org/', '2012-01-19 20:01:54'),
(844, 'Cumque accusantium voluptate necessitatibus enim.', 'Et dolorem et quo si', 4, 246, 320104, '', '', '', '', '', '', '', '', 'http://christiansen.com/', 'http://www.willparisian.com/', '1999-12-29 21:43:18'),
(845, 'Sed et beatae quia.', 'Dolorum veritatis au', 5, 247, 320105, '', '', '', '', '', '', '', '', 'http://lemke.org/', 'http://www.leuschke.org/', '2017-01-28 17:00:29'),
(846, 'Corporis earum ipsa itaque minus.', 'Omnis et dolorem dol', 6, 248, 320106, '', '', '', '', '', '', '', '', 'http://hermanschroeder.net/', 'http://schowalter.com/', '1999-11-30 21:50:09'),
(847, 'Impedit doloremque voluptas pariatur molestiae.', 'In doloribus laborio', 7, 249, 320107, '', '', '', '', '', '', '', '', 'http://www.wisozk.com/', 'http://nadergusikowski.info/', '2014-02-06 10:57:01'),
(848, 'Et in et.', 'Praesentium minus eo', 1, 250, 320108, '', '', '', '', '', '', '', '', 'http://www.rodriguez.biz/', 'http://www.lednermccullough.info/', '1997-09-13 17:52:02'),
(849, 'Quidem adipisci voluptas ipsam.', 'Iusto est rerum ea i', 2, 251, 320109, '', '', '', '', '', '', '', '', 'http://www.flatley.info/', 'http://schadenkutch.com/', '2011-10-19 15:46:53'),
(850, 'Et omnis voluptatibus amet voluptatem ab.', 'Quis quia animi quo.', 3, 252, 320110, '', '', '', '', '', '', '', '', 'http://luettgen.org/', 'http://boganlittle.biz/', '2001-03-19 14:56:16'),
(851, 'Quod facere dolorem animi minus qui.', 'Voluptatibus quidem ', 4, 253, 320111, '', '', '', '', '', '', '', '', 'http://www.ledner.info/', 'http://zemlak.com/', '1996-05-27 09:51:18'),
(852, 'A ducimus ut saepe.', 'Qui consequatur illu', 5, 254, 320112, '', '', '', '', '', '', '', '', 'http://hodkiewicz.com/', 'http://www.sanfordboyer.com/', '1975-06-12 13:40:16'),
(853, 'Pariatur nesciunt qui.', 'Animi repudiandae ex', 6, 255, 320113, '', '', '', '', '', '', '', '', 'http://christiansenhaley.net/', 'http://robertsgusikowski.com/', '2018-03-02 20:55:05'),
(854, 'Magni ut consectetur officia sit sapiente.', 'Nulla earum tempora ', 7, 256, 320114, '', '', '', '', '', '', '', '', 'http://bauch.com/', 'http://zboncak.biz/', '2000-07-18 21:59:14'),
(855, 'Repellendus harum quisquam.', 'Voluptatum magni ius', 1, 257, 320115, '', '', '', '', '', '', '', '', 'http://huelupton.org/', 'http://grant.biz/', '2001-01-27 07:58:56'),
(856, 'Explicabo adipisci similique id labore.', 'Rerum repellendus it', 2, 258, 320116, '', '', '', '', '', '', '', '', 'http://koelpin.com/', 'http://www.welchoberbrunner.com/', '1992-09-20 10:39:53'),
(857, 'Quia eos reprehenderit.', 'Officiis minima dolo', 3, 259, 320117, '', '', '', '', '', '', '', '', 'http://www.kessler.com/', 'http://www.wisokyparker.com/', '2000-03-26 07:29:24'),
(858, 'Sequi consectetur corrupti ad deserunt.', 'Blanditiis sint et l', 4, 260, 320118, '', '', '', '', '', '', '', '', 'http://www.ruecker.com/', 'http://kuhlmanryan.info/', '1994-01-03 00:52:37'),
(859, 'Tempore modi voluptatem.', 'In necessitatibus vo', 5, 261, 320119, '', '', '', '', '', '', '', '', 'http://www.kulasparker.com/', 'http://dare.biz/', '1987-12-19 08:45:59'),
(860, 'Aut explicabo impedit repellat itaque minima.', 'Est veniam veritatis', 6, 262, 320120, '', '', '', '', '', '', '', '', 'http://bogan.com/', 'http://www.kovacekjones.com/', '2002-04-20 13:32:56'),
(861, 'Omnis voluptatibus placeat molestiae cupiditate.', 'Quaerat placeat reru', 7, 263, 320121, '', '', '', '', '', '', '', '', 'http://sipeshalvorson.com/', 'http://lubowitz.com/', '1981-10-05 06:20:32'),
(862, 'Quod non reiciendis ut.', 'Dolores est ut maxim', 1, 264, 320122, '', '', '', '', '', '', '', '', 'http://terry.com/', 'http://zieme.com/', '1987-09-24 21:16:36'),
(863, 'Veritatis odio adipisci.', 'Quis deleniti quibus', 2, 265, 320123, '', '', '', '', '', '', '', '', 'http://greenbartell.com/', 'http://berge.net/', '1981-10-31 18:00:22'),
(864, 'Nisi totam facilis quo.', 'Voluptates et eaque ', 3, 266, 320124, '', '', '', '', '', '', '', '', 'http://www.stroman.com/', 'http://www.greenholt.biz/', '1982-10-02 22:59:50'),
(865, 'Libero molestias atque est.', 'A rem eaque sunt opt', 4, 267, 320125, '', '', '', '', '', '', '', '', 'http://boyle.info/', 'http://www.balistreri.info/', '2015-07-18 10:01:56'),
(866, 'Qui dicta voluptas aut.', 'Et repellendus paria', 5, 268, 320126, '', '', '', '', '', '', '', '', 'http://welch.org/', 'http://www.runolfssonmorar.net/', '1973-06-23 00:28:53'),
(867, 'Asperiores cumque id tenetur ducimus.', 'Adipisci illo offici', 6, 269, 320127, '', '', '', '', '', '', '', '', 'http://www.rice.org/', 'http://www.kilbackstanton.com/', '1997-08-04 10:46:54'),
(868, 'Dolor dolores in natus et.', 'Cum architecto alias', 7, 270, 320128, '', '', '', '', '', '', '', '', 'http://www.heathcotegibson.com/', 'http://www.little.com/', '2017-04-05 02:34:31'),
(869, 'Itaque dolores soluta dolores quia velit.', 'Adipisci natus venia', 1, 271, 320129, '', '', '', '', '', '', '', '', 'http://www.ratke.com/', 'http://www.borer.org/', '2020-04-08 18:10:11'),
(870, 'Voluptatem quasi provident.', 'Saepe repellat ut et', 2, 272, 320130, '', '', '', '', '', '', '', '', 'http://maggiothompson.com/', 'http://www.durgan.com/', '2000-05-06 17:04:21'),
(871, 'Et corporis qui.', 'Et id perferendis co', 3, 273, 320131, '', '', '', '', '', '', '', '', 'http://gusikowski.com/', 'http://www.greenholt.com/', '2000-11-11 18:48:07'),
(872, 'Voluptatem ab quis consectetur.', 'Qui consequatur exce', 4, 274, 320132, '', '', '', '', '', '', '', '', 'http://rathmurazik.biz/', 'http://www.gottlieb.com/', '2002-03-11 01:28:05'),
(873, 'Fuga nam doloribus fuga.', 'Quasi harum quibusda', 5, 275, 320133, '', '', '', '', '', '', '', '', 'http://www.pollich.com/', 'http://www.ernser.com/', '1984-02-12 10:38:21'),
(874, 'Eligendi sit consequatur molestiae maiores.', 'Rerum quis sint aspe', 6, 276, 320134, '', '', '', '', '', '', '', '', 'http://www.schuppe.com/', 'http://lynch.com/', '2008-06-13 03:03:20'),
(875, 'Beatae laudantium porro occaecati.', 'Qui quae sit esse do', 7, 277, 320135, '', '', '', '', '', '', '', '', 'http://www.jerde.net/', 'http://hansen.net/', '1999-09-09 13:21:05'),
(876, 'Excepturi voluptatibus id beatae.', 'Aut reiciendis inven', 1, 278, 320136, '', '', '', '', '', '', '', '', 'http://greenholtbergstrom.net/', 'http://swaniawski.org/', '2017-07-04 00:16:21');

-- --------------------------------------------------------

--
-- Struktur dari tabel `inovator`
--

CREATE TABLE `inovator` (
  `id_inovator` int(11) NOT NULL,
  `nama_inovator` varchar(100) NOT NULL,
  `nik` int(16) DEFAULT NULL,
  `tgl_lahir` date DEFAULT NULL,
  `jenis_kelamin` enum('L','P') NOT NULL,
  `alamat` text NOT NULL,
  `email` varchar(100) DEFAULT NULL,
  `no_telp` varchar(20) DEFAULT NULL,
  `id_kategori_inovator` int(4) DEFAULT NULL,
  `id_instansi` varchar(11) NOT NULL,
  `id_kecamatan` int(12) DEFAULT NULL,
  `id_desa` int(4) DEFAULT NULL,
  `latitude` float DEFAULT NULL,
  `longitude` float DEFAULT NULL,
  `id_akun` int(11) DEFAULT NULL
) ENGINE=InnoDB DEFAULT CHARSET=utf8;

--
-- Dumping data untuk tabel `inovator`
--

INSERT INTO `inovator` (`id_inovator`, `nama_inovator`, `nik`, `tgl_lahir`, `jenis_kelamin`, `alamat`, `email`, `no_telp`, `id_kategori_inovator`, `id_instansi`, `id_kecamatan`, `id_desa`, `latitude`, `longitude`, `id_akun`) VALUES
(1, 'Lilyan Sawayn', NULL, '2003-10-17', 'L', '8861 Cassidy Causeway', 'felicity.dickinson@example.net', 'Non sunt dicta repel', 1, '1', 320101, NULL, NULL, NULL, NULL),
(2, 'Miss Kaia Haag', NULL, '1981-08-13', 'L', '2997 Bogan Avenue', 'mbernier@example.com', 'Quam et maxime optio', 2, '', 320102, NULL, NULL, NULL, NULL),
(3, 'Mrs. Althea Douglas', NULL, '1996-12-21', 'L', '25065 O\'Kon Stream', 'kbayer@example.net', 'Soluta et commodi hi', 3, '', 320103, NULL, NULL, NULL, NULL),
(4, 'Quinten Hilll Jr.', NULL, '2006-02-17', 'P', '69481 Terry Streets', 'mark29@example.net', 'Quam quia eum nihil.', 4, '', 320104, NULL, NULL, NULL, NULL),
(5, 'Omari Kassulke', NULL, '1974-04-12', 'P', '5997 Deangelo Views', 'doyle.carleton@example.net', 'Molestias occaecati ', 5, '', 320105, NULL, NULL, NULL, NULL),
(6, 'Baron Beatty', NULL, '1970-11-08', 'L', '7662 Gleason Tunnel', 'lizzie.cartwright@example.net', 'Officia corrupti rep', 6, '', 320106, NULL, NULL, NULL, NULL),
(7, 'Mr. Sheridan Prosacco', NULL, '1970-07-20', 'L', '9531 Schulist Drive', 'qpaucek@example.net', 'Facere aliquam quia ', 7, '', 320107, NULL, NULL, NULL, NULL),
(8, 'Ole Frami', NULL, '2002-05-14', 'L', '978 Philip Hill Apt. 287', 'bethel78@example.com', 'Animi et suscipit qu', 8, '', 320108, NULL, NULL, NULL, NULL),
(9, 'Prof. Clemens Kuhn', NULL, '1971-01-14', 'L', '94888 Bergstrom Spurs', 'daugherty.colin@example.org', 'Rerum ullam rem eos ', 1, '', 320109, NULL, NULL, NULL, NULL),
(10, 'Ms. Crystal Schimmel', NULL, '2007-11-15', 'P', '7002 Kamren Station Suite 811', 'doris09@example.net', 'Et est ipsa porro. U', 2, '', 320110, NULL, NULL, NULL, NULL),
(11, 'Mr. Lee Crist', NULL, '1983-02-13', 'L', '9499 Friesen Lodge', 'wyman.wilmer@example.com', 'Officia voluptatem p', 3, '', 320111, NULL, NULL, NULL, NULL),
(12, 'Jairo Feest', NULL, '1986-06-10', 'L', '56672 Stracke Shoals Apt. 365', 'schinner.romaine@example.org', 'Doloribus ad corpori', 4, '', 320112, NULL, NULL, NULL, NULL),
(13, 'Lavina Hackett', NULL, '2010-04-26', 'L', '0301 Randal Summit Suite 455', 'gorczany.ludie@example.org', 'Assumenda expedita e', 5, '', 320113, NULL, NULL, NULL, NULL),
(14, 'Dr. Phyllis Lynch', NULL, '2016-10-12', 'L', '605 Quigley Track', 'yyost@example.com', 'Corrupti nam dolorem', 6, '', 320114, NULL, NULL, NULL, NULL),
(15, 'Bobbie Fahey', NULL, '1998-07-09', 'L', '3184 Allene Prairie', 'nyah96@example.org', 'Hic corrupti nihil d', 7, '', 320115, NULL, NULL, NULL, NULL),
(16, 'Miss Alberta Kreiger III', NULL, '2003-07-04', 'L', '4221 Zachariah Glens', 'abarrows@example.net', 'Dolor voluptatem est', 8, '', 320116, NULL, NULL, NULL, NULL),
(17, 'Leola Hilll IV', NULL, '2018-05-25', 'P', '3696 Vicenta Ferry', 'trudie60@example.net', 'Et deserunt et totam', 1, '', 320117, NULL, NULL, NULL, NULL),
(18, 'Mrs. Valentina Rempel PhD', NULL, '2007-04-06', 'P', '5094 Dax Wells Apt. 277', 'phyllis92@example.net', 'At illum impedit pos', 2, '', 320118, NULL, NULL, NULL, NULL),
(19, 'Mr. Camron Runolfsson', NULL, '2012-08-26', 'P', '44552 Zackery Station', 'jsawayn@example.com', 'Consequatur aut non ', 3, '', 320119, NULL, NULL, NULL, NULL),
(20, 'Lily Mills PhD', NULL, '2000-05-15', 'P', '1705 Huels Ridges', 'luettgen.richie@example.com', 'Nihil autem dicta cu', 4, '', 320120, NULL, NULL, NULL, NULL),
(21, 'Kristin Watsica', NULL, '1998-06-15', 'L', '07698 Trace Rue Suite 716', 'sgleason@example.com', 'Non temporibus velit', 5, '', 320121, NULL, NULL, NULL, NULL),
(22, 'Daniella Brown', NULL, '1996-07-04', 'P', '4051 Piper Common Apt. 573', 'cruz.hermiston@example.net', 'Asperiores esse laud', 6, '', 320122, NULL, NULL, NULL, NULL),
(23, 'Ken Grimes MD', NULL, '1992-05-27', 'P', '63992 Gaylord Rapid', 'marielle.moen@example.org', 'Laudantium veritatis', 7, '', 320123, NULL, NULL, NULL, NULL),
(24, 'Prof. Fermin Cremin', NULL, '1991-04-04', 'L', '9162 Hodkiewicz Roads', 'winston18@example.org', 'Minus est et minus v', 8, '', 320124, NULL, NULL, NULL, NULL),
(25, 'Litzy Vandervort', NULL, '1982-09-05', 'P', '60781 Leuschke Roads Apt. 390', 'alanis58@example.com', 'Voluptatum error vol', 1, '', 320125, NULL, NULL, NULL, NULL),
(26, 'Clemens Kuhn DDS', NULL, '1991-02-19', 'L', '662 Alexandro Walks Suite 954', 'rhett.lebsack@example.net', 'Id dolores dolor ven', 2, '', 320126, NULL, NULL, NULL, NULL),
(27, 'Dr. Kailee Upton', NULL, '1985-01-23', 'P', '8289 Waelchi Crossroad', 'xfadel@example.net', 'Voluptatem rerum et ', 3, '', 320127, NULL, NULL, NULL, NULL),
(28, 'Nico Reichel', NULL, '1990-12-25', 'L', '7568 Walton Ridge Suite 705', 'dusty.raynor@example.com', 'Eos quas rerum ea od', 4, '', 320128, NULL, NULL, NULL, NULL),
(29, 'Prof. Sven Harber DDS', NULL, '1982-03-08', 'L', '453 Hane Divide Suite 918', 'bmcdermott@example.org', 'Vero expedita volupt', 5, '', 320129, NULL, NULL, NULL, NULL),
(30, 'Prof. Enid Fay', NULL, '1975-04-25', 'L', '56165 Rowe Glen Suite 962', 'francesco.zboncak@example.net', 'Ratione nostrum non ', 6, '', 320130, NULL, NULL, NULL, NULL),
(31, 'Cortez Frami', NULL, '2011-05-06', 'L', '3310 Candace Meadows', 'blanca.ankunding@example.net', 'Id commodi deleniti ', 7, '', 320131, NULL, NULL, NULL, NULL),
(32, 'Raphaelle Kub', NULL, '1978-04-25', 'L', '214 Goodwin Square Suite 573', 'shanie74@example.org', 'Aut temporibus ratio', 8, '', 320132, NULL, NULL, NULL, NULL),
(33, 'Dr. Erika Wolff', NULL, '2018-06-11', 'P', '5796 Dicki Curve Suite 317', 'leilani38@example.net', 'Ut et occaecati volu', 1, '', 320133, NULL, NULL, NULL, NULL),
(34, 'Jennyfer Stokes DVM', NULL, '2001-09-24', 'P', '172 Marvin Extensions', 'bernardo97@example.com', 'Id voluptatem ea aut', 2, '', 320134, NULL, NULL, NULL, NULL),
(35, 'Brook McDermott', NULL, '2001-11-16', 'P', '58385 Destiney River Apt. 352', 'howe.stanton@example.net', 'Corrupti quia nulla ', 3, '', 320135, NULL, NULL, NULL, NULL),
(36, 'Mr. Wilfred Daniel', NULL, '1990-10-12', 'L', '1973 Reilly Islands Suite 977', 'murray.lourdes@example.net', 'Qui at dolorem nulla', 4, '', 320136, NULL, NULL, NULL, NULL),
(37, 'Prof. Marian Satterfield', NULL, '1977-07-23', 'P', '87057 Kris Shores', 'ila12@example.net', 'Veritatis quia esse ', 5, '', 320137, NULL, NULL, NULL, NULL),
(38, 'Dovie Towne', NULL, '1985-04-11', 'L', '11399 Francesca Gateway Apt. 899', 'vmoen@example.net', 'Aut sed blanditiis v', 6, '', 320138, NULL, NULL, NULL, NULL),
(39, 'Prof. Julius Hilpert', NULL, '1998-07-24', 'P', '3720 Zachariah Spring', 'chadrick.kreiger@example.com', 'Sapiente qui rem per', 7, '', 320139, NULL, NULL, NULL, NULL),
(40, 'Jamil Pagac', NULL, '1975-01-19', 'L', '17121 Smitham Harbors Apt. 522', 'justina.herzog@example.net', 'Quos necessitatibus ', 8, '', 320140, NULL, NULL, NULL, NULL),
(41, 'Ryann Wuckert', NULL, '2007-05-10', 'L', '47755 Dare Springs', 'vborer@example.net', 'Quae sit qui volupta', 1, '', 320101, NULL, NULL, NULL, NULL),
(42, 'Ms. Paula Luettgen', NULL, '2014-04-21', 'P', '6048 Miller Village', 'kip56@example.net', 'Fugiat aut ad eius v', 2, '', 320102, NULL, NULL, NULL, NULL),
(43, 'Miss Amira Osinski', NULL, '1989-10-11', 'L', '60615 Kilback Landing', 'lynn.berge@example.net', 'Dolor itaque ipsam s', 3, '', 320103, NULL, NULL, NULL, NULL),
(44, 'Dr. Reva Pagac II', NULL, '1981-12-04', 'L', '821 Malcolm Tunnel Apt. 121', 'marquardt.carolanne@example.org', 'Et natus non sed qui', 4, '', 320104, NULL, NULL, NULL, NULL),
(45, 'Elinore Schroeder', NULL, '1997-06-28', 'L', '60957 Vanessa Forges Suite 003', 'brenna.hilpert@example.com', 'Debitis illo ea dele', 5, '', 320105, NULL, NULL, NULL, NULL),
(46, 'Darron Effertz', NULL, '1996-03-14', 'P', '589 Dickinson Bridge Apt. 941', 'halvorson.mariam@example.net', 'Ut pariatur nam nisi', 6, '', 320106, NULL, NULL, NULL, NULL),
(47, 'Mr. Alessandro Rolfson', NULL, '1990-05-15', 'L', '7885 Ayana Vista Apt. 169', 'allan.heidenreich@example.net', 'Sit quo excepturi vo', 7, '', 320107, NULL, NULL, NULL, NULL),
(48, 'Miss Kaylie Predovic V', NULL, '1993-01-09', 'P', '55729 Waelchi Fork', 'tobin89@example.com', 'Voluptas saepe eveni', 8, '', 320108, NULL, NULL, NULL, NULL),
(49, 'Ms. Sadie Corwin MD', NULL, '2018-06-28', 'P', '1736 Ubaldo Parkways Suite 385', 'keaton75@example.org', 'Libero doloremque al', 1, '', 320109, NULL, NULL, NULL, NULL),
(50, 'Orrin Mohr', NULL, '1995-12-20', 'P', '99930 Isabelle Dam', 'hkling@example.net', 'Iure doloribus minim', 2, '', 320110, NULL, NULL, NULL, NULL),
(51, 'Prof. Akeem Wisozk DVM', NULL, '2006-02-22', 'P', '982 Mekhi Orchard', 'o\'conner.nolan@example.com', 'Qui qui ipsam saepe ', 3, '', 320111, NULL, NULL, NULL, NULL),
(52, 'Prof. Orrin Schneider', NULL, '1989-05-13', 'P', '802 Kshlerin Circles', 'gwen71@example.org', 'Quo delectus qui aut', 4, '', 320112, NULL, NULL, NULL, NULL),
(53, 'Elbert Koepp', NULL, '1982-03-17', 'L', '0812 Winifred Extensions Suite 525', 'else.king@example.org', 'Dolorem suscipit mai', 5, '', 320113, NULL, NULL, NULL, NULL),
(54, 'Dr. Dulce Gleichner', NULL, '1980-03-03', 'L', '1862 Tre Manor', 'bruen.lela@example.org', 'Saepe voluptas rerum', 6, '', 320114, NULL, NULL, NULL, NULL),
(55, 'Dr. Frankie Mohr', NULL, '2010-07-18', 'P', '924 Kuvalis Circle Apt. 663', 'rebeka67@example.com', 'Porro porro ratione ', 7, '', 320115, NULL, NULL, NULL, NULL),
(56, 'Caterina Von', NULL, '2007-09-09', 'L', '17865 Audra Union', 'brooklyn.homenick@example.com', 'Assumenda consectetu', 8, '', 320116, NULL, NULL, NULL, NULL),
(57, 'Dominic Senger', NULL, '2010-02-24', 'L', '71537 Roob Rest Apt. 342', 'nthompson@example.com', 'In velit est assumen', 1, '', 320117, NULL, NULL, NULL, NULL),
(58, 'Jaida Denesik', NULL, '1975-09-25', 'P', '05580 Kreiger Harbors Suite 605', 'clinton.jaskolski@example.org', 'Odit incidunt id vol', 2, '', 320118, NULL, NULL, NULL, NULL),
(59, 'Mayra Kassulke', NULL, '2001-10-02', 'L', '8935 Veum Freeway Apt. 448', 'ohamill@example.com', 'Sunt velit quasi lau', 3, '', 320119, NULL, NULL, NULL, NULL),
(60, 'Heber Dickens', NULL, '2010-09-13', 'L', '112 Beer Wall Apt. 476', 'flavie38@example.net', 'Voluptatibus necessi', 4, '', 320120, NULL, NULL, NULL, NULL),
(61, 'Ricky Stiedemann PhD', NULL, '1977-02-10', 'P', '9009 Cummerata Cape', 'jose.ruecker@example.com', 'Sed voluptatem facil', 5, '', 320121, NULL, NULL, NULL, NULL),
(62, 'Mandy Blanda', NULL, '2000-04-17', 'L', '9952 Gulgowski Motorway', 'greta.wilkinson@example.com', 'Possimus ducimus mai', 6, '', 320122, NULL, NULL, NULL, NULL),
(63, 'Sarina Sanford III', NULL, '2010-05-01', 'P', '668 Yundt Shore Suite 196', 'jefferey30@example.net', 'Aut et voluptatem re', 7, '', 320123, NULL, NULL, NULL, NULL),
(64, 'Ayana Quitzon', NULL, '2016-08-31', 'L', '53946 Wilfred Divide', 'mitchel90@example.com', 'Voluptatem ipsum rat', 8, '', 320124, NULL, NULL, NULL, NULL),
(65, 'Glen Stiedemann', NULL, '2015-10-15', 'L', '20931 Crawford Tunnel Apt. 812', 'jovany39@example.net', 'Nihil autem natus mi', 1, '', 320125, NULL, NULL, NULL, NULL),
(66, 'Nettie Pollich', NULL, '1994-08-30', 'P', '840 Krystina Circle', 'providenci.kunde@example.org', 'Culpa sapiente magna', 2, '', 320126, NULL, NULL, NULL, NULL),
(67, 'Delaney Schroeder', NULL, '1974-12-09', 'L', '4596 Lynch Lane', 'psauer@example.com', 'Qui vero voluptatem ', 3, '', 320127, NULL, NULL, NULL, NULL),
(68, 'Prof. Cyril O\'Connell', NULL, '2010-12-27', 'P', '494 Gleason Meadows Suite 082', 'claud.reichert@example.com', 'Quos voluptatem aut ', 4, '', 320128, NULL, NULL, NULL, NULL),
(69, 'Kailey Borer', NULL, '2007-07-18', 'L', '7603 Derrick Lodge Suite 287', 'yhowell@example.com', 'Saepe enim doloremqu', 5, '', 320129, NULL, NULL, NULL, NULL),
(70, 'Mr. Everardo Jerde I', NULL, '1977-11-08', 'L', '85325 Alec Pass', 'mina33@example.com', 'Aliquam blanditiis a', 6, '', 320130, NULL, NULL, NULL, NULL),
(71, 'Prof. Dante Moen II', NULL, '1978-10-07', 'L', '401 Purdy Inlet Suite 326', 'goyette.tyler@example.org', 'Reiciendis non iste ', 7, '', 320131, NULL, NULL, NULL, NULL),
(72, 'Jermain Reichert PhD', NULL, '1988-01-25', 'P', '6593 Tyrell Ville Suite 851', 'ishields@example.org', 'Occaecati quia vitae', 8, '', 320132, NULL, NULL, NULL, NULL),
(73, 'Devin Cremin DDS', NULL, '1997-12-22', 'L', '1988 Mallie Mills Suite 263', 'ofunk@example.org', 'Saepe molestiae volu', 1, '', 320133, NULL, NULL, NULL, NULL),
(74, 'Bailee Rau', NULL, '2021-07-26', 'P', '41663 Vivian Run Apt. 866', 'xharvey@example.org', 'Alias consectetur eu', 2, '', 320134, NULL, NULL, NULL, NULL),
(75, 'Mr. Carroll Dooley', NULL, '1983-12-21', 'P', '442 Kemmer Motorway', 'kelly.mohr@example.net', 'Enim et est sint quo', 3, '', 320135, NULL, NULL, NULL, NULL),
(76, 'Prof. Isabelle Rolfson III', NULL, '1970-05-12', 'P', '90602 Bednar Loop', 'mustafa35@example.net', 'Voluptas ducimus qua', 4, '', 320136, NULL, NULL, NULL, NULL),
(77, 'Khalil Rice', NULL, '1993-03-17', 'L', '2985 Damion Road Apt. 029', 'hayley81@example.org', 'Earum consectetur il', 5, '', 320137, NULL, NULL, NULL, NULL),
(78, 'Patience Willms', NULL, '2001-12-29', 'P', '917 Terrance Pike', 'darrel.jacobson@example.com', 'Dolore laudantium qu', 6, '', 320138, NULL, NULL, NULL, NULL),
(79, 'Angus Terry', NULL, '1992-09-27', 'P', '81948 Laurence Trafficway Apt. 274', 'marcelina.rohan@example.org', 'Voluptatibus placeat', 7, '', 320139, NULL, NULL, NULL, NULL),
(80, 'Mireya Kihn', NULL, '1995-02-15', 'P', '75955 Arthur Islands Suite 393', 'kelsi25@example.org', 'Sit doloremque dolor', 8, '', 320140, NULL, NULL, NULL, NULL),
(81, 'Miss Elyssa Cormier', NULL, '1996-08-31', 'P', '52373 Stracke Lake Apt. 671', 'coby21@example.org', 'Qui quae non numquam', 1, '', 320101, NULL, NULL, NULL, NULL),
(82, 'Dr. Enos Wisoky', NULL, '2004-09-08', 'L', '4470 Vernice Mill', 'zulauf.zora@example.net', 'Numquam quia odio at', 2, '', 320102, NULL, NULL, NULL, NULL),
(83, 'Prof. Augustine Champlin PhD', NULL, '2010-02-18', 'L', '935 Hosea Inlet', 'lavada98@example.com', 'Autem tempora commod', 3, '', 320103, NULL, NULL, NULL, NULL),
(84, 'Lenora Schultz', NULL, '1976-02-25', 'L', '06850 Gleichner Vista Suite 357', 'marta24@example.net', 'Nesciunt aut sed lab', 4, '', 320104, NULL, NULL, NULL, NULL),
(85, 'Ms. Leila Runte Sr.', NULL, '2016-11-04', 'L', '0634 Corkery Mountain', 'esperanza78@example.com', 'Ratione consequuntur', 5, '', 320105, NULL, NULL, NULL, NULL),
(86, 'Verner Klein Jr.', NULL, '2007-09-23', 'P', '805 Jenkins Coves', 'shanie44@example.com', 'Sunt inventore aliqu', 6, '', 320106, NULL, NULL, NULL, NULL),
(87, 'Turner Sipes', NULL, '2008-11-05', 'P', '833 Christ Crest', 'merl.mills@example.net', 'Sint praesentium dol', 7, '', 320107, NULL, NULL, NULL, NULL),
(88, 'Prof. Jerrell Jacobson', NULL, '1990-01-22', 'L', '205 Zander Spurs', 'ubeier@example.org', 'Qui voluptatum beata', 8, '', 320108, NULL, NULL, NULL, NULL),
(89, 'Dr. Dandre Torphy DDS', NULL, '2011-02-17', 'P', '368 Beryl Parkways Suite 291', 'rice.addison@example.net', 'Molestiae atque et q', 1, '', 320109, NULL, NULL, NULL, NULL),
(90, 'Nick Reynolds', NULL, '1977-04-15', 'L', '37245 Leone Extensions Apt. 430', 'alvera99@example.net', 'Sit aut quod modi ex', 2, '', 320110, NULL, NULL, NULL, NULL),
(91, 'Mckayla Brekke', NULL, '2004-08-14', 'L', '92862 Archibald Wall', 'pgreenholt@example.com', 'Repellat qui repelle', 3, '', 320111, NULL, NULL, NULL, NULL),
(92, 'Monica Hand Sr.', NULL, '2005-05-01', 'P', '7108 Thompson Flat Apt. 965', 'carlee79@example.org', 'Veritatis ut labore ', 4, '', 320112, NULL, NULL, NULL, NULL),
(93, 'Lessie Hickle', NULL, '2006-11-20', 'P', '59652 Shad Place', 'emiller@example.net', 'Quo odit a et perfer', 5, '', 320113, NULL, NULL, NULL, NULL),
(94, 'Dr. Natalie Ernser II', NULL, '2008-11-21', 'P', '025 Strosin Greens', 'pschuppe@example.org', 'Voluptatibus dolorem', 6, '', 320114, NULL, NULL, NULL, NULL),
(95, 'Prof. Berta Green PhD', NULL, '1986-01-21', 'P', '990 Wisozk Curve', 'schuster.vella@example.org', 'Fugit iste dolore ei', 7, '', 320115, NULL, NULL, NULL, NULL),
(96, 'Nasir Nolan', NULL, '2006-05-24', 'P', '8782 Nikolaus Ranch', 'ydach@example.net', 'Ut error magni dolor', 8, '', 320116, NULL, NULL, NULL, NULL),
(97, 'Ms. Bettie Lesch MD', NULL, '1989-11-07', 'P', '5410 McClure Camp Suite 263', 'mathilde.auer@example.org', 'Sed magni harum qui ', 1, '', 320117, NULL, NULL, NULL, NULL),
(98, 'Fannie Gutmann', NULL, '2001-02-03', 'P', '036 Abigayle Island Apt. 732', 'shirley.keeling@example.org', 'Inventore voluptatem', 2, '', 320118, NULL, NULL, NULL, NULL),
(99, 'Kennedy Heller Jr.', NULL, '1973-10-24', 'L', '4434 Gene Roads', 'vrohan@example.net', 'Labore labore soluta', 3, '', 320119, NULL, NULL, NULL, NULL),
(100, 'Litzy Mueller', NULL, '1999-12-08', 'L', '4925 Cormier Common Apt. 718', 'fredrick.breitenberg@example.net', 'Consectetur aspernat', 4, '', 320120, NULL, NULL, NULL, NULL),
(101, 'Michaela Rau', NULL, '2004-12-19', 'L', '0594 Davonte Ford', 'bcummings@example.com', 'Enim deserunt provid', 5, '', 320121, NULL, NULL, NULL, NULL),
(102, 'Prof. Verlie Lowe', NULL, '2022-01-24', 'L', '631 Mann Prairie Apt. 657', 'schimmel.sonya@example.org', 'Eveniet eum dolor qu', 6, '', 320122, NULL, NULL, NULL, NULL),
(103, 'Joel Will', NULL, '2000-07-12', 'L', '996 Michel Estate Suite 663', 'schmitt.zachary@example.com', 'Eligendi nostrum per', 7, '', 320123, NULL, NULL, NULL, NULL),
(104, 'Ocie Wuckert', NULL, '1974-11-23', 'L', '96722 Ardella Drive', 'xbernier@example.com', 'Beatae laboriosam sa', 8, '', 320124, NULL, NULL, NULL, NULL),
(105, 'Mrs. Dandre Hickle', NULL, '2009-12-19', 'L', '7445 Madilyn Shoals', 'pamela26@example.org', 'Architecto non tempo', 1, '', 320125, NULL, NULL, NULL, NULL),
(106, 'Ms. Willie Halvorson', NULL, '2021-08-11', 'P', '0501 Ankunding Mission', 'destini57@example.com', 'Qui saepe consectetu', 2, '', 320126, NULL, NULL, NULL, NULL),
(107, 'Alfredo Marquardt', NULL, '2001-02-19', 'L', '7047 Feeney Shoal Suite 070', 'trace.gerhold@example.org', 'Architecto voluptas ', 3, '', 320127, NULL, NULL, NULL, NULL),
(108, 'Maximillian Mohr', NULL, '1972-04-24', 'L', '5209 Cristobal Coves Apt. 026', 'ryleigh.carter@example.org', 'Consequatur mollitia', 4, '', 320128, NULL, NULL, NULL, NULL),
(109, 'Moriah Feeney', NULL, '2005-03-30', 'L', '06690 DuBuque Courts Suite 463', 'willms.dino@example.org', 'Optio omnis aliquid ', 5, '', 320129, NULL, NULL, NULL, NULL),
(110, 'Odie Bergstrom', NULL, '1987-12-15', 'P', '966 Alexa Course Suite 862', 'mmccullough@example.net', 'Sed sequi iste eaque', 6, '', 320130, NULL, NULL, NULL, NULL),
(111, 'Salvador Boyer', NULL, '1989-01-14', 'P', '06897 Donnie Coves Suite 188', 'kylie.kiehn@example.net', 'Dolorem rerum qui qu', 7, '', 320131, NULL, NULL, NULL, NULL),
(112, 'Gregorio Volkman', NULL, '2014-11-19', 'L', '95905 Amy Flat Apt. 368', 'yrice@example.org', 'Harum quibusdam et t', 8, '', 320132, NULL, NULL, NULL, NULL),
(113, 'Carissa Walsh', NULL, '1989-08-13', 'L', '7391 Goyette Pines', 'kimberly.kub@example.net', 'Non asperiores animi', 1, '', 320133, NULL, NULL, NULL, NULL),
(114, 'Mr. Drake Macejkovic', NULL, '1993-11-05', 'L', '377 Alejandrin Ways', 'ibrahim19@example.com', 'Ipsa sunt est tempor', 2, '', 320134, NULL, NULL, NULL, NULL),
(115, 'Prof. Sylvester Wintheiser', NULL, '1992-09-01', 'P', '1668 Hayes Course Apt. 277', 'name.terry@example.com', 'Deleniti eius sequi ', 3, '', 320135, NULL, NULL, NULL, NULL),
(116, 'Nicklaus VonRueden Sr.', NULL, '1977-02-04', 'L', '58063 Haag Rest Apt. 835', 'bert.pouros@example.org', 'Laboriosam rerum par', 4, '', 320136, NULL, NULL, NULL, NULL),
(117, 'Leola Quitzon', NULL, '1984-01-09', 'L', '8873 Brakus Garden Apt. 499', 'dfay@example.org', 'Dolores delectus off', 5, '', 320137, NULL, NULL, NULL, NULL),
(118, 'Mr. Michel Hamill', NULL, '1986-01-22', 'P', '962 Jenkins Rapid', 'ulices60@example.com', 'Qui non porro dolor ', 6, '', 320138, NULL, NULL, NULL, NULL),
(119, 'Guido Pfannerstill', NULL, '1996-12-11', 'P', '5329 Felipa River Apt. 096', 'kparker@example.org', 'Accusamus dolor sit ', 7, '', 320139, NULL, NULL, NULL, NULL),
(120, 'Meta Corkery', NULL, '1978-05-07', 'P', '8753 Lavada Prairie Suite 685', 'hoppe.bonnie@example.net', 'Accusamus nisi qui p', 8, '', 320140, NULL, NULL, NULL, NULL),
(121, 'Judd McDermott I', NULL, '2018-05-11', 'P', '07045 Keeling Plains Apt. 380', 'rosamond40@example.com', 'Odio culpa dicta qui', 1, '', 320101, NULL, NULL, NULL, NULL),
(122, 'Craig Leuschke III', NULL, '2020-06-16', 'P', '6474 Harber Trail Suite 358', 'christopher.schumm@example.com', 'Dolore consectetur v', 2, '', 320102, NULL, NULL, NULL, NULL),
(123, 'Mr. Khalil Hyatt Jr.', NULL, '1983-12-16', 'P', '7192 Hackett Fall', 'kristin92@example.org', 'Dolorem aut facilis ', 3, '', 320103, NULL, NULL, NULL, NULL),
(124, 'Vanessa Grimes III', NULL, '2021-02-02', 'P', '0463 Ledner Gardens Suite 755', 'jaclyn76@example.net', 'Voluptas eius dolor ', 4, '', 320104, NULL, NULL, NULL, NULL),
(125, 'Kip Koelpin', NULL, '1993-06-22', 'L', '858 Heaney Circles', 'theodora26@example.net', 'Commodi ut blanditii', 5, '', 320105, NULL, NULL, NULL, NULL),
(126, 'Bell Fadel', NULL, '1972-11-25', 'L', '1117 Vallie Well Suite 751', 'buckridge.cathrine@example.net', 'Pariatur sequi debit', 6, '', 320106, NULL, NULL, NULL, NULL),
(127, 'Dr. Diamond Batz', NULL, '1976-08-02', 'P', '1638 Rod Centers', 'schmeler.samanta@example.net', 'Sint voluptatem maxi', 7, '', 320107, NULL, NULL, NULL, NULL),
(128, 'Claire Leffler', NULL, '1970-02-03', 'P', '9396 Johnson Courts Apt. 213', 'lmayert@example.com', 'Aut aut et labore la', 8, '', 320108, NULL, NULL, NULL, NULL),
(129, 'Dr. Nettie Cruickshank DVM', NULL, '1977-02-02', 'P', '30018 Christop Parkways', 'iemmerich@example.net', 'Sint temporibus nisi', 1, '', 320109, NULL, NULL, NULL, NULL),
(130, 'Miss Athena Pfannerstill I', NULL, '1999-05-17', 'L', '20774 Rosamond Isle', 'magdalena.feest@example.org', 'Suscipit et odit fac', 2, '', 320110, NULL, NULL, NULL, NULL),
(131, 'Mollie Koelpin', NULL, '1971-04-12', 'P', '87715 Brakus Pass Apt. 459', 'kshlerin.kip@example.org', 'Qui nemo qui ipsam m', 3, '', 320111, NULL, NULL, NULL, NULL),
(132, 'Herbert Stracke', NULL, '2010-09-05', 'L', '3867 Deonte Green', 'queen99@example.org', 'Consequatur velit al', 4, '', 320112, NULL, NULL, NULL, NULL),
(133, 'Twila Pouros', NULL, '1976-10-29', 'L', '9834 Rico Plaza Apt. 569', 'hertha58@example.com', 'Sunt quisquam provid', 5, '', 320113, NULL, NULL, NULL, NULL),
(134, 'Jeromy Kozey', NULL, '1993-12-19', 'P', '1646 Tremblay Fall', 'petra.littel@example.org', 'Facilis minima culpa', 6, '', 320114, NULL, NULL, NULL, NULL),
(135, 'Aron Dickinson', NULL, '1999-03-24', 'P', '36326 Morissette Mountains', 'hayes.sim@example.net', 'Voluptas nihil conse', 7, '', 320115, NULL, NULL, NULL, NULL),
(136, 'Mrs. Candace Krajcik', NULL, '1997-02-23', 'L', '7498 Donnelly Trail', 'sipes.iva@example.com', 'Dicta sit illo excep', 8, '', 320116, NULL, NULL, NULL, NULL),
(137, 'Barney Trantow', NULL, '2006-04-02', 'L', '832 Kautzer Parkway Apt. 670', 'qmohr@example.com', 'Commodi quia sequi a', 1, '', 320117, NULL, NULL, NULL, NULL),
(138, 'Mr. Murphy Walter', NULL, '1970-09-28', 'L', '2775 Schultz Divide Apt. 148', 'muller.gideon@example.org', 'Ea ducimus ratione i', 2, '', 320118, NULL, NULL, NULL, NULL),
(139, 'Virgie Dooley', NULL, '1981-11-30', 'L', '7850 Arjun Locks', 'chloe.ziemann@example.com', 'Magnam ipsa quia ut ', 3, '', 320119, NULL, NULL, NULL, NULL),
(140, 'Guillermo Durgan', NULL, '2000-12-29', 'P', '391 Mathias Pike', 'verona.mitchell@example.net', 'Corporis delectus et', 4, '', 320120, NULL, NULL, NULL, NULL),
(141, 'Seamus Ryan V', NULL, '1972-07-09', 'P', '76276 Johns Ways', 'obernhard@example.com', 'Excepturi assumenda ', 5, '', 320121, NULL, NULL, NULL, NULL),
(142, 'Prof. Elbert Schroeder', NULL, '1989-09-22', 'P', '452 Bernier Villages', 'eriberto95@example.org', 'Similique voluptates', 6, '', 320122, NULL, NULL, NULL, NULL),
(143, 'Allison Zieme II', NULL, '2009-09-20', 'L', '586 Mante Valleys', 'jodie46@example.org', 'Est quia voluptas do', 7, '', 320123, NULL, NULL, NULL, NULL),
(144, 'Alexys Will', NULL, '2000-10-14', 'L', '488 Johanna Alley Apt. 362', 'ferry.earline@example.net', 'Velit dicta soluta e', 8, '', 320124, NULL, NULL, NULL, NULL),
(145, 'Kale Howe', NULL, '1992-03-23', 'L', '36841 Stiedemann Streets', 'alysa.davis@example.com', 'Consequatur debitis ', 1, '', 320125, NULL, NULL, NULL, NULL),
(146, 'Cordia Rowe PhD', NULL, '2019-07-02', 'P', '446 Sawayn Rapids', 'sigmund.roberts@example.net', 'Maiores voluptatum v', 2, '', 320126, NULL, NULL, NULL, NULL),
(147, 'Mr. Terrence Rippin', NULL, '1992-12-19', 'L', '5277 Cynthia Village', 'hegmann.claudia@example.net', 'Quia laboriosam quae', 3, '', 320127, NULL, NULL, NULL, NULL),
(148, 'Lillie Gaylord', NULL, '2011-03-02', 'P', '53025 Syble Union Apt. 104', 'prohaska.viva@example.org', 'Ut perspiciatis eum ', 4, '', 320128, NULL, NULL, NULL, NULL),
(149, 'Granville Osinski IV', NULL, '1973-01-26', 'P', '8006 Hermann Knolls Suite 578', 'albin94@example.net', 'Aliquid odio ab mole', 5, '', 320129, NULL, NULL, NULL, NULL),
(150, 'Dr. Sibyl Ernser', NULL, '1985-02-23', 'P', '491 Sean Crescent Suite 436', 'virgil23@example.org', 'Rerum nulla modi qui', 6, '', 320130, NULL, NULL, NULL, NULL),
(151, 'Nathanial Mitchell', NULL, '1971-08-03', 'L', '6132 Dusty Motorway', 'dorthy30@example.org', 'Quia nulla fugiat ex', 7, '', 320131, NULL, NULL, NULL, NULL),
(152, 'Harmon Hoppe', NULL, '1976-08-04', 'L', '964 Cassin Extensions', 'vandervort.xander@example.org', 'Et amet quia quae do', 8, '', 320132, NULL, NULL, NULL, NULL),
(153, 'Cullen Smitham', NULL, '2015-04-30', 'P', '993 Iliana Row', 'lemke.jerald@example.com', 'Occaecati quidem sed', 1, '', 320133, NULL, NULL, NULL, NULL),
(154, 'Carlos Rodriguez', NULL, '2019-06-22', 'P', '602 Cormier Branch', 'tatyana69@example.com', 'Sed quos qui possimu', 2, '', 320134, NULL, NULL, NULL, NULL),
(155, 'Dr. Blair Cremin', NULL, '1983-03-16', 'P', '7718 Carleton Fort', 'ebernhard@example.org', 'Magni ratione vero t', 3, '', 320135, NULL, NULL, NULL, NULL),
(156, 'Mrs. Althea Mayer', NULL, '1978-10-25', 'P', '5265 Thaddeus Rest', 'hheller@example.com', 'Ipsam aut reiciendis', 4, '', 320136, NULL, NULL, NULL, NULL),
(157, 'Brendan Goodwin', NULL, '1995-07-09', 'L', '6576 Edgar Union', 'whills@example.org', 'Vitae quia ratione s', 5, '', 320137, NULL, NULL, NULL, NULL),
(158, 'Krystel Aufderhar', NULL, '1979-10-10', 'P', '77706 Gregoria Mountain Apt. 349', 'edmund.heaney@example.org', 'Sint natus eum quod ', 6, '', 320138, NULL, NULL, NULL, NULL),
(159, 'Lavern Schneider', NULL, '2001-10-22', 'P', '77932 Braun Mills', 'garmstrong@example.net', 'Accusamus adipisci q', 7, '', 320139, NULL, NULL, NULL, NULL),
(160, 'Dr. Octavia Welch Jr.', NULL, '2002-03-28', 'P', '550 Littel Orchard Apt. 970', 'lruecker@example.com', 'Et harum aut eum lib', 8, '', 320140, NULL, NULL, NULL, NULL),
(161, 'Dr. Ronny Kozey Jr.', NULL, '1986-05-22', 'L', '52845 Veum Street Suite 695', 'delphia.block@example.com', 'Repudiandae eum aut ', 1, '', 320101, NULL, NULL, NULL, NULL),
(162, 'Hobart Gusikowski', NULL, '2009-09-01', 'L', '56913 Tillman Green Apt. 225', 'talon38@example.com', 'Voluptate atque ea r', 2, '', 320102, NULL, NULL, NULL, NULL),
(163, 'Chase Kuhlman', NULL, '1971-10-13', 'L', '5856 Yazmin Mission', 'parker66@example.net', 'Dolor qui aperiam co', 3, '', 320103, NULL, NULL, NULL, NULL),
(164, 'Rozella Kunze', NULL, '1984-03-06', 'P', '5128 D\'Amore Neck', 'gaylord61@example.org', 'Consequatur pariatur', 4, '', 320104, NULL, NULL, NULL, NULL),
(165, 'Leann Davis IV', NULL, '1998-08-18', 'L', '901 Katelin Station Apt. 550', 'romaguera.friedrich@example.org', 'Rerum enim quo a adi', 5, '', 320105, NULL, NULL, NULL, NULL),
(166, 'Marjolaine Prosacco', NULL, '1988-09-02', 'L', '85896 Camden Track', 'lschneider@example.net', 'Adipisci error assum', 6, '', 320106, NULL, NULL, NULL, NULL),
(167, 'Deborah Tromp', NULL, '1977-12-31', 'P', '0945 Kaden Passage', 'delfina98@example.org', 'Numquam quod et susc', 7, '', 320107, NULL, NULL, NULL, NULL),
(168, 'Henderson Bradtke', NULL, '2015-11-21', 'L', '663 Ray Square', 'blaze95@example.net', 'Sint voluptatem cons', 8, '', 320108, NULL, NULL, NULL, NULL),
(169, 'Garrick Wiza', NULL, '1975-04-30', 'P', '085 Gibson Prairie Apt. 740', 'cronin.cleora@example.org', 'Dolore non aliquam s', 1, '', 320109, NULL, NULL, NULL, NULL),
(170, 'Lee Koss', NULL, '1973-05-30', 'L', '5893 Herman Circles', 'carter.jessie@example.org', 'Ullam perspiciatis s', 2, '', 320110, NULL, NULL, NULL, NULL),
(171, 'D\'angelo Nicolas II', NULL, '2016-10-06', 'P', '898 Gretchen Orchard', 'sspencer@example.com', 'Molestiae perspiciat', 3, '', 320111, NULL, NULL, NULL, NULL),
(172, 'Ms. Diana Wintheiser', NULL, '1972-05-20', 'P', '220 Feest Prairie', 'ari.feeney@example.org', 'Nostrum rem voluptat', 4, '', 320112, NULL, NULL, NULL, NULL),
(173, 'Tiara Satterfield', NULL, '1973-08-25', 'L', '14833 Stehr Keys', 'wmante@example.org', 'Eos voluptatum nesci', 5, '', 320113, NULL, NULL, NULL, NULL),
(174, 'Florida Schmeler', NULL, '1980-04-22', 'L', '46067 Enola Forge Apt. 339', 'hhackett@example.net', 'Quaerat possimus fac', 6, '', 320114, NULL, NULL, NULL, NULL),
(175, 'Prof. Gracie Lakin', NULL, '2007-08-18', 'P', '76411 Zieme Ports', 'gina.mills@example.com', 'Repellat consectetur', 7, '', 320115, NULL, NULL, NULL, NULL),
(176, 'Cora Ward', NULL, '2015-09-12', 'P', '0964 Aliya Stream', 'michaela.stark@example.com', 'Et dolore corrupti v', 8, '', 320116, NULL, NULL, NULL, NULL),
(177, 'Adella Tremblay', NULL, '1984-06-07', 'P', '90639 Marquardt Trafficway Suite 514', 'alana.steuber@example.org', 'Facilis doloremque m', 1, '', 320117, NULL, NULL, NULL, NULL),
(178, 'Ms. Loraine Moen III', NULL, '2011-09-05', 'P', '949 Ima Inlet Apt. 602', 'tamara.wuckert@example.com', 'Possimus qui soluta ', 2, '', 320118, NULL, NULL, NULL, NULL),
(179, 'Jacynthe Beahan', NULL, '1982-08-03', 'P', '29852 Conn Trail Apt. 561', 'rreinger@example.net', 'Ut excepturi volupta', 3, '', 320119, NULL, NULL, NULL, NULL),
(180, 'Mellie Hamill I', NULL, '1999-12-09', 'P', '39656 Davonte Spur Suite 378', 'davonte85@example.com', 'Asperiores suscipit ', 4, '', 320120, NULL, NULL, NULL, NULL),
(181, 'Elvie Ferry', NULL, '2006-04-21', 'L', '743 Ullrich Manor', 'orval.rempel@example.com', 'Voluptates aut place', 5, '', 320121, NULL, NULL, NULL, NULL),
(182, 'Beatrice Ondricka Jr.', NULL, '2012-10-31', 'L', '6737 Gustave Unions Apt. 418', 'tito.barton@example.com', 'Et deserunt fuga non', 6, '', 320122, NULL, NULL, NULL, NULL),
(183, 'Daisha Vandervort', NULL, '2013-04-11', 'P', '893 Twila Club', 'brock.frami@example.org', 'Ipsam sunt qui quo t', 7, '', 320123, NULL, NULL, NULL, NULL),
(184, 'Kris Langosh', NULL, '2000-02-22', 'P', '6073 Marquardt Extensions Suite 133', 'penelope01@example.net', 'Eum laborum cumque q', 8, '', 320124, NULL, NULL, NULL, NULL),
(185, 'Rosemary Krajcik', NULL, '2002-10-02', 'P', '207 Beier Trafficway', 'anita.hansen@example.net', 'Distinctio aut nobis', 1, '', 320125, NULL, NULL, NULL, NULL),
(186, 'Rhoda Schinner DVM', NULL, '2003-11-16', 'P', '361 Pacocha Mill Apt. 495', 'murazik.lenore@example.net', 'Ipsa rerum laborum v', 2, '', 320126, NULL, NULL, NULL, NULL),
(187, 'Selena Windler', NULL, '2018-12-08', 'L', '84918 Casper Stravenue', 'grace92@example.org', 'Repudiandae nisi est', 3, '', 320127, NULL, NULL, NULL, NULL),
(188, 'Hassan Schulist', NULL, '2018-11-03', 'L', '268 Eldora Crescent', 'trever85@example.net', 'Id architecto provid', 4, '', 320128, NULL, NULL, NULL, NULL),
(189, 'Kayli Yost', NULL, '2011-12-08', 'P', '20655 Cruickshank Key Apt. 434', 'kris.ernestine@example.com', 'Soluta magni et exer', 5, '', 320129, NULL, NULL, NULL, NULL),
(190, 'Moses Conn', NULL, '1977-02-12', 'P', '2528 Ruby Dam', 'dbraun@example.com', 'Fugit est dolorem si', 6, '', 320130, NULL, NULL, NULL, NULL),
(191, 'Dr. Marcus Kirlin', NULL, '2015-09-12', 'L', '137 Keagan Forge', 'glover.alexandre@example.com', 'Placeat sit qui ad e', 7, '', 320131, NULL, NULL, NULL, NULL),
(192, 'Prof. Tressie Beahan', NULL, '2015-12-19', 'P', '38386 Macejkovic Rest', 'friesen.kaylie@example.org', 'Voluptatum et ab quo', 8, '', 320132, NULL, NULL, NULL, NULL),
(193, 'Sasha Beahan', NULL, '1993-07-16', 'L', '4608 O\'Hara Prairie Suite 323', 'schuster.sonia@example.org', 'Sint enim assumenda ', 1, '', 320133, NULL, NULL, NULL, NULL),
(194, 'Glen Hackett', NULL, '1985-11-06', 'L', '889 Baby Springs', 'malachi69@example.com', 'Similique nemo ipsum', 2, '', 320134, NULL, NULL, NULL, NULL),
(195, 'Karianne Herzog', NULL, '1986-10-07', 'L', '4787 Kristofer Spring', 'ctowne@example.net', 'Et dolores nulla in ', 3, '', 320135, NULL, NULL, NULL, NULL),
(196, 'Mr. Edmond Cummerata', NULL, '1974-03-12', 'P', '0777 Hellen Glens Suite 491', 'rubie27@example.net', 'Itaque accusantium o', 4, '', 320136, NULL, NULL, NULL, NULL),
(197, 'Jed Nikolaus', NULL, '2014-03-29', 'P', '346 Valentin Groves', 'xd\'amore@example.net', 'Officiis voluptate a', 5, '', 320137, NULL, NULL, NULL, NULL),
(198, 'Ole Dooley', NULL, '2013-03-16', 'L', '9682 Toni Rapid Suite 995', 'parker.lonie@example.com', 'Explicabo commodi ve', 6, '', 320138, NULL, NULL, NULL, NULL),
(199, 'Mr. Savion Donnelly II', NULL, '2021-01-06', 'P', '952 Terrill Row Suite 427', 'vern.gorczany@example.com', 'Corrupti alias place', 7, '', 320139, NULL, NULL, NULL, NULL),
(200, 'Prof. Mohammed Armstrong', NULL, '2015-02-12', 'P', '8937 Hailie Ridges', 'zella17@example.com', 'Quasi molestias quod', 8, '', 320140, NULL, NULL, NULL, NULL),
(201, 'Amy Bauch', NULL, '2012-04-02', 'L', '929 Ansel Tunnel', 'walter.koepp@example.com', 'Sit ut amet nam numq', 1, '', 320101, NULL, NULL, NULL, NULL),
(202, 'Austin Kshlerin', NULL, '1983-04-11', 'P', '88651 Karlie Court Suite 578', 'clarson@example.org', 'Et exercitationem do', 2, '', 320102, NULL, NULL, NULL, NULL),
(203, 'Sydney Klein', NULL, '2015-01-12', 'P', '444 McGlynn Mountain', 'elian.treutel@example.com', 'Porro nobis reprehen', 3, '', 320103, NULL, NULL, NULL, NULL),
(204, 'Garnett Cassin', NULL, '2000-08-16', 'P', '8698 Franco Spur', 'emelia.purdy@example.net', 'Qui vel beatae lauda', 4, '', 320104, NULL, NULL, NULL, NULL),
(205, 'Erich Conn', NULL, '1982-02-23', 'P', '12505 Mervin Track', 'wehner.reginald@example.com', 'Nam atque repellat p', 5, '', 320105, NULL, NULL, NULL, NULL),
(206, 'Helene Lang', NULL, '1987-05-14', 'P', '1388 Gwendolyn Mall', 'bruen.leonard@example.net', 'Est vel debitis comm', 6, '', 320106, NULL, NULL, NULL, NULL),
(207, 'Mrs. Deanna Quigley', NULL, '1978-02-10', 'L', '100 Lilyan Islands Apt. 222', 'roselyn.treutel@example.net', 'Libero molestias ali', 7, '', 320107, NULL, NULL, NULL, NULL),
(208, 'Mr. Amani Hilll', NULL, '2015-01-20', 'P', '33903 Osinski Stravenue', 'ccasper@example.net', 'Pariatur deleniti ut', 8, '', 320108, NULL, NULL, NULL, NULL),
(209, 'Cordelia Ankunding', NULL, '2015-07-09', 'P', '99983 Anderson Court Suite 488', 'hollie.wilkinson@example.com', 'Ea dignissimos adipi', 1, '', 320109, NULL, NULL, NULL, NULL),
(210, 'Lenora Cummings', NULL, '1988-07-15', 'P', '6597 Hermiston Causeway', 'dbosco@example.org', 'Neque ut placeat et ', 2, '', 320110, NULL, NULL, NULL, NULL),
(211, 'Prof. Milan Maggio', NULL, '1998-08-13', 'P', '3757 Rebeka Divide', 'maurice.rau@example.org', 'Ex ut commodi quo qu', 3, '', 320111, NULL, NULL, NULL, NULL),
(212, 'Mr. Sigrid Feil V', NULL, '2015-03-02', 'P', '40195 Bahringer Divide', 'mellie04@example.com', 'Maxime rerum maxime ', 4, '', 320112, NULL, NULL, NULL, NULL),
(213, 'Foster Douglas', NULL, '2021-03-09', 'L', '846 Conroy Corner Apt. 246', 'kyla97@example.org', 'Quia unde optio dolo', 5, '', 320113, NULL, NULL, NULL, NULL),
(214, 'Carli Feest', NULL, '2010-02-07', 'L', '830 Silas Mall Suite 640', 'rutherford.brooks@example.org', 'Fugiat qui et nulla ', 6, '', 320114, NULL, NULL, NULL, NULL),
(215, 'Destiny Streich', NULL, '2018-07-31', 'L', '4581 Strosin Hill', 'willow59@example.net', 'Ea aliquid ut illum ', 7, '', 320115, NULL, NULL, NULL, NULL),
(216, 'Arch Morissette', NULL, '1979-09-05', 'P', '20155 Timothy Circles', 'apagac@example.com', 'Est laboriosam rerum', 8, '', 320116, NULL, NULL, NULL, NULL),
(217, 'Dr. Ariel Ortiz II', NULL, '2016-11-14', 'P', '8142 Connor Shores Suite 787', 'kjacobs@example.net', 'Aut veniam voluptate', 1, '', 320117, NULL, NULL, NULL, NULL),
(218, 'Prof. Freeda Kertzmann I', NULL, '2019-12-10', 'L', '676 Queenie Drive', 'rhagenes@example.org', 'Possimus sed culpa m', 2, '', 320118, NULL, NULL, NULL, NULL),
(219, 'Abbey Morar', NULL, '2004-08-10', 'P', '9507 Lavern Cape', 'lerdman@example.org', 'Animi quia minima fa', 3, '', 320119, NULL, NULL, NULL, NULL),
(220, 'Esteban Osinski', NULL, '1970-05-13', 'P', '77668 Cormier Rest', 'flatley.shirley@example.net', 'Veritatis atque qui ', 4, '', 320120, NULL, NULL, NULL, NULL),
(221, 'Vena Wiegand', NULL, '1993-08-11', 'L', '24759 Strosin Mall', 'hazel36@example.com', 'Ducimus autem qui se', 5, '', 320121, NULL, NULL, NULL, NULL),
(222, 'Laurine Ferry', NULL, '1975-11-08', 'P', '6453 Durgan Isle', 'devonte03@example.com', 'Ut quas asperiores e', 6, '', 320122, NULL, NULL, NULL, NULL),
(223, 'Jacynthe Green', NULL, '2012-02-05', 'P', '685 Aidan Heights', 'franz52@example.org', 'Neque nesciunt eos v', 7, '', 320123, NULL, NULL, NULL, NULL),
(224, 'Mr. Milford Herman II', NULL, '2008-09-13', 'L', '844 Lue Glens', 'konopelski.ed@example.net', 'Debitis repellendus ', 8, '', 320124, NULL, NULL, NULL, NULL),
(225, 'Jasen Renner', NULL, '1988-10-27', 'P', '29573 Margarete Junction Apt. 571', 'altenwerth.lewis@example.net', 'Ea assumenda officia', 1, '', 320125, NULL, NULL, NULL, NULL),
(226, 'Mr. Felix Wisoky', NULL, '2019-04-08', 'P', '605 Gulgowski Dale', 'jeramy00@example.net', 'In odit accusamus es', 2, '', 320126, NULL, NULL, NULL, NULL),
(227, 'Dorothea Boehm', NULL, '2013-11-28', 'L', '192 Rosenbaum Gardens Apt. 064', 'frank29@example.net', 'Ipsa vel maxime at e', 3, '', 320127, NULL, NULL, NULL, NULL),
(228, 'Dr. Jaylon Feil', NULL, '2000-09-18', 'L', '0857 Dortha Forks Apt. 285', 'alberto.schmeler@example.com', 'Facere vitae ducimus', 4, '', 320128, NULL, NULL, NULL, NULL),
(229, 'Nikolas Anderson', NULL, '2017-10-07', 'L', '6636 Murphy Overpass', 'qjerde@example.com', 'Aut inventore ut et ', 5, '', 320129, NULL, NULL, NULL, NULL),
(230, 'Carrie Blick', NULL, '1993-04-06', 'P', '676 Manuela Locks Suite 076', 'bbechtelar@example.net', 'Quia aut voluptatem ', 6, '', 320130, NULL, NULL, NULL, NULL),
(231, 'Erna Lakin', NULL, '2000-08-18', 'L', '906 Clovis Parks Apt. 474', 'margot99@example.com', 'Numquam omnis illo r', 7, '', 320131, NULL, NULL, NULL, NULL),
(232, 'Dr. Elvie Wolff', NULL, '1980-12-03', 'P', '9685 McCullough Falls Apt. 795', 'kschneider@example.org', 'Rerum autem nobis po', 8, '', 320132, NULL, NULL, NULL, NULL),
(233, 'Prof. Tavares Ankunding II', NULL, '1985-01-01', 'P', '51164 Ledner Pine Apt. 647', 'miller.nicolas@example.com', 'Autem consequatur pe', 1, '', 320133, NULL, NULL, NULL, NULL),
(234, 'Ms. Francesca Ruecker MD', NULL, '1997-07-31', 'P', '437 Schroeder Loop', 'lawrence12@example.com', 'Quis cupiditate et r', 2, '', 320134, NULL, NULL, NULL, NULL),
(235, 'Dr. Lulu Adams', NULL, '1994-11-05', 'P', '043 Colby Radial', 'tkris@example.net', 'Expedita ipsum delec', 3, '', 320135, NULL, NULL, NULL, NULL),
(236, 'Kali Trantow', NULL, '1997-07-22', 'L', '276 Therese River', 'brayan.skiles@example.org', 'Facilis qui cupidita', 4, '', 320136, NULL, NULL, NULL, NULL),
(237, 'Prof. Alejandra Balistreri PhD', NULL, '1985-10-09', 'L', '236 Christ Expressway Suite 074', 'bkulas@example.net', 'Laudantium autem nos', 5, '', 320137, NULL, NULL, NULL, NULL),
(238, 'Prof. Lester Hirthe V', NULL, '1980-07-21', 'P', '6273 Blanda Square', 'tbins@example.org', 'Perspiciatis tempori', 6, '', 320138, NULL, NULL, NULL, NULL),
(239, 'Walton Frami Jr.', NULL, '2008-11-07', 'P', '5404 Walter Rapids Suite 405', 'zsteuber@example.com', 'Ut vero saepe occaec', 7, '', 320139, NULL, NULL, NULL, NULL),
(240, 'Raymundo Hermann', NULL, '2011-05-29', 'P', '886 Oswaldo Coves', 'letitia.mclaughlin@example.com', 'Error omnis consequa', 8, '', 320140, NULL, NULL, NULL, NULL),
(241, 'Arno Ortiz', NULL, '1996-09-27', 'L', '9091 Walker Isle Suite 443', 'daren.walter@example.com', 'Et eius quo labore. ', 1, '', 320101, NULL, NULL, NULL, NULL),
(242, 'Zella Murazik', NULL, '1986-01-26', 'L', '218 Sienna Valley', 'johnson.jalon@example.org', 'Voluptatem nesciunt ', 2, '', 320102, NULL, NULL, NULL, NULL),
(243, 'Ward Powlowski MD', NULL, '1985-08-12', 'L', '4164 Alia Ville Suite 362', 'snikolaus@example.com', 'Maxime facere molest', 3, '', 320103, NULL, NULL, NULL, NULL),
(244, 'Lourdes Raynor', NULL, '1980-10-16', 'L', '19546 Jack Springs', 'aniya.fahey@example.net', 'Fuga ea corrupti et ', 4, '', 320104, NULL, NULL, NULL, NULL),
(245, 'Kenton Nikolaus', NULL, '1997-03-02', 'L', '101 Meggie Crossroad', 'blake.senger@example.net', 'Voluptatem nihil max', 5, '', 320105, NULL, NULL, NULL, NULL),
(246, 'Jennyfer Bashirian', NULL, '1989-03-17', 'P', '513 Augusta Trace Suite 387', 'berniece.rath@example.com', 'Libero at neque beat', 6, '', 320106, NULL, NULL, NULL, NULL),
(247, 'Lysanne Lehner I', NULL, '1976-12-10', 'P', '775 Champlin Walk Apt. 589', 'hilario.streich@example.com', 'Illum eos dolor volu', 7, '', 320107, NULL, NULL, NULL, NULL),
(248, 'Arno Schowalter', NULL, '1974-10-21', 'L', '6253 Conrad Mill Suite 993', 'denesik.courtney@example.net', 'Doloribus distinctio', 8, '', 320108, NULL, NULL, NULL, NULL),
(249, 'Sheila Marvin', NULL, '1974-07-08', 'P', '253 Kuhn Dam Apt. 990', 'ward.tracey@example.org', 'Rem nobis iste assum', 1, '', 320109, NULL, NULL, NULL, NULL),
(250, 'Ms. Carole Corwin Jr.', NULL, '1990-10-21', 'L', '905 Hyatt Mountains', 'williamson.shanny@example.org', 'Debitis cumque velit', 2, '', 320110, NULL, NULL, NULL, NULL),
(251, 'Dr. Lionel Stroman DDS', NULL, '1974-10-23', 'P', '2320 Hessel Junctions', 'troy.vonrueden@example.net', 'Vitae illum eos et. ', 3, '', 320111, NULL, NULL, NULL, NULL),
(252, 'Ms. Elenora Beahan IV', NULL, '2018-05-16', 'P', '883 Hauck Views', 'hwisozk@example.org', 'Veritatis sed facere', 4, '', 320112, NULL, NULL, NULL, NULL),
(253, 'Coy Bechtelar I', NULL, '1999-09-15', 'P', '0690 Spinka Club', 'moen.owen@example.org', 'Sint quam tempore se', 5, '', 320113, NULL, NULL, NULL, NULL),
(254, 'Alexie Block', NULL, '1970-06-16', 'L', '5991 Dell View Suite 508', 'zschimmel@example.com', 'Iure praesentium max', 6, '', 320114, NULL, NULL, NULL, NULL),
(255, 'Abelardo Lemke DDS', NULL, '1979-12-18', 'P', '019 Garret Parkway Suite 637', 'runte.cornelius@example.net', 'Sit et aut quo accus', 7, '', 320115, NULL, NULL, NULL, NULL),
(256, 'Raphael Rippin', NULL, '1990-12-28', 'P', '4203 Deckow Mill', 'immanuel67@example.org', 'Tempore voluptatibus', 8, '', 320116, NULL, NULL, NULL, NULL),
(257, 'Ms. Adelle Oberbrunner', NULL, '1988-06-10', 'L', '56396 Shea Trafficway Apt. 457', 'gordon.dickens@example.com', 'Consequatur voluptas', 1, '', 320117, NULL, NULL, NULL, NULL),
(258, 'Prof. Wilhelm Boehm', NULL, '2020-08-10', 'L', '353 Hirthe Branch', 'mupton@example.org', 'Tenetur sequi offici', 2, '', 320118, NULL, NULL, NULL, NULL),
(259, 'Marcella Lynch Jr.', NULL, '2001-03-06', 'P', '461 Ewald Cove Apt. 457', 'marie.labadie@example.net', 'Vel voluptas eos dol', 3, '', 320119, NULL, NULL, NULL, NULL),
(260, 'Amelia Hilll IV', NULL, '1989-08-11', 'L', '86824 Konopelski Lodge', 'mozelle09@example.net', 'Itaque cumque nostru', 4, '', 320120, NULL, NULL, NULL, NULL),
(261, 'Miss Yasmeen Schinner', NULL, '1995-08-18', 'P', '91974 Blanda Flats Apt. 036', 'missouri.hackett@example.net', 'Fuga qui corrupti fa', 5, '', 320121, NULL, NULL, NULL, NULL),
(262, 'Gabriella Roberts', NULL, '1991-10-03', 'L', '3144 Kaci Court', 'walker.macejkovic@example.net', 'Mollitia qui enim ve', 6, '', 320122, NULL, NULL, NULL, NULL),
(263, 'Adeline Corwin', NULL, '1983-09-08', 'P', '1319 Schamberger Prairie Apt. 421', 'urussel@example.org', 'Qui quisquam pariatu', 7, '', 320123, NULL, NULL, NULL, NULL),
(264, 'Prof. Enos Keebler I', NULL, '2002-06-06', 'P', '6729 Schmitt Ferry Suite 631', 'tyreek36@example.net', 'Eos sint aperiam aut', 8, '', 320124, NULL, NULL, NULL, NULL),
(265, 'Dr. Jarrett Sawayn III', NULL, '1988-03-20', 'L', '517 Bins Stravenue Suite 539', 'rozella05@example.org', 'Beatae doloribus et ', 1, '', 320125, NULL, NULL, NULL, NULL),
(266, 'Gino Bogisich', NULL, '2019-05-04', 'L', '38044 Korey Street', 'bbashirian@example.com', 'Rerum voluptatibus s', 2, '', 320126, NULL, NULL, NULL, NULL),
(267, 'Jevon Rath I', NULL, '1996-10-24', 'L', '9962 Koepp Orchard Apt. 488', 'janick18@example.net', 'Sed similique qui qu', 3, '', 320127, NULL, NULL, NULL, NULL),
(268, 'Dr. Kayleigh Prohaska II', NULL, '1992-11-29', 'L', '81873 Hermina Isle', 'monica.friesen@example.net', 'Nostrum aut autem ap', 4, '', 320128, NULL, NULL, NULL, NULL),
(269, 'Carmel Renner', NULL, '1995-02-15', 'L', '65230 Federico Ferry Suite 394', 'edmund.gerlach@example.org', 'Est ut nesciunt expe', 5, '', 320129, NULL, NULL, NULL, NULL),
(270, 'Estelle Lebsack', NULL, '2001-12-08', 'P', '9759 Daniel Union', 'lbotsford@example.com', 'Pariatur velit minus', 6, '', 320130, NULL, NULL, NULL, NULL),
(271, 'Dr. Marilyne Kihn II', NULL, '2017-02-27', 'P', '78399 Jayne Walk', 'cleve01@example.org', 'Quia nihil dolore ar', 7, '', 320131, NULL, NULL, NULL, NULL),
(272, 'Peter Waters', NULL, '2008-06-27', 'P', '51627 Rafaela Underpass', 'hillary49@example.com', 'Consectetur et autem', 8, '', 320132, NULL, NULL, NULL, NULL),
(273, 'Kamren Bartell', NULL, '2015-03-20', 'P', '33964 Halvorson Skyway Suite 868', 'monte44@example.org', 'Explicabo sequi nemo', 1, '', 320133, NULL, NULL, NULL, NULL),
(274, 'Prof. Thomas Langworth', NULL, '1982-01-01', 'L', '927 Irwin Ville Apt. 039', 'lysanne45@example.com', 'Et molestiae delectu', 2, '', 320134, NULL, NULL, NULL, NULL),
(275, 'Augustine Kuhlman', NULL, '1974-11-04', 'P', '03671 Brekke Grove', 'clint.nienow@example.org', 'Rerum doloremque dol', 3, '', 320135, NULL, NULL, NULL, NULL),
(276, 'Claudia Romaguera DVM', NULL, '1988-11-28', 'L', '95226 Wolff Causeway Suite 023', 'chesley.vandervort@example.org', 'Asperiores cumque ea', 4, '', 320136, NULL, NULL, NULL, NULL),
(277, 'Mr. Uriah Barrows', NULL, '2018-09-06', 'L', '8856 Feeney Canyon', 'orlo83@example.org', 'Fugiat vero iure vol', 5, '', 320137, NULL, NULL, NULL, NULL),
(278, 'Quinn Barton', NULL, '2002-07-23', 'L', '9665 Alysa Oval', 'arden.schultz@example.net', 'Magnam autem amet ut', 6, '', 320138, NULL, NULL, NULL, NULL),
(279, 'Dr. Yesenia Franecki', NULL, '1993-12-24', 'P', '47966 Alfonzo Summit Apt. 429', 'milton.hudson@example.org', 'Autem rerum qui nesc', 7, '', 320139, NULL, NULL, NULL, NULL),
(280, 'Bernadine Stracke', NULL, '2011-07-23', 'P', '933 Javonte Mill', 'reginald50@example.com', 'Rem officia sed volu', 8, '', 320140, NULL, NULL, NULL, NULL),
(281, 'Marlene Beier', NULL, '1999-09-20', 'L', '5194 Murray Fields', 'nicole.schroeder@example.org', 'Doloribus et ad null', 1, '', 320101, NULL, NULL, NULL, NULL),
(282, 'Shanie Kassulke', NULL, '2004-08-01', 'L', '5780 Hilma Avenue', 'berge.stefanie@example.org', 'Assumenda dolorum na', 2, '', 320102, NULL, NULL, NULL, NULL),
(283, 'Birdie Ondricka', NULL, '2008-01-10', 'L', '7216 Hansen Garden Suite 981', 'yhane@example.com', 'Quaerat voluptatem m', 3, '', 320103, NULL, NULL, NULL, NULL),
(284, 'Erich Klocko', NULL, '2018-10-03', 'P', '6164 Miller Parkways', 'bryce04@example.net', 'Quia ad modi officia', 4, '', 320104, NULL, NULL, NULL, NULL),
(285, 'Kelsie Langosh', NULL, '1999-10-01', 'L', '55616 Pearline Bypass Suite 784', 'raphaelle94@example.org', 'Quaerat aut iste est', 5, '', 320105, NULL, NULL, NULL, NULL),
(286, 'Elvie Auer', NULL, '2012-12-16', 'P', '142 Gorczany Viaduct', 'tward@example.org', 'Delectus accusamus o', 6, '', 320106, NULL, NULL, NULL, NULL),
(287, 'Betty Rau', NULL, '1986-03-28', 'L', '954 Schuppe Shoals Suite 484', 'abdullah30@example.com', 'Illo labore dolorum ', 7, '', 320107, NULL, NULL, NULL, NULL),
(288, 'Ms. Lilla Maggio', NULL, '1999-05-07', 'P', '39118 Hudson Fall Suite 126', 'pearl.weimann@example.org', 'Culpa molestiae aut ', 8, '', 320108, NULL, NULL, NULL, NULL),
(289, 'Nat Huel', NULL, '1987-12-31', 'P', '5988 Koelpin Via', 'qhansen@example.net', 'Consequatur cum nisi', 1, '', 320109, NULL, NULL, NULL, NULL),
(290, 'Brooke Marvin', NULL, '2008-02-19', 'P', '36431 Jabari Locks Suite 465', 'ulices57@example.org', 'Excepturi rerum ipsa', 2, '', 320110, NULL, NULL, NULL, NULL),
(291, 'Lafayette Hettinger', NULL, '2014-09-27', 'P', '79885 Jaclyn Loop Apt. 545', 'tbode@example.org', 'Et dolorem corrupti ', 3, '', 320111, NULL, NULL, NULL, NULL),
(292, 'Milo Haag', NULL, '1987-11-03', 'P', '7225 Francesca Ferry Suite 516', 'maya50@example.org', 'Deserunt omnis ipsam', 4, '', 320112, NULL, NULL, NULL, NULL),
(293, 'Isobel Gleason', NULL, '1975-09-26', 'L', '362 Halvorson Locks Suite 417', 'kunze.era@example.com', 'Quisquam exercitatio', 5, '', 320113, NULL, NULL, NULL, NULL),
(294, 'Darrel Padberg', NULL, '2018-04-19', 'P', '5051 Waters Camp Apt. 803', 'sylvester86@example.net', 'Amet ipsam quia magn', 6, '', 320114, NULL, NULL, NULL, NULL),
(295, 'Dr. Nedra Lowe', NULL, '1985-10-20', 'P', '5184 Bonnie Glen Suite 209', 'renner.brandt@example.net', 'Sed laborum voluptat', 7, '', 320115, NULL, NULL, NULL, NULL),
(296, 'Mr. Nathanael Weimann MD', NULL, '1990-05-22', 'L', '24387 Moore Islands', 'ggutkowski@example.net', 'Illo repellendus imp', 8, '', 320116, NULL, NULL, NULL, NULL),
(297, 'Prof. Andy Predovic DVM', NULL, '2004-08-31', 'L', '310 Rylee Turnpike Apt. 526', 'd\'amore.edgardo@example.org', 'Eum est cumque repel', 1, '', 320117, NULL, NULL, NULL, NULL),
(298, 'Roel Bode', NULL, '2002-08-10', 'L', '66636 Christiansen Bridge', 'lorena.marks@example.org', 'Esse cupiditate labo', 2, '', 320118, NULL, NULL, NULL, NULL),
(299, 'Alfonzo Denesik', NULL, '1972-01-02', 'L', '38516 Oma Inlet', 'alva.bode@example.net', 'Quis voluptas repudi', 3, '', 320119, NULL, NULL, NULL, NULL),
(300, 'Devan Torphy', NULL, '2000-09-26', 'P', '9503 Sandrine Rest Suite 935', 'kerluke.devan@example.org', 'Neque eaque et tempo', 4, '', 320120, NULL, NULL, NULL, NULL);
INSERT INTO `inovator` (`id_inovator`, `nama_inovator`, `nik`, `tgl_lahir`, `jenis_kelamin`, `alamat`, `email`, `no_telp`, `id_kategori_inovator`, `id_instansi`, `id_kecamatan`, `id_desa`, `latitude`, `longitude`, `id_akun`) VALUES
(301, 'Prof. Roosevelt Thiel PhD', NULL, '2022-01-08', 'P', '5794 Harber Radial Suite 006', 'tkeebler@example.org', 'Sequi eum voluptas q', 5, '', 320121, NULL, NULL, NULL, NULL),
(302, 'Otis Altenwerth', NULL, '1983-11-04', 'P', '106 Arnaldo Underpass Apt. 007', 'kasey.blanda@example.com', 'Enim et placeat at q', 6, '', 320122, NULL, NULL, NULL, NULL),
(303, 'Prof. Lila Kub IV', NULL, '2003-11-14', 'P', '090 Ward Road', 'manuel.williamson@example.org', 'Voluptatem voluptas ', 7, '', 320123, NULL, NULL, NULL, NULL),
(304, 'Flo McGlynn', NULL, '1994-09-10', 'L', '831 Satterfield Circles', 'simonis.delphia@example.net', 'Perferendis assumend', 8, '', 320124, NULL, NULL, NULL, NULL),
(305, 'Marianne Nitzsche', NULL, '1970-04-11', 'L', '8013 Breitenberg Pike', 'mazie.johnston@example.org', 'Natus odio excepturi', 1, '', 320125, NULL, NULL, NULL, NULL),
(306, 'Carlos Russel', NULL, '1979-01-03', 'P', '2221 Tamia Hill Suite 808', 'grimes.jarrett@example.net', 'Nihil saepe voluptas', 2, '', 320126, NULL, NULL, NULL, NULL),
(307, 'Eric Hansen', NULL, '1973-10-05', 'L', '4993 Smitham Lock', 'curt64@example.com', 'Natus rem ratione in', 3, '', 320127, NULL, NULL, NULL, NULL),
(308, 'Mrs. Mona Ebert', NULL, '2009-11-23', 'L', '21449 Bernier Rapids Apt. 819', 'gmedhurst@example.org', 'Fugit eaque beatae r', 4, '', 320128, NULL, NULL, NULL, NULL),
(309, 'Akeem Lang', NULL, '1985-12-28', 'P', '91795 Dooley Glens', 'xvolkman@example.net', 'Sint fuga quaerat ne', 5, '', 320129, NULL, NULL, NULL, NULL),
(310, 'Twila Dickinson', NULL, '1972-02-01', 'L', '3859 Hilpert Mount', 'leannon.chelsie@example.org', 'Nulla doloribus qui ', 6, '', 320130, NULL, NULL, NULL, NULL),
(311, 'Gertrude Hayes', NULL, '1974-12-05', 'L', '34900 Sipes Knolls', 'yasmeen68@example.net', 'Porro occaecati sit ', 7, '', 320131, NULL, NULL, NULL, NULL),
(312, 'Eliezer Jakubowski V', NULL, '1991-02-03', 'L', '072 Brown Brook Apt. 359', 'jflatley@example.org', 'Rerum temporibus opt', 8, '', 320132, NULL, NULL, NULL, NULL),
(313, 'Alex Pfeffer', NULL, '1993-11-18', 'P', '65690 Jacobs Manors Apt. 747', 'nikolaus.whitney@example.org', 'Esse exercitationem ', 1, '', 320133, NULL, NULL, NULL, NULL),
(314, 'Johanna Mayert', NULL, '1992-05-08', 'L', '3835 Dusty Glen Suite 027', 'rath.ariane@example.org', 'Eaque eaque possimus', 2, '', 320134, NULL, NULL, NULL, NULL),
(315, 'Sherman O\'Kon Jr.', NULL, '2017-11-14', 'L', '996 Tracy Overpass Apt. 740', 'shanahan.cortney@example.net', 'Vel voluptatibus fug', 3, '', 320135, NULL, NULL, NULL, NULL),
(316, 'Ms. Elisha Moen DDS', NULL, '2019-06-20', 'L', '326 Vada Via Apt. 460', 'adriel86@example.org', 'Quas fugiat voluptat', 4, '', 320136, NULL, NULL, NULL, NULL),
(317, 'Christy Murray', NULL, '1984-09-21', 'P', '6287 Christopher Brooks Apt. 345', 'vlesch@example.net', 'Non et similique mag', 5, '', 320137, NULL, NULL, NULL, NULL),
(318, 'Raina Schiller', NULL, '1993-06-28', 'P', '0638 Lacey Lakes', 'joaquin.shields@example.com', 'Veritatis vero ratio', 6, '', 320138, NULL, NULL, NULL, NULL),
(319, 'Fay Franecki', NULL, '2010-08-25', 'P', '1112 Welch Causeway', 'graham.tania@example.net', 'Sunt voluptas illum ', 7, '', 320139, NULL, NULL, NULL, NULL),
(320, 'Pasquale Marquardt', NULL, '2010-05-17', 'L', '95410 D\'angelo Plains', 'bhamill@example.org', 'Nemo officiis quis a', 8, '', 320140, NULL, NULL, NULL, NULL),
(321, 'Prof. Wyman Wiegand Sr.', NULL, '2002-10-15', 'P', '60786 Bernhard Park Suite 934', 'okling@example.com', 'Qui sit aut perspici', 1, '', 320101, NULL, NULL, NULL, NULL),
(322, 'Prof. Nathan Schulist IV', NULL, '1974-03-13', 'L', '285 Esmeralda Dale Suite 942', 'anastacio.ratke@example.com', 'Iusto aut rerum dolo', 2, '', 320102, NULL, NULL, NULL, NULL),
(323, 'Norris Corwin', NULL, '2016-08-12', 'P', '5352 King Way', 'sarai.bartoletti@example.org', 'Sed ullam doloribus ', 3, '', 320103, NULL, NULL, NULL, NULL),
(324, 'Estefania Turcotte', NULL, '1998-04-09', 'P', '0091 Bailey Stravenue', 'sierra74@example.org', 'Aperiam accusamus qu', 4, '', 320104, NULL, NULL, NULL, NULL),
(325, 'Lavonne Runte', NULL, '1987-08-06', 'P', '900 Jenkins Stream Apt. 499', 'jakob77@example.com', 'Sequi sint id repell', 5, '', 320105, NULL, NULL, NULL, NULL),
(326, 'Dr. Arnulfo Kilback I', NULL, '1985-08-09', 'P', '0686 Felicita Stravenue', 'imaggio@example.com', 'Ut iste ea sunt dolo', 6, '', 320106, NULL, NULL, NULL, NULL),
(327, 'Nelle Larkin', NULL, '2013-02-15', 'P', '34484 VonRueden Vista Apt. 841', 'kwunsch@example.org', 'Ut totam voluptatum ', 7, '', 320107, NULL, NULL, NULL, NULL),
(328, 'Mrs. Petra Cronin IV', NULL, '1990-03-12', 'P', '10671 Champlin Ramp Apt. 799', 'sigurd75@example.com', 'Cum sequi quam neces', 8, '', 320108, NULL, NULL, NULL, NULL),
(329, 'Jarod Witting', NULL, '1992-01-12', 'P', '26512 Deondre Camp', 'stroman.jazlyn@example.com', 'Est laborum esse eum', 1, '', 320109, NULL, NULL, NULL, NULL),
(330, 'Mr. Salvatore Wyman', NULL, '1976-09-02', 'L', '21378 Cummings Flats', 'vincenzo35@example.com', 'Eaque repellendus re', 2, '', 320110, NULL, NULL, NULL, NULL),
(331, 'Miss Angeline Fisher', NULL, '2017-05-04', 'P', '9462 Kimberly Lodge', 'mafalda85@example.net', 'Ea perspiciatis quos', 3, '', 320111, NULL, NULL, NULL, NULL),
(332, 'Prof. Gerard Medhurst MD', NULL, '2008-11-17', 'P', '0256 Wehner Mountains', 'daltenwerth@example.org', 'Blanditiis ea archit', 4, '', 320112, NULL, NULL, NULL, NULL),
(333, 'Mariela Nicolas', NULL, '1976-01-07', 'L', '2396 Gerald Crossing Suite 188', 'irwin.kunze@example.org', 'Nobis praesentium re', 5, '', 320113, NULL, NULL, NULL, NULL),
(334, 'Gerhard Mueller', NULL, '2001-12-18', 'P', '0337 Connelly Spur', 'matt47@example.com', 'Qui voluptatibus mag', 6, '', 320114, NULL, NULL, NULL, NULL),
(335, 'Ms. Eldridge Lowe', NULL, '1994-08-12', 'L', '22882 Konopelski Ports', 'bud42@example.net', 'Labore et et sint et', 7, '', 320115, NULL, NULL, NULL, NULL),
(336, 'Prof. Mohammad Lubowitz Sr.', NULL, '2008-11-05', 'L', '43190 Gleichner Crescent', 'yryan@example.com', 'Voluptatibus esse eo', 8, '', 320116, NULL, NULL, NULL, NULL),
(337, 'Ollie Crooks', NULL, '2002-03-26', 'P', '370 Baby Fork', 'tward@example.com', 'Praesentium aut dolo', 1, '', 320117, NULL, NULL, NULL, NULL),
(338, 'Jalon Shanahan', NULL, '1975-04-15', 'L', '64344 Alycia Knoll Suite 394', 'maria46@example.net', 'Est corporis magnam ', 2, '', 320118, NULL, NULL, NULL, NULL),
(339, 'Prof. Jeffry Smith', NULL, '2011-12-27', 'L', '832 Kohler Well Apt. 741', 'tbeatty@example.com', 'Sint nobis aut eius ', 3, '', 320119, NULL, NULL, NULL, NULL),
(340, 'Cathy Runolfsson', NULL, '1970-12-16', 'P', '903 Durgan Ports', 'dolly.quigley@example.org', 'Eligendi illum ab a ', 4, '', 320120, NULL, NULL, NULL, NULL),
(341, 'Sarai Rohan', NULL, '2011-06-01', 'L', '0436 Aliya Valleys Suite 510', 'djakubowski@example.com', 'Voluptas repellendus', 5, '', 320121, NULL, NULL, NULL, NULL),
(342, 'Marcelo Bradtke', NULL, '2006-10-20', 'L', '3302 Yasmin Stravenue', 'jailyn18@example.org', 'Voluptas ab voluptat', 6, '', 320122, NULL, NULL, NULL, NULL),
(343, 'Mrs. Ora Halvorson MD', NULL, '2002-12-05', 'L', '97935 Gutmann Lock Apt. 318', 'gonzalo03@example.com', 'Rerum et et voluptat', 7, '', 320123, NULL, NULL, NULL, NULL),
(344, 'Mr. Edwardo Hayes DDS', NULL, '1979-02-26', 'L', '6219 Myah Inlet', 'rosanna.thompson@example.com', 'Similique libero vol', 8, '', 320124, NULL, NULL, NULL, NULL),
(345, 'Roberta Grant I', NULL, '1996-10-15', 'P', '5548 Darrion Loaf', 'verlie.kessler@example.org', 'Fugiat totam volupta', 1, '', 320125, NULL, NULL, NULL, NULL),
(346, 'Felicita Spinka PhD', NULL, '1981-09-16', 'P', '5787 Heathcote Fall', 'anastasia.wisozk@example.org', 'Vitae est qui quae e', 2, '', 320126, NULL, NULL, NULL, NULL),
(347, 'Ellis Torphy', NULL, '2004-09-28', 'P', '677 Hermiston View Suite 275', 'gwalsh@example.net', 'Quis perspiciatis la', 3, '', 320127, NULL, NULL, NULL, NULL),
(348, 'Violette Shields', NULL, '2004-08-05', 'L', '4714 Isidro Trail Apt. 122', 'trycia.kulas@example.com', 'Pariatur magni quasi', 4, '', 320128, NULL, NULL, NULL, NULL),
(349, 'Angelo Reinger', NULL, '2000-04-12', 'L', '74371 Robel Crossing Apt. 354', 'jmckenzie@example.org', 'Natus eos sed et. Re', 5, '', 320129, NULL, NULL, NULL, NULL),
(350, 'Dr. Esteban Funk', NULL, '2015-05-01', 'P', '25212 Jess Flat Suite 468', 'dfadel@example.com', 'Impedit praesentium ', 6, '', 320130, NULL, NULL, NULL, NULL),
(351, 'Lorna Nolan V', NULL, '1997-05-20', 'P', '44971 Casandra Forks Apt. 880', 'snikolaus@example.com', 'Vel et ullam magnam ', 7, '', 320131, NULL, NULL, NULL, NULL),
(352, 'Dr. Jocelyn Aufderhar Sr.', NULL, '2004-07-24', 'L', '800 Kautzer Spurs Apt. 550', 'clare.doyle@example.org', 'Facere eum pariatur ', 8, '', 320132, NULL, NULL, NULL, NULL),
(353, 'Dr. Genoveva Gerhold IV', NULL, '2008-09-09', 'P', '498 Bosco Forges', 'ygottlieb@example.net', 'Praesentium eos unde', 1, '', 320133, NULL, NULL, NULL, NULL),
(354, 'Jazmyne Schamberger MD', NULL, '1980-01-04', 'P', '071 Anderson Hill', 'mohr.mayra@example.org', 'Voluptatum quisquam ', 2, '', 320134, NULL, NULL, NULL, NULL),
(355, 'Dr. Ollie Bashirian DVM', NULL, '2004-01-09', 'L', '612 Billy Tunnel', 'dcummings@example.org', 'Aperiam sunt quia re', 3, '', 320135, NULL, NULL, NULL, NULL),
(356, 'Katelin Hansen', NULL, '2013-07-10', 'L', '2929 Oda Radial Apt. 283', 'vdooley@example.org', 'Quia molestiae eum v', 4, '', 320136, NULL, NULL, NULL, NULL),
(357, 'Sharon Buckridge', NULL, '1989-05-18', 'L', '51389 Giovanni Mission', 'ford44@example.com', 'Asperiores sunt aliq', 5, '', 320137, NULL, NULL, NULL, NULL),
(358, 'Karlie Olson', NULL, '1996-01-16', 'L', '53832 Hand Springs', 'wheaney@example.org', 'Recusandae dolore qu', 6, '', 320138, NULL, NULL, NULL, NULL),
(359, 'Verner Casper II', NULL, '2019-03-21', 'P', '567 Bernhard Canyon', 'austin28@example.org', 'Sed et consequuntur ', 7, '', 320139, NULL, NULL, NULL, NULL),
(360, 'Miss Emely Nader', NULL, '2019-07-07', 'P', '04156 Spencer Trail Apt. 615', 'hortiz@example.com', 'Tenetur nisi saepe e', 8, '', 320140, NULL, NULL, NULL, NULL),
(361, 'Catharine Bradtke', NULL, '1971-06-28', 'P', '0020 Fisher Islands Apt. 939', 'wmraz@example.net', 'Eius mollitia eligen', 1, '', 320101, NULL, NULL, NULL, NULL),
(362, 'Miss Winnifred D\'Amore IV', NULL, '1991-09-07', 'P', '76287 Augustine Views', 'jessyca84@example.com', 'Nihil ut doloremque ', 2, '', 320102, NULL, NULL, NULL, NULL),
(363, 'Ramona Medhurst', NULL, '2002-11-03', 'P', '7835 Leonora Corners', 'liliane53@example.org', 'Voluptatibus dolorem', 3, '', 320103, NULL, NULL, NULL, NULL),
(364, 'Genoveva Ritchie', NULL, '1994-04-17', 'P', '26422 Pfeffer Plains', 'spinka.otilia@example.net', 'Saepe non rerum nesc', 4, '', 320104, NULL, NULL, NULL, NULL),
(365, 'Luella Pouros', NULL, '1993-02-28', 'L', '357 Welch Parkway', 'mcruickshank@example.com', 'Dignissimos consequa', 5, '', 320105, NULL, NULL, NULL, NULL),
(366, 'Flo VonRueden', NULL, '1979-09-14', 'P', '05280 Kenya Motorway', 'eleonore22@example.com', 'Magnam cupiditate se', 6, '', 320106, NULL, NULL, NULL, NULL),
(367, 'Lulu Powlowski', NULL, '1986-10-04', 'L', '46123 Rosalinda Forges Suite 796', 'alisha82@example.org', 'Cum voluptatem dolor', 7, '', 320107, NULL, NULL, NULL, NULL),
(368, 'Prof. Davon Blanda', NULL, '2021-03-24', 'L', '91499 Cassie Course Suite 626', 'bud.cremin@example.net', 'Ut vel labore volupt', 8, '', 320108, NULL, NULL, NULL, NULL),
(369, 'Ms. Theresa Mayer I', NULL, '1995-03-04', 'P', '313 Hudson Stravenue', 'vandervort.elmo@example.com', 'Harum illo odit repr', 1, '', 320109, NULL, NULL, NULL, NULL),
(370, 'Dr. Skye Zulauf V', NULL, '2015-06-28', 'L', '99510 Kassulke Square', 'orland.bogan@example.com', 'Est beatae quis nequ', 2, '', 320110, NULL, NULL, NULL, NULL),
(371, 'Kaycee Bogisich', NULL, '1994-08-15', 'L', '2058 Saul Pines', 'xosinski@example.com', 'Delectus atque lauda', 3, '', 320111, NULL, NULL, NULL, NULL),
(372, 'Viva Sauer', NULL, '1987-03-12', 'P', '7646 Kuhic Walk', 'hegmann.emilie@example.net', 'Cupiditate rem fugit', 4, '', 320112, NULL, NULL, NULL, NULL),
(373, 'Ben Bogisich', NULL, '1992-02-05', 'L', '09348 Mosciski Grove', 'fhartmann@example.org', 'Nulla qui sit est es', 5, '', 320113, NULL, NULL, NULL, NULL),
(374, 'Lyda Feeney', NULL, '1998-11-07', 'P', '66071 Eloisa Valleys', 'fernser@example.org', 'Id error dolor perfe', 6, '', 320114, NULL, NULL, NULL, NULL),
(375, 'Prof. Jevon Kertzmann Jr.', NULL, '1971-09-25', 'P', '04899 Kayla Park Suite 885', 'arch76@example.net', 'Nulla minima et non ', 7, '', 320115, NULL, NULL, NULL, NULL),
(376, 'Prof. Rickie Hintz', NULL, '1983-02-28', 'P', '927 Bernhard Heights Apt. 785', 'cora.kiehn@example.org', 'Illo quia aut odit t', 8, '', 320116, NULL, NULL, NULL, NULL),
(377, 'Keara Rempel', NULL, '2011-07-22', 'L', '9334 Mitchell Row', 'alford.jerde@example.net', 'Ratione nostrum sit ', 1, '', 320117, NULL, NULL, NULL, NULL),
(378, 'Viva Johnston', NULL, '1990-12-18', 'P', '1487 Charity Summit', 'frippin@example.net', 'Non qui quidem excep', 2, '', 320118, NULL, NULL, NULL, NULL),
(379, 'Gaetano Okuneva', NULL, '2016-10-27', 'L', '2176 Deron Port Apt. 916', 'savannah23@example.com', 'Totam ipsa quibusdam', 3, '', 320119, NULL, NULL, NULL, NULL),
(380, 'Mia Grimes', NULL, '1989-01-26', 'P', '7370 Rolfson Haven', 'towne.kendrick@example.org', 'Molestias ullam dist', 4, '', 320120, NULL, NULL, NULL, NULL),
(381, 'Amya Brown', NULL, '2008-03-13', 'P', '0279 Kaya Islands Suite 567', 'johnson.santos@example.com', 'Qui sint eum accusan', 5, '', 320121, NULL, NULL, NULL, NULL),
(382, 'Mrs. Aurelie Emard', NULL, '2008-03-02', 'P', '526 Jade Island Apt. 826', 'ostrosin@example.com', 'Sit quia distinctio ', 6, '', 320122, NULL, NULL, NULL, NULL),
(383, 'Mr. Jeff Goyette', NULL, '2003-09-06', 'P', '8962 Monahan Corner', 'stark.reina@example.net', 'Omnis beatae id eum ', 7, '', 320123, NULL, NULL, NULL, NULL),
(384, 'Ms. Maida Kerluke', NULL, '2004-06-19', 'P', '650 Reilly Avenue', 'khalil.rohan@example.org', 'Consequatur quas max', 8, '', 320124, NULL, NULL, NULL, NULL),
(385, 'Amalia Heller', NULL, '1976-04-27', 'P', '96779 Webster Knoll', 'harley.wintheiser@example.net', 'Est nostrum aut reic', 1, '', 320125, NULL, NULL, NULL, NULL),
(386, 'Roselyn Hansen', NULL, '1995-04-25', 'L', '20434 Sabina Mountains', 'schroeder.bryon@example.net', 'Cumque fugit placeat', 2, '', 320126, NULL, NULL, NULL, NULL),
(387, 'Mya Veum', NULL, '1981-02-08', 'L', '297 Dallas Club', 'shannon.jacobson@example.com', 'Eaque ex dolorem vel', 3, '', 320127, NULL, NULL, NULL, NULL),
(388, 'Axel Krajcik', NULL, '1971-05-19', 'P', '880 Balistreri Manor Apt. 775', 'katlyn.blanda@example.net', 'Ex error est exceptu', 4, '', 320128, NULL, NULL, NULL, NULL),
(389, 'Dr. Sheridan Monahan Jr.', NULL, '1978-01-27', 'L', '2553 Sadie Roads', 'pacocha.celestine@example.org', 'Quo voluptatem digni', 5, '', 320129, NULL, NULL, NULL, NULL),
(390, 'Eliezer Rowe', NULL, '2018-02-25', 'L', '293 Else Highway', 'beau01@example.org', 'Exercitationem ea ve', 6, '', 320130, NULL, NULL, NULL, NULL),
(391, 'Rico Streich', NULL, '1996-08-19', 'P', '21162 Sally Plain', 'phudson@example.org', 'Optio repellendus re', 7, '', 320131, NULL, NULL, NULL, NULL),
(392, 'Prof. Elaina Schultz I', NULL, '1977-05-09', 'L', '161 Dicki Prairie Apt. 570', 'muhammad83@example.net', 'Molestias quidem non', 8, '', 320132, NULL, NULL, NULL, NULL),
(393, 'Leonard Hoeger', NULL, '2003-02-25', 'P', '0685 Simonis Dam Suite 597', 'towne.elaina@example.com', 'Sint eos ipsum vero ', 1, '', 320133, NULL, NULL, NULL, NULL),
(394, 'George Daniel', NULL, '1995-12-18', 'P', '7062 Justen Well', 'jedediah14@example.net', 'Vero est voluptatibu', 2, '', 320134, NULL, NULL, NULL, NULL),
(395, 'Madilyn Thiel III', NULL, '2002-01-02', 'L', '281 Sauer Estate Apt. 897', 'rubie14@example.org', 'Velit adipisci excep', 3, '', 320135, NULL, NULL, NULL, NULL),
(396, 'Dr. Mallory Wunsch', NULL, '1974-06-02', 'L', '45953 Rosalyn Throughway Suite 641', 'julian.hagenes@example.net', 'Sed asperiores magni', 4, '', 320136, NULL, NULL, NULL, NULL),
(397, 'Ms. Theresa Wilkinson DVM', NULL, '1995-09-26', 'P', '3425 Daija Hills', 'monahan.darion@example.org', 'Aliquid modi aliquam', 5, '', 320137, NULL, NULL, NULL, NULL),
(398, 'Melvina McLaughlin', NULL, '2002-11-24', 'P', '5793 Ona Point', 'stamm.alexandra@example.com', 'Dolorem accusantium ', 6, '', 320138, NULL, NULL, NULL, NULL),
(399, 'Dr. Micah Daniel Sr.', NULL, '2017-09-12', 'L', '29466 Courtney Points', 'marvin22@example.com', 'Dolor alias itaque e', 7, '', 320139, NULL, NULL, NULL, NULL),
(400, 'Greg Bernier', NULL, '1976-10-09', 'L', '2305 Duncan Inlet', 'schuster.josiah@example.net', 'Corrupti dolore qui ', 8, '', 320140, NULL, NULL, NULL, NULL),
(401, 'Marina Bernier', NULL, '2013-02-19', 'P', '2585 Goodwin Inlet', 'howe.clement@example.com', 'Rerum necessitatibus', 1, '', 320101, NULL, NULL, NULL, NULL),
(402, 'Geovanni Wyman', NULL, '1981-12-18', 'P', '56095 Hilll Trafficway Suite 545', 'kattie.johns@example.net', 'Deserunt enim volupt', 2, '', 320102, NULL, NULL, NULL, NULL),
(403, 'Maxie Hills', NULL, '1999-02-14', 'P', '5702 Ullrich River', 'kuhic.joey@example.com', 'Perspiciatis autem m', 3, '', 320103, NULL, NULL, NULL, NULL),
(404, 'Dorcas Littel', NULL, '1997-10-07', 'L', '209 Kirlin Corner', 'glover.ollie@example.com', 'Sequi qui sunt nemo ', 4, '', 320104, NULL, NULL, NULL, NULL),
(405, 'Prof. Dejon Kunde', NULL, '2019-05-25', 'L', '9755 Hane Views Apt. 168', 'orlando.kirlin@example.com', 'Laboriosam est sit q', 5, '', 320105, NULL, NULL, NULL, NULL),
(406, 'Jaclyn Parker DDS', NULL, '1998-04-30', 'L', '675 Marcelo Mill', 'elissa.treutel@example.net', 'Velit alias iure est', 6, '', 320106, NULL, NULL, NULL, NULL),
(407, 'Syble Schultz III', NULL, '1997-10-02', 'L', '33838 Tillman Junction Apt. 755', 'leannon.elena@example.net', 'Harum qui facere con', 7, '', 320107, NULL, NULL, NULL, NULL),
(408, 'Cordia Schuppe DVM', NULL, '2003-04-08', 'P', '142 Huels Neck', 'uglover@example.net', 'Voluptate amet verit', 8, '', 320108, NULL, NULL, NULL, NULL),
(409, 'Dr. Andre Daugherty', NULL, '2021-05-28', 'L', '628 Nicholaus Stream Suite 719', 'kendall57@example.org', 'Debitis totam aut re', 1, '', 320109, NULL, NULL, NULL, NULL),
(410, 'Sammy Schumm', NULL, '2011-01-11', 'P', '884 King Turnpike', 'uleuschke@example.net', 'Quis id commodi null', 2, '', 320110, NULL, NULL, NULL, NULL),
(411, 'Efrain Mueller', NULL, '1986-06-22', 'P', '866 Trey Harbor Apt. 745', 'keira64@example.org', 'Quis eaque est ad fa', 3, '', 320111, NULL, NULL, NULL, NULL),
(412, 'Prof. Ashtyn Spinka I', NULL, '1995-03-18', 'L', '155 Waters Parkway', 'theodora.bogisich@example.com', 'Beatae et qui tenetu', 4, '', 320112, NULL, NULL, NULL, NULL),
(413, 'Ryann Collier', NULL, '2014-08-29', 'L', '08223 Fay Garden', 'stephon.halvorson@example.org', 'Nemo in aut magni na', 5, '', 320113, NULL, NULL, NULL, NULL),
(414, 'Prof. Linnea Nolan Jr.', NULL, '2004-07-26', 'P', '36332 Sunny Ports Suite 863', 'jalon.kemmer@example.org', 'Provident dolorem et', 6, '', 320114, NULL, NULL, NULL, NULL),
(415, 'Maryjane Frami III', NULL, '2008-07-09', 'L', '505 Estel Forges', 'katharina.vonrueden@example.net', 'Dolorem facilis quia', 7, '', 320115, NULL, NULL, NULL, NULL),
(416, 'Mr. Hayden Deckow Jr.', NULL, '1986-04-15', 'P', '457 Jeanie Way Apt. 215', 'keeling.leora@example.net', 'Facere consequuntur ', 8, '', 320116, NULL, NULL, NULL, NULL),
(417, 'Toney Padberg', NULL, '2001-04-27', 'L', '60701 Mozell Path Apt. 874', 'kozey.enos@example.org', 'Ea sint voluptate co', 1, '', 320117, NULL, NULL, NULL, NULL),
(418, 'Tiara McCullough', NULL, '2020-10-13', 'P', '6313 Gudrun Views', 'stoltenberg.lonny@example.org', 'Animi facilis et rem', 2, '', 320118, NULL, NULL, NULL, NULL),
(419, 'Myah Marks PhD', NULL, '1986-10-24', 'P', '3627 Connelly Manors', 'kling.roel@example.net', 'Natus vero id quod r', 3, '', 320119, NULL, NULL, NULL, NULL),
(420, 'Prof. Brian Hane', NULL, '2000-02-03', 'P', '294 Mosciski Plain Apt. 836', 'ggraham@example.org', 'Cumque sed et earum ', 4, '', 320120, NULL, NULL, NULL, NULL),
(421, 'Hildegard Aufderhar', NULL, '2005-12-12', 'L', '3680 Bashirian Wells Suite 333', 'newton.leannon@example.net', 'Sed dolorum cum veli', 5, '', 320121, NULL, NULL, NULL, NULL),
(422, 'Oleta Blick', NULL, '1979-08-16', 'P', '575 Alverta Trace', 'gusikowski.malinda@example.org', 'Eligendi in est volu', 6, '', 320122, NULL, NULL, NULL, NULL),
(423, 'Mr. Angel Stroman I', NULL, '2007-03-15', 'L', '94366 Blanca Pines', 'cremin.americo@example.com', 'Illo et tempore susc', 7, '', 320123, NULL, NULL, NULL, NULL),
(424, 'Bertram Mosciski', NULL, '2007-05-21', 'L', '052 Anjali Ridges', 'nhills@example.com', 'Aut hic commodi nequ', 8, '', 320124, NULL, NULL, NULL, NULL),
(425, 'Jada Ullrich', NULL, '1989-06-29', 'L', '4487 Champlin Parkway Apt. 087', 'nigel82@example.net', 'Ut in reiciendis nih', 1, '', 320125, NULL, NULL, NULL, NULL),
(426, 'Prof. Shaina Osinski III', NULL, '1978-07-28', 'L', '4241 Theodore Crescent Apt. 569', 'braden34@example.net', 'Impedit optio illum ', 2, '', 320126, NULL, NULL, NULL, NULL),
(427, 'Tracey Turcotte', NULL, '1982-07-18', 'P', '87524 Wisozk Springs', 'haskell25@example.org', 'Animi ut ex animi mo', 3, '', 320127, NULL, NULL, NULL, NULL),
(428, 'Prof. Dudley Yundt', NULL, '2008-12-20', 'P', '81404 Pagac Canyon Apt. 892', 'zdaugherty@example.net', 'Enim sint sunt culpa', 4, '', 320128, NULL, NULL, NULL, NULL),
(429, 'Skyla Swift', NULL, '1982-11-16', 'P', '3316 Marcos Track Apt. 458', 'duncan.lakin@example.org', 'Rem suscipit est con', 5, '', 320129, NULL, NULL, NULL, NULL),
(430, 'Miss Kaia Keeling', NULL, '1979-12-24', 'L', '81209 Peter Centers Suite 157', 'orogahn@example.net', 'Sint quidem sed et u', 6, '', 320130, NULL, NULL, NULL, NULL),
(431, 'Alyce Brakus', NULL, '1975-05-24', 'L', '9595 Bosco Mews Suite 907', 'virginia50@example.org', 'Velit et amet iusto ', 7, '', 320131, NULL, NULL, NULL, NULL),
(432, 'Alvina Anderson', NULL, '1974-02-10', 'P', '490 Donnelly Stream Suite 993', 'vwindler@example.net', 'Pariatur nulla dolor', 8, '', 320132, NULL, NULL, NULL, NULL),
(433, 'Miss Stephanie Turcotte V', NULL, '2014-09-18', 'P', '364 Christophe Plaza', 'volkman.adaline@example.org', 'Sapiente sunt qui re', 1, '', 320133, NULL, NULL, NULL, NULL),
(434, 'Jasmin Lubowitz I', NULL, '1970-02-16', 'L', '38563 Gilbert Track', 'vonrueden.joany@example.org', 'Saepe et maiores exp', 2, '', 320134, NULL, NULL, NULL, NULL),
(435, 'Eliza Glover', NULL, '1973-05-11', 'L', '70560 Corene Cape', 'xlehner@example.com', 'Libero officiis illu', 3, '', 320135, NULL, NULL, NULL, NULL),
(436, 'Karlie Powlowski', NULL, '1975-05-03', 'P', '659 Koepp Mews Apt. 322', 'francisco.murray@example.org', 'Quia voluptatem et q', 4, '', 320136, NULL, NULL, NULL, NULL),
(437, 'Mrs. Yasmine Fay', NULL, '2013-10-22', 'P', '828 Crist View', 'ezieme@example.com', 'Itaque amet illum ne', 5, '', 320137, NULL, NULL, NULL, NULL),
(438, 'Duane Kuphal', NULL, '2011-12-29', 'L', '587 Otha Keys', 'sunny.jaskolski@example.net', 'Omnis vel qui illo n', 6, '', 320138, NULL, NULL, NULL, NULL),
(439, 'Eva Shanahan', NULL, '1990-08-08', 'P', '96610 Doyle Isle', 'roberts.elsa@example.org', 'Veniam voluptas impe', 7, '', 320139, NULL, NULL, NULL, NULL),
(440, 'Kyleigh Schowalter', NULL, '1996-06-10', 'P', '26813 Lucy Corners Suite 427', 'rhoda.quigley@example.org', 'Recusandae nemo tota', 8, '', 320140, NULL, NULL, NULL, NULL),
(441, 'Miss Shyanne Breitenberg I', NULL, '2005-08-20', 'L', '54038 Vandervort Ville', 'ehahn@example.org', 'Vitae impedit minus ', 1, '', 320101, NULL, NULL, NULL, NULL),
(442, 'Samantha Stokes IV', NULL, '1984-02-04', 'L', '32603 Gerlach Meadows', 'rodriguez.noah@example.org', 'Quasi necessitatibus', 2, '', 320102, NULL, NULL, NULL, NULL),
(443, 'Mrs. Naomie Botsford', NULL, '2011-04-16', 'P', '791 Mosciski Plaza Apt. 927', 'clinton.brekke@example.org', 'Commodi doloribus de', 3, '', 320103, NULL, NULL, NULL, NULL),
(444, 'Kellie Prosacco', NULL, '1987-12-16', 'L', '102 Jacobi Parkway', 'howell.burdette@example.net', 'Consectetur ducimus ', 4, '', 320104, NULL, NULL, NULL, NULL),
(445, 'Martine Cole II', NULL, '2016-06-04', 'P', '78063 Jarod Rue Suite 115', 'jorge42@example.net', 'Quo soluta rem ex fa', 5, '', 320105, NULL, NULL, NULL, NULL),
(446, 'Isom Emmerich', NULL, '2001-05-10', 'L', '628 Senger Hollow', 'wkonopelski@example.net', 'Consequatur vitae ve', 6, '', 320106, NULL, NULL, NULL, NULL),
(447, 'Dr. Darius Thompson', NULL, '2000-04-29', 'L', '567 Lindgren Street Apt. 490', 'imelda.legros@example.net', 'Quae laboriosam magn', 7, '', 320107, NULL, NULL, NULL, NULL),
(448, 'Miss Maci Corkery', NULL, '2004-03-04', 'P', '591 Hammes Locks', 'wuckert.lemuel@example.net', 'Expedita ullam sapie', 8, '', 320108, NULL, NULL, NULL, NULL),
(449, 'Cade Dare Jr.', NULL, '1989-08-20', 'P', '545 Trantow Turnpike', 'jbrekke@example.org', 'Aperiam repudiandae ', 1, '', 320109, NULL, NULL, NULL, NULL),
(450, 'Mr. Eldon Walter', NULL, '1991-11-17', 'L', '78873 Dane Springs', 'ustiedemann@example.net', 'Sint soluta voluptas', 2, '', 320110, NULL, NULL, NULL, NULL),
(451, 'Vernie Parisian', NULL, '1989-06-04', 'L', '553 Cameron Ranch Suite 499', 'carrie.koepp@example.org', 'Illum dolores vel pr', 3, '', 320111, NULL, NULL, NULL, NULL),
(452, 'Jairo Herman V', NULL, '1977-11-20', 'P', '725 Janiya Groves Apt. 079', 'eden.mcclure@example.net', 'Illo et ratione vel ', 4, '', 320112, NULL, NULL, NULL, NULL),
(453, 'Mariah Bahringer', NULL, '1993-11-12', 'L', '595 Cartwright Loop Apt. 860', 'catalina90@example.net', 'Vel assumenda soluta', 5, '', 320113, NULL, NULL, NULL, NULL),
(454, 'Rafael McLaughlin', NULL, '1988-11-24', 'P', '65220 Collin Roads', 'chase30@example.com', 'Quos non optio volup', 6, '', 320114, NULL, NULL, NULL, NULL),
(455, 'Virginia Lang Jr.', NULL, '2007-05-24', 'L', '82291 Hyatt Plaza Apt. 034', 'leilani.nolan@example.com', 'A tempore quidem vol', 7, '', 320115, NULL, NULL, NULL, NULL),
(456, 'Dexter Hane', NULL, '1979-08-20', 'L', '69070 Roob Lodge', 'novella62@example.com', 'Eum laborum molestia', 8, '', 320116, NULL, NULL, NULL, NULL),
(457, 'Valentin Nolan', NULL, '2021-12-08', 'P', '118 O\'Conner Valleys Apt. 906', 'abagail.wyman@example.com', 'Odio repellat cumque', 1, '', 320117, NULL, NULL, NULL, NULL),
(458, 'Larissa Skiles', NULL, '2008-05-18', 'P', '8832 Auer Cove', 'niko70@example.org', 'Ea velit accusamus n', 2, '', 320118, NULL, NULL, NULL, NULL),
(459, 'Mary Bernhard', NULL, '1971-03-27', 'P', '742 Madonna Forest Apt. 393', 'tdickens@example.org', 'Nam magni quaerat re', 3, '', 320119, NULL, NULL, NULL, NULL),
(460, 'Marcus Metz', NULL, '2018-02-11', 'P', '625 O\'Conner Field', 'rowena.carroll@example.com', 'Expedita debitis ali', 4, '', 320120, NULL, NULL, NULL, NULL),
(461, 'Mrs. May Lemke', NULL, '2017-01-06', 'L', '78705 Baumbach Divide', 'helena.fahey@example.org', 'Rerum velit minus qu', 5, '', 320121, NULL, NULL, NULL, NULL),
(462, 'Prof. Velda Herman', NULL, '2020-12-01', 'P', '7574 Nikki Trail Suite 420', 'bkuhlman@example.net', 'Odit cumque et maior', 6, '', 320122, NULL, NULL, NULL, NULL),
(463, 'Brad Krajcik', NULL, '2002-04-29', 'L', '28799 Leannon Crossing Suite 692', 'pzboncak@example.net', 'Repudiandae ipsa asp', 7, '', 320123, NULL, NULL, NULL, NULL),
(464, 'Raymundo Breitenberg', NULL, '1997-09-09', 'L', '8535 Myah Via Apt. 561', 'mbrown@example.net', 'Accusantium tempore ', 8, '', 320124, NULL, NULL, NULL, NULL),
(465, 'Vallie Grant', NULL, '1994-11-09', 'P', '3608 Hilll Gateway Apt. 701', 'randi85@example.org', 'Ea consequatur aut h', 1, '', 320125, NULL, NULL, NULL, NULL),
(466, 'Dr. Levi Jaskolski', NULL, '2022-05-19', 'L', '14131 Dahlia Fields Suite 704', 'bpredovic@example.net', 'Omnis soluta dolorem', 2, '', 320126, NULL, NULL, NULL, NULL),
(467, 'Dr. Rashad Murphy', NULL, '1984-07-15', 'L', '83600 Bill Squares', 'jenkins.beatrice@example.net', 'Quo labore at et eum', 3, '', 320127, NULL, NULL, NULL, NULL),
(468, 'Dr. Raleigh Bogisich Sr.', NULL, '1971-03-21', 'P', '41432 Jenkins Haven Suite 771', 'zdeckow@example.net', 'Nisi modi dolor blan', 4, '', 320128, NULL, NULL, NULL, NULL),
(469, 'Shaylee Kertzmann', NULL, '1990-01-07', 'L', '07413 Quitzon Prairie', 'daphnee.hamill@example.net', 'Enim sapiente accusa', 5, '', 320129, NULL, NULL, NULL, NULL),
(470, 'Genevieve Grimes', NULL, '1992-12-02', 'P', '256 Lemke Key Apt. 413', 'bartell.flo@example.com', 'In voluptatem mollit', 6, '', 320130, NULL, NULL, NULL, NULL),
(471, 'Kaitlin Mayer', NULL, '1981-01-18', 'L', '7946 Ashlynn Rue', 'uriel85@example.org', 'Nisi perspiciatis ut', 7, '', 320131, NULL, NULL, NULL, NULL),
(472, 'Cali Rohan', NULL, '2005-01-08', 'L', '5308 Hermiston Trace', 'kyleigh02@example.com', 'Enim alias illum qui', 8, '', 320132, NULL, NULL, NULL, NULL),
(473, 'Franz Lindgren', NULL, '1980-01-04', 'L', '82054 Rashawn Radial', 'hfritsch@example.com', 'Aspernatur magnam ea', 1, '', 320133, NULL, NULL, NULL, NULL),
(474, 'Haylee Dooley', NULL, '2004-01-14', 'P', '95277 Ferry Inlet', 'larkin.wyman@example.net', 'Quos assumenda ea eo', 2, '', 320134, NULL, NULL, NULL, NULL),
(475, 'Samson Block', NULL, '1990-02-21', 'P', '75277 Lindgren Avenue Apt. 576', 'luella95@example.net', 'Ex voluptatem hic iu', 3, '', 320135, NULL, NULL, NULL, NULL),
(476, 'Tianna Jacobi', NULL, '1974-11-06', 'P', '524 Hahn Unions', 'mable.rath@example.org', 'Deserunt vitae perfe', 4, '', 320136, NULL, NULL, NULL, NULL),
(477, 'Mrs. Clare Weimann', NULL, '2004-04-24', 'P', '280 Cole Run Apt. 699', 'jasper.lang@example.org', 'Possimus sapiente od', 5, '', 320137, NULL, NULL, NULL, NULL),
(478, 'Reanna Robel', NULL, '2019-08-25', 'P', '36998 Stark Meadows Suite 951', 'kristin46@example.net', 'Dolorum provident qu', 6, '', 320138, NULL, NULL, NULL, NULL),
(479, 'Miss Liliane Dickinson DVM', NULL, '1994-09-03', 'P', '58262 Marjory Islands', 'jkihn@example.net', 'Error quasi cumque a', 7, '', 320139, NULL, NULL, NULL, NULL),
(480, 'Elaina Hansen', NULL, '1970-08-14', 'P', '7087 Raynor Shoals', 'trace64@example.org', 'Et nulla aliquid sun', 8, '', 320140, NULL, NULL, NULL, NULL),
(481, 'Kathlyn Zieme', NULL, '1977-08-31', 'P', '62521 Chanelle Roads', 'rolfson.isaias@example.com', 'Quia ab recusandae r', 1, '', 320101, NULL, NULL, NULL, NULL),
(482, 'Dr. Robin Boyer', NULL, '1995-02-14', 'L', '5405 Rachel Lodge', 'vonrueden.grace@example.org', 'Quo cum ab id qui et', 2, '', 320102, NULL, NULL, NULL, NULL),
(483, 'Gregory Reichel Jr.', NULL, '1973-10-07', 'L', '65048 Anderson Run', 'jace.bartell@example.net', 'Ipsam non molestiae ', 3, '', 320103, NULL, NULL, NULL, NULL),
(484, 'Dr. Erik Brown II', NULL, '2010-01-09', 'L', '405 Parisian Trafficway Apt. 087', 'katelin33@example.org', 'Animi alias omnis en', 4, '', 320104, NULL, NULL, NULL, NULL),
(485, 'Gustave Yundt', NULL, '2007-07-16', 'L', '137 Weber Freeway Apt. 930', 'rory74@example.net', 'Ad itaque maiores oc', 5, '', 320105, NULL, NULL, NULL, NULL),
(486, 'Miss Polly Schroeder PhD', NULL, '1986-12-21', 'L', '41023 Justina Inlet', 'christine24@example.com', 'Voluptatem voluptas ', 6, '', 320106, NULL, NULL, NULL, NULL),
(487, 'Nat Schmitt', NULL, '1988-03-31', 'L', '198 Bosco Fork', 'hauck.hellen@example.com', 'Beatae maxime quo vo', 7, '', 320107, NULL, NULL, NULL, NULL),
(488, 'Duane Franecki', NULL, '1971-07-28', 'P', '012 Murazik Stream', 'kulas.mozelle@example.org', 'Et laboriosam dolore', 8, '', 320108, NULL, NULL, NULL, NULL),
(489, 'Ashtyn Gleichner', NULL, '1982-09-01', 'P', '5890 Kemmer Turnpike Suite 480', 'bhowell@example.com', 'Doloribus et et mole', 1, '', 320109, NULL, NULL, NULL, NULL),
(490, 'Dr. Norberto Reilly', NULL, '2011-05-29', 'L', '519 Murray Square Suite 599', 'fbaumbach@example.org', 'Quia aut porro sed a', 2, '', 320110, NULL, NULL, NULL, NULL),
(491, 'Mr. Emory O\'Conner III', NULL, '1983-10-05', 'P', '14450 Hermann Port Suite 117', 'cornell.fisher@example.net', 'Sint ducimus nihil u', 3, '', 320111, NULL, NULL, NULL, NULL),
(492, 'Ms. Miracle Hamill', NULL, '2002-05-30', 'P', '30299 Morton Junctions Apt. 887', 'kilback.jerrell@example.org', 'Vel ut harum sit et ', 4, '', 320112, NULL, NULL, NULL, NULL),
(493, 'Prof. Albert Langworth PhD', NULL, '1991-10-11', 'P', '0920 Carolanne Dale', 'klocko.cooper@example.net', 'Inventore necessitat', 5, '', 320113, NULL, NULL, NULL, NULL),
(494, 'Osvaldo Roberts', NULL, '1982-02-14', 'P', '2036 Katlyn Lodge', 'hassie85@example.net', 'Ut et voluptate ut r', 6, '', 320114, NULL, NULL, NULL, NULL),
(495, 'Ashton Kunde', NULL, '2012-03-07', 'P', '12268 Veum Haven', 'fmuller@example.com', 'Quia non commodi neq', 7, '', 320115, NULL, NULL, NULL, NULL),
(496, 'Dock Schuppe', NULL, '1986-11-06', 'P', '296 Emelia Ports', 'nannie.toy@example.net', 'Cum similique ut aut', 8, '', 320116, NULL, NULL, NULL, NULL),
(497, 'Prof. Krystina Kihn I', NULL, '1970-10-29', 'L', '66663 Turner Mills Apt. 145', 'isac98@example.net', 'Nobis vel et omnis n', 1, '', 320117, NULL, NULL, NULL, NULL),
(498, 'Barrett Bruen', NULL, '1997-09-07', 'L', '8513 Anibal Ranch Suite 802', 'hreichel@example.org', 'Delectus voluptatibu', 2, '', 320118, NULL, NULL, NULL, NULL),
(499, 'Aryanna Kutch', NULL, '1973-04-08', 'L', '6326 Wunsch Summit Suite 028', 'cloyd82@example.org', 'Fugit et animi sunt ', 3, '', 320119, NULL, NULL, NULL, NULL),
(500, 'Daniela Hartmann', NULL, '1989-06-14', 'P', '06932 Turner Radial Apt. 914', 'leta22@example.org', 'Tempora eum iusto re', 4, '', 320120, NULL, NULL, NULL, NULL),
(501, 'Prof. Tyrell Rowe', NULL, '2004-08-27', 'L', '058 Steuber Junctions', 'gennaro.kessler@example.org', 'Similique est eaque ', 5, '', 320121, NULL, NULL, NULL, NULL),
(502, 'Diana Dickinson', NULL, '2016-09-13', 'P', '5803 Aliza Walk', 'hnicolas@example.org', 'Nemo et laudantium f', 6, '', 320122, NULL, NULL, NULL, NULL),
(503, 'Prof. Vito Schneider', NULL, '2021-08-21', 'L', '06345 Klein Fall Apt. 180', 'crona.sage@example.org', 'Ea quis tempora dolo', 7, '', 320123, NULL, NULL, NULL, NULL),
(504, 'Fredrick Zulauf', NULL, '2004-01-20', 'L', '0023 Kiehn Row Suite 148', 'schmidt.kayli@example.net', 'Optio id debitis ut ', 8, '', 320124, NULL, NULL, NULL, NULL),
(505, 'Miss Aditya Romaguera', NULL, '1999-07-09', 'P', '7757 Ortiz Ville', 'altenwerth.dominic@example.org', 'Eum possimus tempora', 1, '', 320125, NULL, NULL, NULL, NULL),
(506, 'Mr. Wilbert Goldner', NULL, '2006-02-04', 'P', '625 Adelle Loop', 'bradly.hermann@example.net', 'Modi qui eos veritat', 2, '', 320126, NULL, NULL, NULL, NULL),
(507, 'Lew Swaniawski', NULL, '1997-10-26', 'L', '7669 Frami Lights', 'mwilkinson@example.net', 'Velit sunt at corrup', 3, '', 320127, NULL, NULL, NULL, NULL),
(508, 'Mr. Freddie Hyatt Sr.', NULL, '1984-10-29', 'L', '7873 Jacobs Expressway Apt. 182', 'ibeahan@example.net', 'Rem omnis sed qui ve', 4, '', 320128, NULL, NULL, NULL, NULL),
(509, 'Mr. Damian Goyette', NULL, '1982-01-23', 'L', '29212 Schmidt Orchard', 'jbartoletti@example.net', 'Ut earum sunt minima', 5, '', 320129, NULL, NULL, NULL, NULL),
(510, 'Mr. Kristopher West III', NULL, '2012-06-17', 'L', '00516 Alexis Rest', 'hhintz@example.com', 'Quam repellendus quo', 6, '', 320130, NULL, NULL, NULL, NULL),
(511, 'Westley Mante', NULL, '2008-12-17', 'L', '9387 Lang Spring Apt. 506', 'jesse15@example.com', 'Quasi facere ut moll', 7, '', 320131, NULL, NULL, NULL, NULL),
(512, 'Olin Macejkovic', NULL, '1970-07-25', 'P', '642 Swaniawski Valleys Apt. 270', 'domenica47@example.net', 'At aut non esse faci', 8, '', 320132, NULL, NULL, NULL, NULL),
(513, 'Dr. Freddy Moen', NULL, '1996-12-13', 'L', '396 Allen Pines', 'sawayn.jennings@example.net', 'Sed et ut beatae. Et', 1, '', 320133, NULL, NULL, NULL, NULL),
(514, 'Wellington Purdy', NULL, '2016-09-11', 'P', '7526 Augustus Route Suite 145', 'lenore.walsh@example.com', 'Aperiam dolor exerci', 2, '', 320134, NULL, NULL, NULL, NULL),
(515, 'Wyman Hudson', NULL, '1972-06-12', 'L', '1369 Jedidiah Parkways Suite 155', 'marguerite.mckenzie@example.net', 'Aut nisi officiis pr', 3, '', 320135, NULL, NULL, NULL, NULL),
(516, 'Esteban Osinski', NULL, '1977-12-25', 'P', '732 Verner Mills Apt. 374', 'schulist.lucienne@example.org', 'Est perspiciatis eos', 4, '', 320136, NULL, NULL, NULL, NULL),
(517, 'Leopoldo Macejkovic', NULL, '1979-07-10', 'P', '78985 Bonita Branch', 'jarred.tromp@example.net', 'Suscipit nulla et al', 5, '', 320137, NULL, NULL, NULL, NULL),
(518, 'Emmanuel Johnson MD', NULL, '2005-12-08', 'L', '66938 Konopelski Ville Suite 126', 'jakayla25@example.org', 'Quaerat voluptatem c', 6, '', 320138, NULL, NULL, NULL, NULL),
(519, 'Rasheed Barton', NULL, '2000-09-03', 'P', '193 Brandy Plains', 'marquardt.kayli@example.org', 'Eum aut asperiores r', 7, '', 320139, NULL, NULL, NULL, NULL),
(520, 'Deion McCullough', NULL, '1990-01-18', 'P', '8872 Greenholt Pine', 'fritsch.linwood@example.org', 'Ipsam et dolorem aut', 8, '', 320140, NULL, NULL, NULL, NULL),
(521, 'Robbie Schaefer', NULL, '1988-10-22', 'P', '576 Hollie Field', 'o\'reilly.joe@example.org', 'Hic dolor quas venia', 1, '', 320101, NULL, NULL, NULL, NULL),
(522, 'Ms. Catherine Ernser I', NULL, '1983-11-25', 'L', '2774 Kendall Burgs Suite 376', 'kelley.ebert@example.net', 'Animi dolorem labore', 2, '', 320102, NULL, NULL, NULL, NULL),
(523, 'Gayle Dicki', NULL, '1992-03-09', 'L', '668 Bryana Mountain Suite 602', 'merle.howell@example.net', 'Voluptate quas saepe', 3, '', 320103, NULL, NULL, NULL, NULL),
(524, 'Madaline Rice', NULL, '2006-07-26', 'L', '444 Woodrow Parks', 'spfeffer@example.com', 'Totam ut est enim qu', 4, '', 320104, NULL, NULL, NULL, NULL),
(525, 'Benny Emmerich PhD', NULL, '1989-10-02', 'L', '602 McClure Squares', 'sincere22@example.org', 'Ut voluptas rem cumq', 5, '', 320105, NULL, NULL, NULL, NULL),
(526, 'Belle Erdman MD', NULL, '1996-11-28', 'P', '2245 Berta Summit', 'fhuels@example.com', 'Maiores autem dolore', 6, '', 320106, NULL, NULL, NULL, NULL),
(527, 'Mrs. Alexandrine Von PhD', NULL, '1992-05-22', 'L', '1582 Reese Wells Suite 884', 'allene.wehner@example.com', 'Aperiam nihil eligen', 7, '', 320107, NULL, NULL, NULL, NULL),
(528, 'Dr. Marlen Anderson MD', NULL, '2006-08-03', 'P', '239 Beier Road Suite 901', 'katarina61@example.com', 'Quod aspernatur unde', 8, '', 320108, NULL, NULL, NULL, NULL),
(529, 'Eric Satterfield', NULL, '2004-10-27', 'L', '40163 Turcotte Manors Suite 420', 'afisher@example.org', 'Aspernatur et quas i', 1, '', 320109, NULL, NULL, NULL, NULL),
(530, 'Leonor Zboncak', NULL, '2005-11-16', 'L', '559 Cullen Trafficway Apt. 312', 'rahsaan.terry@example.net', 'Sed officia perspici', 2, '', 320110, NULL, NULL, NULL, NULL),
(531, 'Emilia Rutherford', NULL, '2008-06-28', 'L', '6694 Lucile Port Apt. 817', 'guido98@example.org', 'Excepturi et nobis d', 3, '', 320111, NULL, NULL, NULL, NULL),
(532, 'Mr. Reginald Zboncak', NULL, '2015-11-28', 'L', '9215 Schiller Ville', 'georgianna83@example.com', 'Id modi eos assumend', 4, '', 320112, NULL, NULL, NULL, NULL),
(533, 'Buck Hoppe DDS', NULL, '2010-03-21', 'L', '950 O\'Kon Plain Suite 099', 'ryan.jarvis@example.com', 'Quibusdam eligendi e', 5, '', 320113, NULL, NULL, NULL, NULL),
(534, 'Dr. Clementine Thompson PhD', NULL, '2001-05-29', 'L', '601 Berta Stravenue', 'waelchi.myrtis@example.com', 'Dolorem aperiam exer', 6, '', 320114, NULL, NULL, NULL, NULL),
(535, 'Josue Turcotte', NULL, '2006-11-26', 'P', '877 Clair Pass Apt. 160', 'cole.harmon@example.com', 'Recusandae ullam qui', 7, '', 320115, NULL, NULL, NULL, NULL),
(536, 'Serena Morar', NULL, '1980-04-17', 'L', '85430 Adolphus Trace Suite 446', 'erika33@example.net', 'Totam a voluptatem l', 8, '', 320116, NULL, NULL, NULL, NULL),
(537, 'Elyssa Wyman', NULL, '2002-03-07', 'L', '16648 Rau Plains', 'bpfeffer@example.com', 'Debitis nostrum dolo', 1, '', 320117, NULL, NULL, NULL, NULL),
(538, 'Aileen Mosciski', NULL, '1973-02-26', 'L', '407 Mariela Spur Suite 858', 'retta01@example.com', 'Veniam iusto ut sunt', 2, '', 320118, NULL, NULL, NULL, NULL),
(539, 'Brooke Deckow', NULL, '2001-11-01', 'L', '655 Hintz Mountain Apt. 915', 'dare.zelda@example.net', 'Ex nihil provident v', 3, '', 320119, NULL, NULL, NULL, NULL),
(540, 'Claudine Rohan DDS', NULL, '2012-06-12', 'L', '875 Ryan Port', 'wilkinson.raegan@example.net', 'Quasi assumenda sed ', 4, '', 320120, NULL, NULL, NULL, NULL),
(541, 'Prof. Mattie Emard DDS', NULL, '1979-09-14', 'P', '024 Stroman Mountains Suite 685', 'ckautzer@example.net', 'Libero voluptates mi', 5, '', 320121, NULL, NULL, NULL, NULL),
(542, 'Ms. Keara Predovic', NULL, '1971-04-18', 'L', '47831 Reilly Lakes', 'deondre.klocko@example.org', 'Ipsum rerum sapiente', 6, '', 320122, NULL, NULL, NULL, NULL),
(543, 'Mr. Jakob Marvin', NULL, '2007-07-15', 'L', '487 Friesen Mountain Suite 791', 'xheller@example.com', 'Tempore deleniti ali', 7, '', 320123, NULL, NULL, NULL, NULL),
(544, 'Jeffry Balistreri', NULL, '1989-07-11', 'L', '01680 Daren Canyon', 'walsh.cathryn@example.net', 'Ipsum sequi ullam ut', 8, '', 320124, NULL, NULL, NULL, NULL),
(545, 'Lurline Hudson', NULL, '2021-05-19', 'P', '306 Urban Harbors', 'demarco.gorczany@example.org', 'Consectetur est volu', 1, '', 320125, NULL, NULL, NULL, NULL),
(546, 'Lyric Wuckert', NULL, '2009-12-25', 'P', '540 Oliver Ferry', 'jovanny97@example.org', 'Odio eum voluptas ne', 2, '', 320126, NULL, NULL, NULL, NULL),
(547, 'America Altenwerth I', NULL, '2006-03-25', 'L', '057 Kozey Heights', 'alene.moore@example.org', 'Qui occaecati commod', 3, '', 320127, NULL, NULL, NULL, NULL),
(548, 'Wilfredo Nienow', NULL, '1986-06-10', 'L', '8656 Vergie Well', 'demario25@example.net', 'Repellendus aut aper', 4, '', 320128, NULL, NULL, NULL, NULL),
(549, 'Mr. Lew Friesen', NULL, '1999-04-20', 'L', '0954 Mayert Trail Suite 692', 'keaton64@example.net', 'Minus magni ut eius ', 5, '', 320129, NULL, NULL, NULL, NULL),
(550, 'Adolf Boehm', NULL, '1990-07-07', 'L', '574 Mossie Mill Apt. 128', 'lexus79@example.net', 'Eos esse praesentium', 6, '', 320130, NULL, NULL, NULL, NULL),
(551, 'Jorge McDermott', NULL, '1992-08-22', 'P', '64346 McKenzie Lock', 'cecilia11@example.net', 'Laboriosam atque sed', 7, '', 320131, NULL, NULL, NULL, NULL),
(552, 'Lauriane Moen', NULL, '1985-05-24', 'P', '65331 Lesch Throughway', 'jenkins.tyler@example.org', 'Officia nobis id ali', 8, '', 320132, NULL, NULL, NULL, NULL),
(553, 'Jerald Christiansen', NULL, '2017-08-11', 'P', '4687 Marietta Place', 'else.fritsch@example.net', 'Optio quisquam ut po', 1, '', 320133, NULL, NULL, NULL, NULL),
(554, 'Bobbie Koch', NULL, '1984-04-08', 'L', '4861 Stamm Ports', 'betsy.maggio@example.org', 'Fugit voluptatem lab', 2, '', 320134, NULL, NULL, NULL, NULL),
(555, 'Camille Lockman', NULL, '2011-10-04', 'L', '75909 Stanton Streets', 'hane.alessandra@example.com', 'Vel quod et consecte', 3, '', 320135, NULL, NULL, NULL, NULL),
(556, 'Eugenia Wehner PhD', NULL, '1983-03-18', 'L', '3298 Miles Crescent Suite 352', 'pferry@example.net', 'Eveniet soluta odit ', 4, '', 320136, NULL, NULL, NULL, NULL),
(557, 'Mr. Eli Collins I', NULL, '2012-11-27', 'L', '790 Reagan Union Suite 347', 'gpredovic@example.org', 'Sint voluptatem aut ', 5, '', 320137, NULL, NULL, NULL, NULL),
(558, 'Toney Bartell', NULL, '1989-01-24', 'P', '3331 Raynor Canyon', 'chase.lueilwitz@example.org', 'Non sed eligendi tem', 6, '', 320138, NULL, NULL, NULL, NULL),
(559, 'Ms. Ila Barton Jr.', NULL, '1982-06-20', 'L', '1033 Senger Place', 'gutkowski.wava@example.org', 'Laudantium est repel', 7, '', 320139, NULL, NULL, NULL, NULL),
(560, 'Adolfo Cremin', NULL, '1996-05-29', 'L', '47354 Tyrell Mills', 'wsawayn@example.net', 'Similique est enim e', 8, '', 320140, NULL, NULL, NULL, NULL),
(561, 'Brandy Will', NULL, '1980-05-10', 'P', '99343 Kaylie Burgs', 'stiedemann.kevin@example.net', 'Doloremque ullam vit', 1, '', 320101, NULL, NULL, NULL, NULL),
(562, 'Noel Windler', NULL, '1995-11-13', 'L', '089 Jefferey Inlet Suite 223', 'judah49@example.org', 'Qui reiciendis sunt ', 2, '', 320102, NULL, NULL, NULL, NULL),
(563, 'Mr. Loyal Treutel PhD', NULL, '1983-11-11', 'P', '9102 Eloy Way Suite 843', 'kunde.stevie@example.org', 'Sint aut accusamus n', 3, '', 320103, NULL, NULL, NULL, NULL),
(564, 'Jazmyne Harber', NULL, '2005-11-19', 'P', '628 Hayden Light Suite 334', 'dfisher@example.org', 'Recusandae modi cupi', 4, '', 320104, NULL, NULL, NULL, NULL),
(565, 'Mr. Ezra Bogan I', NULL, '1996-01-10', 'P', '70986 Mallory Lakes Suite 304', 'kuhn.lempi@example.org', 'Neque adipisci velit', 5, '', 320105, NULL, NULL, NULL, NULL),
(566, 'Arnulfo Okuneva', NULL, '1970-06-29', 'P', '5776 Olaf Unions', 'swift.claude@example.net', 'Sit eius voluptatem ', 6, '', 320106, NULL, NULL, NULL, NULL),
(567, 'Prof. Katherine Pagac', NULL, '1997-10-20', 'P', '50793 Palma Tunnel', 'casper.peter@example.net', 'Quia eum quisquam ne', 7, '', 320107, NULL, NULL, NULL, NULL),
(568, 'Elvera Kunze', NULL, '1987-04-11', 'P', '5370 Langosh Path', 'wisozk.vergie@example.com', 'Voluptatem rerum quo', 8, '', 320108, NULL, NULL, NULL, NULL),
(569, 'Prof. Joelle Considine', NULL, '1991-01-16', 'P', '396 Britney Burgs', 'brooks86@example.com', 'Et fugiat porro sed ', 1, '', 320109, NULL, NULL, NULL, NULL),
(570, 'Prof. Vida Kunze', NULL, '2011-05-24', 'P', '099 Parisian Common', 'dzulauf@example.org', 'Vitae ea aperiam qui', 2, '', 320110, NULL, NULL, NULL, NULL),
(571, 'Loren Larson', NULL, '1971-06-24', 'P', '5791 Kessler Drive Suite 796', 'maggio.florine@example.com', 'Laborum assumenda pr', 3, '', 320111, NULL, NULL, NULL, NULL),
(572, 'Eliseo Waelchi', NULL, '1996-02-14', 'P', '46086 Mac Avenue Apt. 785', 'kailee.kub@example.com', 'Qui accusamus ab per', 4, '', 320112, NULL, NULL, NULL, NULL),
(573, 'Prof. Stacy Senger Jr.', NULL, '1970-12-06', 'P', '7059 Murazik Passage Apt. 416', 'hwintheiser@example.net', 'Enim dignissimos max', 5, '', 320113, NULL, NULL, NULL, NULL),
(574, 'Dewayne Fritsch', NULL, '1973-03-13', 'P', '507 Brakus Meadows', 'daisha58@example.org', 'Sapiente aliquid omn', 6, '', 320114, NULL, NULL, NULL, NULL),
(575, 'Tomas Spinka Jr.', NULL, '2021-03-14', 'P', '24798 Langworth Inlet', 'elizabeth.maggio@example.com', 'Quo nihil sed volupt', 7, '', 320115, NULL, NULL, NULL, NULL),
(576, 'Novella Kilback', NULL, '1988-06-18', 'L', '495 Pouros Run Suite 216', 'vwisozk@example.net', 'Mollitia numquam qui', 8, '', 320116, NULL, NULL, NULL, NULL),
(577, 'Juvenal Huels', NULL, '1974-08-24', 'L', '9181 Fay Branch Apt. 563', 'trisha28@example.net', 'Ab sunt et ut neque.', 1, '', 320117, NULL, NULL, NULL, NULL),
(578, 'Prof. Bill Emmerich', NULL, '2014-06-26', 'L', '0516 Jeremy Plains Suite 238', 'carlie53@example.org', 'Quia sequi perspicia', 2, '', 320118, NULL, NULL, NULL, NULL),
(579, 'Miss Piper Swaniawski', NULL, '2000-02-05', 'P', '11513 Kaitlyn Mount', 'opowlowski@example.org', 'Vero ex quos facilis', 3, '', 320119, NULL, NULL, NULL, NULL),
(580, 'Samara Rau', NULL, '1999-10-19', 'P', '530 Dustin Mountain Suite 716', 'dibbert.easton@example.net', 'Omnis harum minus qu', 4, '', 320120, NULL, NULL, NULL, NULL),
(581, 'Ruben Corwin', NULL, '1999-12-29', 'L', '514 Joanne Spring Apt. 136', 'blick.amy@example.org', 'Animi dolore non pos', 5, '', 320121, NULL, NULL, NULL, NULL),
(582, 'Marietta O\'Reilly', NULL, '2016-10-17', 'P', '2246 Chet Wall', 'ddicki@example.com', 'Sed similique dolor ', 6, '', 320122, NULL, NULL, NULL, NULL),
(583, 'Shanny Mante IV', NULL, '2014-05-30', 'L', '24008 Spinka Groves Suite 657', 'qschimmel@example.org', 'Et animi reprehender', 7, '', 320123, NULL, NULL, NULL, NULL),
(584, 'Helga Mante', NULL, '2014-06-09', 'P', '9069 Bergnaum Stravenue', 'mariana14@example.org', 'Quisquam aliquid nul', 8, '', 320124, NULL, NULL, NULL, NULL),
(585, 'Retha Schmeler', NULL, '1975-03-19', 'P', '48858 Koch Way', 'connie.hickle@example.net', 'Et ea corrupti et pe', 1, '', 320125, NULL, NULL, NULL, NULL),
(586, 'Torey Luettgen', NULL, '2019-04-20', 'L', '8209 Bruen Causeway', 'azieme@example.com', 'Aut occaecati ut et ', 2, '', 320126, NULL, NULL, NULL, NULL),
(587, 'Ms. April Barton MD', NULL, '1970-02-27', 'P', '33234 Lindgren Ranch', 'vonrueden.dorthy@example.net', 'Tenetur modi commodi', 3, '', 320127, NULL, NULL, NULL, NULL),
(588, 'Prof. Retha Wyman DVM', NULL, '2008-05-02', 'P', '30327 Elaina Camp Suite 097', 'bfritsch@example.org', 'Sequi repellendus al', 4, '', 320128, NULL, NULL, NULL, NULL),
(589, 'Reina Pfeffer', NULL, '2017-08-28', 'L', '4703 Terry Locks', 'hcummerata@example.com', 'Sed et nesciunt qui ', 5, '', 320129, NULL, NULL, NULL, NULL),
(590, 'Dr. Milan Pfannerstill DVM', NULL, '1986-09-06', 'P', '1673 Dillon Throughway Apt. 975', 'tremblay.ryan@example.org', 'Debitis minima place', 6, '', 320130, NULL, NULL, NULL, NULL),
(591, 'Jocelyn Wolf', NULL, '1983-06-06', 'L', '8915 Ernestine Loaf Suite 269', 'gunner.kertzmann@example.com', 'Eius et sunt quis. F', 7, '', 320131, NULL, NULL, NULL, NULL),
(592, 'Prof. Victor Grimes', NULL, '2002-09-06', 'L', '129 Moen Corner', 'zquigley@example.net', 'Nam rerum quaerat at', 8, '', 320132, NULL, NULL, NULL, NULL),
(593, 'Julian Rempel', NULL, '1990-09-25', 'L', '16660 Wunsch Plains Apt. 573', 'gilda61@example.com', 'In occaecati magni h', 1, '', 320133, NULL, NULL, NULL, NULL),
(594, 'Macy Wiza', NULL, '1981-11-21', 'L', '0575 Tromp Curve Apt. 955', 'lavern.luettgen@example.com', 'Dolor corporis conse', 2, '', 320134, NULL, NULL, NULL, NULL),
(595, 'Sarai Robel', NULL, '1982-01-05', 'P', '985 Marguerite Ville', 'johnnie.rice@example.com', 'Officiis nulla omnis', 3, '', 320135, NULL, NULL, NULL, NULL),
(596, 'Prof. Maurine Hahn', NULL, '1986-05-12', 'P', '659 DuBuque Spring Apt. 050', 'ctremblay@example.com', 'Dignissimos asperior', 4, '', 320136, NULL, NULL, NULL, NULL),
(597, 'Sonya Runolfsdottir PhD', NULL, '2008-01-29', 'L', '09734 Beier Drives', 'paula.prosacco@example.com', 'Quod maxime nam cons', 5, '', 320137, NULL, NULL, NULL, NULL),
(598, 'Rodger Barrows', NULL, '2011-10-26', 'P', '21797 Kiehn Alley Suite 955', 'adams.johann@example.net', 'Beatae facere nihil ', 6, '', 320138, NULL, NULL, NULL, NULL);

-- --------------------------------------------------------

--
-- Struktur dari tabel `instansi`
--

CREATE TABLE `instansi` (
  `id_instansi` int(11) NOT NULL,
  `nama_instansi` varchar(100) NOT NULL,
  `email_instansi` varchar(100) NOT NULL,
  `alamat_instansi` text NOT NULL,
  `no_telp_instansi` varchar(20) NOT NULL
) ENGINE=InnoDB DEFAULT CHARSET=utf8mb4;

--
-- Dumping data untuk tabel `instansi`
--

INSERT INTO `instansi` (`id_instansi`, `nama_instansi`, `email_instansi`, `alamat_instansi`, `no_telp_instansi`) VALUES
(1, 'uika', 'uika@gmail.com', 'samping jalan', '000000'),
(2, 'sma pluto', 'pluto@gmail.com', 'angkasa', '039320');

-- --------------------------------------------------------

--
-- Struktur dari tabel `kategori_inovator`
--

CREATE TABLE `kategori_inovator` (
  `id_kategori_inovator` int(4) NOT NULL,
  `nama_kategori_inovator` varchar(50) NOT NULL
) ENGINE=InnoDB DEFAULT CHARSET=utf8mb4;

--
-- Dumping data untuk tabel `kategori_inovator`
--

INSERT INTO `kategori_inovator` (`id_kategori_inovator`, `nama_kategori_inovator`) VALUES
(1, 'Mahasiswa'),
(2, 'SMP'),
(3, 'SMA/SMK'),
(4, 'Dosen Peneliti'),
(5, 'Desa/Kelurahan'),
(6, 'Kecamatan'),
(7, 'Perangkat Desa'),
(8, 'Masyarakat Umum');

-- --------------------------------------------------------

--
-- Struktur dari tabel `kode_aktivasi`
--

CREATE TABLE `kode_aktivasi` (
  `id_kode_aktivasi` int(11) NOT NULL,
  `id_akun` int(11) NOT NULL,
  `token` varchar(200) NOT NULL,
  `email` varchar(100) NOT NULL,
  `waktu` int(11) NOT NULL
) ENGINE=InnoDB DEFAULT CHARSET=utf8mb4;

-- --------------------------------------------------------

--
-- Struktur dari tabel `tb_desa`
--

CREATE TABLE `tb_desa` (
  `id_desa` char(13) NOT NULL,
  `id_kecamatan` char(8) NOT NULL,
  `nama_desa` varchar(255) NOT NULL
) ENGINE=InnoDB DEFAULT CHARSET=latin1;

--
-- Dumping data untuk tabel `tb_desa`
--

INSERT INTO `tb_desa` (`id_desa`, `id_kecamatan`, `nama_desa`) VALUES
('3201011001', '320101', 'Pondok Rajeg'),
('3201011002', '320101', 'Karadenan'),
('3201011003', '320101', 'Harapanjaya'),
('3201011004', '320101', 'Nanggewer'),
('3201011005', '320101', 'Nanggewer Mekar'),
('3201011006', '320101', 'Cibinong'),
('3201011007', '320101', 'Pakansari'),
('3201011008', '320101', 'Tengah'),
('3201011009', '320101', 'Sukahati'),
('3201011010', '320101', 'Ciriung'),
('3201011011', '320101', 'Cirimekar'),
('3201011012', '320101', 'Pabuaran'),
('3201011013', '320101', 'Pabuaran Mekar'),
('3201022001', '320102', 'Wanaherang'),
('3201022002', '320102', 'Bojong Kulur'),
('3201022003', '320102', 'Ciangsana'),
('3201022004', '320102', 'Gunung Putri'),
('3201022005', '320102', 'Bojong Nangka'),
('3201022006', '320102', 'Tlajung Udik'),
('3201022007', '320102', 'Cicadas'),
('3201022008', '320102', 'Cikeas Udik'),
('3201022009', '320102', 'Nagrak'),
('3201022010', '320102', 'Karanggan'),
('3201031006', '320103', 'Puspanegara'),
('3201031007', '320103', 'Karang Asem Barat'),
('3201032001', '320103', 'Puspasari'),
('3201032002', '320103', 'Citeureup'),
('3201032003', '320103', 'Leuwinutug'),
('3201032004', '320103', 'Tajur'),
('3201032005', '320103', 'Sanja'),
('3201032008', '320103', 'Karang Asem Timur'),
('3201032009', '320103', 'Tarikolot'),
('3201032010', '320103', 'Gunungsari'),
('3201032011', '320103', 'Tangkil'),
('3201032012', '320103', 'Sukahati'),
('3201032013', '320103', 'Hambalang'),
('3201032014', '320103', 'Pasirmukti'),
('3201042001', '320104', 'Gununggeulis'),
('3201042002', '320104', 'Cilebut Timur'),
('3201042003', '320104', 'Cilebut Barat'),
('3201042004', '320104', 'Cibanon'),
('3201042005', '320104', 'Nagrak'),
('3201042006', '320104', 'Sukatani'),
('3201042007', '320104', 'Sukaraja'),
('3201042008', '320104', 'Cikeas'),
('3201042009', '320104', 'Pasir Jambu'),
('3201042010', '320104', 'Cimandala'),
('3201042011', '320104', 'Cijujung'),
('3201042012', '320104', 'Cadasngampar'),
('3201042013', '320104', 'Pasirlaja'),
('3201052001', '320105', 'Cijayanti'),
('3201052002', '320105', 'Sumurbatu'),
('3201052003', '320105', 'Sentul'),
('3201052004', '320105', 'Karangtengah'),
('3201052005', '320105', 'Cipambuan'),
('3201052006', '320105', 'Kadumanggu'),
('3201052007', '320105', 'Citaringgul'),
('3201052008', '320105', 'Babakan Madang'),
('3201052009', '320105', 'Bojong Koneng'),
('3201062001', '320106', 'Sukamaju'),
('3201062002', '320106', 'Sirnagalih'),
('3201062003', '320106', 'Singajaya'),
('3201062004', '320106', 'Sukasirna'),
('3201062005', '320106', 'Sukanegara'),
('3201062006', '320106', 'Sukamanah'),
('3201062007', '320106', 'Weninggalih'),
('3201062008', '320106', 'Cibodas'),
('3201062009', '320106', 'Jonggol'),
('3201062010', '320106', 'Bendungan'),
('3201062011', '320106', 'Singasari'),
('3201062012', '320106', 'Balekambang'),
('3201062013', '320106', 'Sukajaya'),
('3201062014', '320106', 'Sukagalih'),
('3201072001', '320107', 'Pasirangin'),
('3201072002', '320107', 'Mekarsari'),
('3201072003', '320107', 'Mampir'),
('3201072004', '320107', 'Dayeuh'),
('3201072005', '320107', 'Gandoang'),
('3201072006', '320107', 'Jatisari'),
('3201072007', '320107', 'Cileungsi Kidul'),
('3201072008', '320107', 'Cipeucang'),
('3201072009', '320107', 'Situsari'),
('3201072010', '320107', 'Cipenjo'),
('3201072011', '320107', 'Limusnunggal'),
('3201072012', '320107', 'Cileungsi'),
('3201082001', '320108', 'Karyamekar'),
('3201082002', '320108', 'Babakanraden'),
('3201082003', '320108', 'Cikutamahi'),
('3201082004', '320108', 'Kutamekar'),
('3201082005', '320108', 'Cariu'),
('3201082006', '320108', 'Mekarwangi'),
('3201082007', '320108', 'Bantarkuning'),
('3201082008', '320108', 'Sukajadi'),
('3201082009', '320108', 'Tegalpanjang'),
('3201082010', '320108', 'Cibatutiga'),
('3201092001', '320109', 'Wargajaya'),
('3201092002', '320109', 'Pabuaran'),
('3201092003', '320109', 'Sukadamai'),
('3201092004', '320109', 'Sukawangi'),
('3201092005', '320109', 'Cibadak'),
('3201092006', '320109', 'Sukaresmi'),
('3201092007', '320109', 'Sukamulya'),
('3201092008', '320109', 'Sukaharja'),
('3201092009', '320109', 'Sirnajaya'),
('3201092010', '320109', 'Sukamakmur'),
('3201102001', '320110', 'Parung'),
('3201102002', '320110', 'Iwul'),
('3201102003', '320110', 'Bojongsempu'),
('3201102004', '320110', 'Waru'),
('3201102005', '320110', 'Cogreg'),
('3201102006', '320110', 'Pamegarsari'),
('3201102007', '320110', 'Warujaya'),
('3201102008', '320110', 'Bojongindah'),
('3201102009', '320110', 'Jabonmekar'),
('3201112001', '320111', 'Cidokom'),
('3201112002', '320111', 'Padurenan'),
('3201112003', '320111', 'Pengasinan'),
('3201112004', '320111', 'Curug'),
('3201112005', '320111', 'Gunungsindur'),
('3201112006', '320111', 'Jampang'),
('3201112007', '320111', 'Cibadung'),
('3201112008', '320111', 'Cibinong'),
('3201112009', '320111', 'Rawakalong'),
('3201112010', '320111', 'Pabuaran'),
('3201121006', '320112', 'Atang Senjaya'),
('3201122001', '320112', 'Bojong'),
('3201122002', '320112', 'Parakanjaya'),
('3201122003', '320112', 'Kemang'),
('3201122004', '320112', 'Pabuaran'),
('3201122005', '320112', 'Semplak Barat'),
('3201122007', '320112', 'Jampang'),
('3201122008', '320112', 'Pondok Udik'),
('3201122009', '320112', 'Tegal'),
('3201131007', '320113', 'Pabuaran'),
('3201132001', '320113', 'Bojongbaru'),
('3201132002', '320113', 'Cimanggis'),
('3201132003', '320113', 'Susukan'),
('3201132004', '320113', 'Ragajaya'),
('3201132005', '320113', 'Kedungwaringin'),
('3201132006', '320113', 'Waringinjaya'),
('3201132008', '320113', 'Rawapanjang'),
('3201132009', '320113', 'Bojonggede'),
('3201142001', '320114', 'Leuwiliang'),
('3201142002', '320114', 'Purasari'),
('3201142003', '320114', 'Karyasari'),
('3201142004', '320114', 'Pabangbon'),
('3201142005', '320114', 'Karacak'),
('3201142006', '320114', 'Barengkok'),
('3201142007', '320114', 'Leuwimekar'),
('3201142008', '320114', 'Puraseda'),
('3201142009', '320114', 'Cibeber I'),
('3201142010', '320114', 'Cibeber II'),
('3201142011', '320114', 'Karehkel'),
('3201152001', '320115', 'Ciampea'),
('3201152002', '320115', 'Cinangka'),
('3201152003', '320115', 'Cihideungudik'),
('3201152004', '320115', 'Bojongjengkol'),
('3201152005', '320115', 'Tegalwaru'),
('3201152006', '320115', 'Cibuntu'),
('3201152007', '320115', 'Cicadas'),
('3201152008', '320115', 'Cibadak'),
('3201152009', '320115', 'Bojongrangkas'),
('3201152010', '320115', 'Cihideunghilir'),
('3201152011', '320115', 'Cibanteng'),
('3201152012', '320115', 'Benteng'),
('3201152013', '320115', 'Ciampea Udik'),
('3201162001', '320116', 'Situ Udik'),
('3201162002', '320116', 'Situ Ilir'),
('3201162003', '320116', 'Cemplang'),
('3201162004', '320116', 'Cibatok I'),
('3201162005', '320116', 'Ciaruteun Udik'),
('3201162006', '320116', 'Leuweungkolot'),
('3201162007', '320116', 'Cimanggu I'),
('3201162008', '320116', 'Cimanggu II'),
('3201162009', '320116', 'Dukuh'),
('3201162010', '320116', 'Cijujung'),
('3201162011', '320116', 'Ciaruteun Ilir'),
('3201162012', '320116', 'Cibatok II'),
('3201162013', '320116', 'Sukamaju'),
('3201162014', '320116', 'Galuga'),
('3201162015', '320116', 'Girimulya'),
('3201172001', '320117', 'Purwabakti'),
('3201172002', '320117', 'Cibunian'),
('3201172003', '320117', 'Cibitungwetan'),
('3201172004', '320117', 'Gunungmenyan'),
('3201172005', '320117', 'Gunungbunder II'),
('3201172006', '320117', 'Pasarean'),
('3201172007', '320117', 'Cimayang'),
('3201172008', '320117', 'Pamijahan'),
('3201172009', '320117', 'Cibening'),
('3201172010', '320117', 'Gunungbunder I'),
('3201172011', '320117', 'Cibitung Kulon'),
('3201172012', '320117', 'Gunung Picung'),
('3201172013', '320117', 'Ciasihan'),
('3201172014', '320117', 'Gunungsari'),
('3201172015', '320117', 'Ciasmara'),
('3201182001', '320118', 'Rumpin'),
('3201182002', '320118', 'Leuwibatu'),
('3201182003', '320118', 'Cidokom'),
('3201182004', '320118', 'Gobang'),
('3201182005', '320118', 'Cibodas'),
('3201182006', '320118', 'Rabak'),
('3201182007', '320118', 'Kampungsawah'),
('3201182008', '320118', 'Cipinang'),
('3201182009', '320118', 'Sukasari'),
('3201182010', '320118', 'Tamansari'),
('3201182011', '320118', 'Kertajaya'),
('3201182012', '320118', 'Sukamulya'),
('3201182013', '320118', 'Mekarsari'),
('3201182014', '320118', 'Mekarjaya'),
('3201192001', '320119', 'Curug'),
('3201192002', '320119', 'Pangradin'),
('3201192003', '320119', 'Kalongsawah'),
('3201192004', '320119', 'Sipak'),
('3201192005', '320119', 'Jasinga'),
('3201192006', '320119', 'Koleang'),
('3201192007', '320119', 'Cikopomayak'),
('3201192008', '320119', 'Setu'),
('3201192009', '320119', 'Barengkok'),
('3201192010', '320119', 'Bagoang'),
('3201192011', '320119', 'Pangaur'),
('3201192012', '320119', 'Pamagersari'),
('3201192013', '320119', 'Jugala Jaya'),
('3201192014', '320119', 'Tegalwangi'),
('3201192015', '320119', 'Neglasari'),
('3201192016', '320119', 'Wirajaya'),
('3201202001', '320120', 'Jagabaya'),
('3201202002', '320120', 'Gorowong'),
('3201202003', '320120', 'Dago'),
('3201202004', '320120', 'Pingku'),
('3201202005', '320120', 'Cikuda'),
('3201202006', '320120', 'Parungpanjang'),
('3201202007', '320120', 'Lumpang'),
('3201202008', '320120', 'Cibunar'),
('3201202009', '320120', 'Jagabita'),
('3201202010', '320120', 'Gintungcilejet'),
('3201202011', '320120', 'Kabasiran'),
('3201212001', '320121', 'Malasari'),
('3201212002', '320121', 'Curugbitung'),
('3201212003', '320121', 'Cisarua'),
('3201212004', '320121', 'Bantarkaret'),
('3201212005', '320121', 'Hambaro'),
('3201212006', '320121', 'Kalongliud'),
('3201212007', '320121', 'Nanggung'),
('3201212008', '320121', 'Parakanmuncang'),
('3201212009', '320121', 'Pangkaljaya'),
('3201212010', '320121', 'Sukaluyu'),
('3201212011', '320121', 'Batu Tulis'),
('3201222001', '320122', 'Sukamaju'),
('3201222002', '320122', 'Cigudeg'),
('3201222003', '320122', 'Bunar'),
('3201222004', '320122', 'Banyuresmi'),
('3201222005', '320122', 'Cintamanik'),
('3201222006', '320122', 'Argapura'),
('3201222007', '320122', 'Bangunjaya'),
('3201222008', '320122', 'Rengasjajar'),
('3201222009', '320122', 'Batujajar'),
('3201222010', '320122', 'Wargajaya'),
('3201222011', '320122', 'Sukaraksa'),
('3201222012', '320122', 'Banyuwangi'),
('3201222013', '320122', 'Banyuasih'),
('3201222014', '320122', 'Mekarjaya'),
('3201222015', '320122', 'Tegallega'),
('3201232001', '320123', 'Tapos'),
('3201232002', '320123', 'Ciomas'),
('3201232003', '320123', 'Batok'),
('3201232004', '320123', 'Babakan'),
('3201232005', '320123', 'Tenjo'),
('3201232006', '320123', 'Cilaku'),
('3201232007', '320123', 'Singabraja'),
('3201232008', '320123', 'Singabangsa'),
('3201232009', '320123', 'Bojong'),
('3201242001', '320124', 'Cileungsi'),
('3201242002', '320124', 'Citapen'),
('3201242003', '320124', 'Cibedug'),
('3201242004', '320124', 'Jambuluwuk'),
('3201242005', '320124', 'Banjarsari'),
('3201242006', '320124', 'Teluk Pinang'),
('3201242007', '320124', 'Banjar Waru'),
('3201242008', '320124', 'Bendungan'),
('3201242009', '320124', 'Pandan Sari'),
('3201242010', '320124', 'Bojong Murni'),
('3201242011', '320124', 'Banjar Wangi'),
('3201242012', '320124', 'Ciawi'),
('3201242013', '320124', 'Bitungsari'),
('3201251010', '320125', 'Cisarua'),
('3201252001', '320125', 'Batulayang'),
('3201252002', '320125', 'Jogjogan'),
('3201252003', '320125', 'Cibeureum'),
('3201252004', '320125', 'Cilember'),
('3201252005', '320125', 'Citeko'),
('3201252006', '320125', 'Tugu Selatan'),
('3201252007', '320125', 'Leuwimalang'),
('3201252008', '320125', 'Kopo'),
('3201252009', '320125', 'Tugu Utara'),
('3201262001', '320126', 'Sukamaju'),
('3201262002', '320126', 'Kuta'),
('3201262003', '320126', 'Gadog'),
('3201262004', '320126', 'Sukakarya'),
('3201262005', '320126', 'Megamendung'),
('3201262006', '320126', 'Cipayung Datar'),
('3201262007', '320126', 'Sukamanah'),
('3201262008', '320126', 'Sukagalih'),
('3201262009', '320126', 'Cipayung Girang'),
('3201262010', '320126', 'Sukamahi'),
('3201262011', '320126', 'Sukaresmi'),
('3201262012', '320126', 'Pasir Angin'),
('3201272001', '320127', 'Pasir Muncang'),
('3201272002', '320127', 'Cimande Hilir'),
('3201272003', '320127', 'Ciderum'),
('3201272004', '320127', 'Caringin'),
('3201272005', '320127', 'Ciherang Pondok'),
('3201272006', '320127', 'Cinagara'),
('3201272007', '320127', 'Cimande'),
('3201272008', '320127', 'Pancawati'),
('3201272009', '320127', 'Muara Jaya'),
('3201272010', '320127', 'Basir Buncir'),
('3201272011', '320127', 'Lemah Duhur'),
('3201272012', '320127', 'Tangkil'),
('3201282001', '320128', 'Cijeruk'),
('3201282002', '320128', 'Cipelang'),
('3201282003', '320128', 'Warung Menteng'),
('3201282004', '320128', 'Tajur Halang'),
('3201282005', '320128', 'Cipicung'),
('3201282006', '320128', 'Cibalung'),
('3201282007', '320128', 'Sukaharja'),
('3201282008', '320128', 'Palasari'),
('3201282009', '320128', 'Tanjungsari'),
('3201291003', '320129', 'Padasuka'),
('3201292001', '320129', 'Mekarjaya'),
('3201292002', '320129', 'Sukaharja'),
('3201292004', '320129', 'Parakan'),
('3201292005', '320129', 'Ciomas'),
('3201292006', '320129', 'Pagelaran'),
('3201292007', '320129', 'Sukamakmur'),
('3201292008', '320129', 'Ciapus'),
('3201292009', '320129', 'Kota Batu'),
('3201292010', '320129', 'Laladon'),
('3201292011', '320129', 'Ciomas Rahayu'),
('3201302001', '320130', 'Sukadamai'),
('3201302002', '320130', 'Ciherang'),
('3201302003', '320130', 'Sinarsari'),
('3201302004', '320130', 'Sukawening'),
('3201302005', '320130', 'Petir'),
('3201302006', '320130', 'Purwasari'),
('3201302007', '320130', 'Cikarawang'),
('3201302008', '320130', 'Babakan'),
('3201302009', '320130', 'Dramaga'),
('3201302010', '320130', 'Neglasari'),
('3201312001', '320131', 'Sukamantri'),
('3201312002', '320131', 'Sirnagalih'),
('3201312003', '320131', 'Pasireurih'),
('3201312004', '320131', 'Tamansari'),
('3201312005', '320131', 'Sukaluyu'),
('3201312006', '320131', 'Sukaresmi'),
('3201312007', '320131', 'Sukajaya'),
('3201312008', '320131', 'Sukajadi'),
('3201322001', '320132', 'Klapanunggal'),
('3201322002', '320132', 'Bojong'),
('3201322003', '320132', 'Nambo'),
('3201322004', '320132', 'Lulut'),
('3201322005', '320132', 'Cikahuripan'),
('3201322006', '320132', 'Kembang Kuning'),
('3201322007', '320132', 'Bantar Jati'),
('3201322008', '320132', 'Leuwikaret'),
('3201322009', '320132', 'Ligarmukti'),
('3201332001', '320133', 'Putat Nutug'),
('3201332002', '320133', 'Ciseeng'),
('3201332003', '320133', 'Parigi Mekar'),
('3201332004', '320133', 'Cibentang'),
('3201332005', '320133', 'Cibeuteung Udik'),
('3201332006', '320133', 'Karihkil'),
('3201332007', '320133', 'Babakan'),
('3201332008', '320133', 'Cihoe'),
('3201332009', '320133', 'Cibeuteung Muara'),
('3201332010', '320133', 'Kuripan'),
('3201342001', '320134', 'Bantarjaya'),
('3201342002', '320134', 'Bantarsari'),
('3201342003', '320134', 'Pasirgaok'),
('3201342004', '320134', 'Rancabungur'),
('3201342005', '320134', 'Mekarsari'),
('3201342006', '320134', 'Candali'),
('3201342007', '320134', 'Cimulang'),
('3201352001', '320135', 'Cisarua'),
('3201352002', '320135', 'Kiarasari'),
('3201352003', '320135', 'Sukajaya'),
('3201352004', '320135', 'Sipayung'),
('3201352005', '320135', 'Cileuksa'),
('3201352006', '320135', 'Kiarapandak'),
('3201352007', '320135', 'Harkatjaya'),
('3201352008', '320135', 'Sukamulih'),
('3201352009', '320135', 'Pasir Madang'),
('3201352010', '320135', 'Urug'),
('3201352011', '320135', 'Jayaraharja'),
('3201362001', '320136', 'Tanjungsari'),
('3201362002', '320136', 'Selawangi'),
('3201362003', '320136', 'Tanjungrasa'),
('3201362004', '320136', 'Antajaya'),
('3201362005', '320136', 'Pasir Tanjung'),
('3201362006', '320136', 'Cibadak'),
('3201362007', '320136', 'Sukarasa'),
('3201362008', '320136', 'Sirnasari'),
('3201362009', '320136', 'Buanajaya'),
('3201362010', '320136', 'Sirnarasa'),
('3201372001', '320137', 'Tajurhalang'),
('3201372002', '320137', 'Citayam'),
('3201372003', '320137', 'Sasak Panjang'),
('3201372004', '320137', 'Nanggerang'),
('3201372005', '320137', 'Sukmajaya'),
('3201372006', '320137', 'Tonjong'),
('3201372007', '320137', 'Kalisuren'),
('3201382001', '320138', 'Cigombong'),
('3201382002', '320138', 'Watesjaya'),
('3201382003', '320138', 'Ciburuy'),
('3201382004', '320138', 'Srogol'),
('3201382005', '320138', 'Cisalada'),
('3201382006', '320138', 'Tugujaya'),
('3201382007', '320138', 'Pasirjaya'),
('3201382008', '320138', 'Ciburayut'),
('3201382009', '320138', 'Ciadeg'),
('3201392001', '320139', 'Leuwisadeng'),
('3201392002', '320139', 'Babakan Sadeng'),
('3201392003', '320139', 'Sadeng Kolot'),
('3201392004', '320139', 'Wangunjaya'),
('3201392005', '320139', 'Kalong I'),
('3201392006', '320139', 'Kalong II'),
('3201392007', '320139', 'Sadeng'),
('3201392008', '320139', 'Sibanteng'),
('3201402001', '320140', 'Tapos I'),
('3201402002', '320140', 'Tapos II'),
('3201402003', '320140', 'Cibitung Tengah'),
('3201402004', '320140', 'Situdaun'),
('3201402005', '320140', 'Cinangneng'),
('3201402006', '320140', 'Gunung Malang'),
('3201402007', '320140', 'Gunung Mulya');

-- --------------------------------------------------------

--
-- Struktur dari tabel `kecamatan`
--

CREATE TABLE `kecamatan` (
  `id_kecamatan` char(8) NOT NULL,
  `id_kota` char(5) NOT NULL,
  `nama_kecamatan` varchar(255) NOT NULL,
  `created_at` datetime DEFAULT NULL,
  `updated_at` datetime DEFAULT NULL ON UPDATE current_timestamp(),
  `deleted_at` datetime DEFAULT NULL,
  `shp` varchar(250) NOT NULL
) ENGINE=InnoDB DEFAULT CHARSET=latin1;

--
-- Dumping data untuk tabel `kecamatan`
--

INSERT INTO `kecamatan` (`id_kecamatan`, `id_kota`, `nama_kecamatan`, `created_at`, `updated_at`, `deleted_at`, `shp`) VALUES
('320101', '3201', 'Cibinong', '2021-11-10 22:58:35', '2022-04-20 05:01:32', NULL, 'cibinong.geojson'),
('320102', '3201', 'Gunung Putri', '2021-11-10 22:58:35', NULL, NULL, 'gunungputri.geojson'),
('320103', '3201', 'Citeureup', '2021-11-10 22:58:35', NULL, NULL, 'citeureup.geojson'),
('320104', '3201', 'Sukaraja', '2021-11-10 22:58:35', NULL, NULL, 'sukaraja.geojson'),
('320105', '3201', 'Babakan Madang', '2021-11-10 22:58:35', NULL, NULL, 'babakanmadang.geojson'),
('320106', '3201', 'Jonggol', '2021-11-10 22:58:35', NULL, NULL, 'jonggol.geojson'),
('320107', '3201', 'Cileungsi', '2021-11-10 22:58:35', NULL, NULL, 'cileungsi.geojson'),
('320108', '3201', 'Cariu', '2021-11-10 22:58:35', NULL, NULL, 'cariu.geojson'),
('320109', '3201', 'Sukamakmur', '2021-11-10 22:58:35', NULL, NULL, 'sukamakmur.geojson'),
('320110', '3201', 'Parung', '2021-11-10 22:58:35', NULL, NULL, 'parung.geojson'),
('320111', '3201', 'Gunung Sindur', '2021-11-10 22:58:35', NULL, NULL, 'gunungsindur.geojson'),
('320112', '3201', 'Kemang', '2021-11-10 22:58:35', NULL, NULL, 'kemang.geojson'),
('320113', '3201', 'Bojong Gede', '2021-11-10 22:58:35', NULL, NULL, 'bojonggede.geojson'),
('320114', '3201', 'Leuwiliang', '2021-11-10 22:58:35', '2022-04-20 05:08:56', NULL, 'leuwiliang.geojson'),
('320115', '3201', 'Ciampea', '2021-11-10 22:58:35', NULL, NULL, 'ciampea.geojson'),
('320116', '3201', 'Cibungbulang', '2021-11-10 22:58:35', NULL, NULL, 'cibungbulang.geojson'),
('320117', '3201', 'Pamijahan', '2021-11-10 22:58:35', NULL, NULL, 'pamijahan.geojson'),
('320118', '3201', 'Rumpin', '2021-11-10 22:58:35', NULL, NULL, 'rumpin.geojson'),
('320119', '3201', 'Jasinga', '2021-11-10 22:58:35', NULL, NULL, 'jasinga.geojson'),
('320120', '3201', 'Parung Panjang', '2021-11-10 22:58:35', NULL, NULL, 'parungpanjang.geojson'),
('320121', '3201', 'Nanggung', '2021-11-10 22:58:35', NULL, NULL, 'nanggung.geojson'),
('320122', '3201', 'Cigudeg', '2021-11-10 22:58:35', NULL, NULL, 'cigudeg.geojson'),
('320123', '3201', 'Tenjo', '2021-11-10 22:58:35', NULL, NULL, 'tenjo.geojson'),
('320124', '3201', 'Ciawi', '2021-11-10 22:58:35', NULL, NULL, 'ciawi.geojson'),
('320125', '3201', 'Cisarua', '2021-11-10 22:58:35', NULL, NULL, 'cisarua.geojson'),
('320126', '3201', 'Megamendung', '2021-11-10 22:58:35', NULL, NULL, 'megamendung.geojson'),
('320127', '3201', 'Caringin', '2021-11-10 22:58:35', NULL, NULL, 'caringin.geojson'),
('320128', '3201', 'Cijeruk', '2021-11-10 22:58:35', NULL, NULL, 'cijeruk.geojson'),
('320129', '3201', 'Ciomas', '2021-11-10 22:58:35', NULL, NULL, 'ciomas.geojson'),
('320130', '3201', 'Dramaga', '2021-11-10 22:58:35', NULL, NULL, 'dramaga.geojson'),
('320131', '3201', 'Tamansari', '2021-11-10 22:58:35', NULL, NULL, 'tamansari.geojson'),
('320132', '3201', 'Klapanunggal', '2021-11-10 22:58:35', '2022-06-10 14:26:42', NULL, 'klapanunggal.geojson'),
('320133', '3201', 'Ciseeng', '2021-11-10 22:58:35', NULL, NULL, 'ciseeng.geojson'),
('320134', '3201', 'Ranca Bungur', '2021-11-10 22:58:35', NULL, NULL, 'rancabungur.geojson'),
('320135', '3201', 'Sukajaya', '2021-11-10 22:58:35', NULL, NULL, 'sukajaya.geojson'),
('320136', '3201', 'Tanjungsari', '2021-11-10 22:58:35', NULL, NULL, 'tanjungsari.geojson'),
('320137', '3201', 'Tajurhalang', '2021-11-10 22:58:35', NULL, NULL, 'tajurhalang.geojson'),
('320138', '3201', 'Cigombong', '2021-11-10 22:58:35', NULL, NULL, 'cigombong.geojson'),
('320139', '3201', 'Leuwisadeng', '2021-11-10 22:58:35', NULL, NULL, 'leuwisadeng.geojson'),
('320140', '3201', 'Tenjolaya', '2021-11-10 22:58:35', NULL, NULL, 'tenjolaya.geojson');

-- --------------------------------------------------------

--
-- Struktur dari tabel `token_notifikasi`
--

CREATE TABLE `token_notifikasi` (
  `id_token_notifikasi` int(11) NOT NULL,
  `id_akun` int(11) NOT NULL,
  `email` varchar(100) NOT NULL,
  `token` varchar(50) NOT NULL
) ENGINE=InnoDB DEFAULT CHARSET=utf8mb4;

--
-- Indexes for dumped tables
--

--
-- Indeks untuk tabel `akun`
--
ALTER TABLE `akun`
  ADD PRIMARY KEY (`id_akun`);

--
-- Indeks untuk tabel `anggota`
--
ALTER TABLE `anggota`
  ADD PRIMARY KEY (`id_anggota`),
  ADD KEY `id_inovasi` (`id_inovasi`);

--
-- Indeks untuk tabel `bidang_inovasi`
--
ALTER TABLE `bidang_inovasi`
  ADD PRIMARY KEY (`id_bidang_inovasi`);

--
-- Indeks untuk tabel `desa`
--
ALTER TABLE `desa`
  ADD PRIMARY KEY (`id_desa`),
  ADD KEY `id_kecamatan` (`id_kecamatan`);

--
-- Indeks untuk tabel `inovasi`
--
ALTER TABLE `inovasi`
  ADD PRIMARY KEY (`id_inovasi`),
  ADD KEY `id_bidang_inovasi` (`id_bidang_inovasi`),
  ADD KEY `id_inovator` (`id_inovator`);

--
-- Indeks untuk tabel `inovator`
--
ALTER TABLE `inovator`
  ADD PRIMARY KEY (`id_inovator`),
  ADD KEY `id_kategori_inovator` (`id_kategori_inovator`),
  ADD KEY `id_desa` (`id_desa`),
  ADD KEY `id_akun` (`id_akun`);

--
-- Indeks untuk tabel `instansi`
--
ALTER TABLE `instansi`
  ADD PRIMARY KEY (`id_instansi`);

--
-- Indeks untuk tabel `kategori_inovator`
--
ALTER TABLE `kategori_inovator`
  ADD PRIMARY KEY (`id_kategori_inovator`);

--
-- Indeks untuk tabel `kode_aktivasi`
--
ALTER TABLE `kode_aktivasi`
  ADD PRIMARY KEY (`id_kode_aktivasi`),
  ADD KEY `id_akun` (`id_akun`);

--
-- Indeks untuk tabel `tb_desa`
--
ALTER TABLE `tb_desa`
  ADD PRIMARY KEY (`id_desa`);

--
-- Indeks untuk tabel `kecamatan`
--
ALTER TABLE `kecamatan`
  ADD PRIMARY KEY (`id_kecamatan`);

--
-- Indeks untuk tabel `token_notifikasi`
--
ALTER TABLE `token_notifikasi`
  ADD PRIMARY KEY (`id_token_notifikasi`),
  ADD KEY `id_akun` (`id_akun`);

--
-- AUTO_INCREMENT untuk tabel yang dibuang
--

--
-- AUTO_INCREMENT untuk tabel `akun`
--
ALTER TABLE `akun`
  MODIFY `id_akun` int(11) NOT NULL AUTO_INCREMENT, AUTO_INCREMENT=18;

--
-- AUTO_INCREMENT untuk tabel `anggota`
--
ALTER TABLE `anggota`
  MODIFY `id_anggota` int(11) NOT NULL AUTO_INCREMENT;

--
-- AUTO_INCREMENT untuk tabel `bidang_inovasi`
--
ALTER TABLE `bidang_inovasi`
  MODIFY `id_bidang_inovasi` int(4) NOT NULL AUTO_INCREMENT, AUTO_INCREMENT=8;

--
-- AUTO_INCREMENT untuk tabel `desa`
--
ALTER TABLE `desa`
  MODIFY `id_desa` int(4) NOT NULL AUTO_INCREMENT, AUTO_INCREMENT=97;

--
-- AUTO_INCREMENT untuk tabel `inovasi`
--
ALTER TABLE `inovasi`
  MODIFY `id_inovasi` int(11) NOT NULL AUTO_INCREMENT, AUTO_INCREMENT=877;

--
-- AUTO_INCREMENT untuk tabel `inovator`
--
ALTER TABLE `inovator`
  MODIFY `id_inovator` int(11) NOT NULL AUTO_INCREMENT, AUTO_INCREMENT=599;

--
-- AUTO_INCREMENT untuk tabel `instansi`
--
ALTER TABLE `instansi`
  MODIFY `id_instansi` int(11) NOT NULL AUTO_INCREMENT, AUTO_INCREMENT=3;

--
-- AUTO_INCREMENT untuk tabel `kategori_inovator`
--
ALTER TABLE `kategori_inovator`
  MODIFY `id_kategori_inovator` int(4) NOT NULL AUTO_INCREMENT, AUTO_INCREMENT=9;

--
-- AUTO_INCREMENT untuk tabel `kode_aktivasi`
--
ALTER TABLE `kode_aktivasi`
  MODIFY `id_kode_aktivasi` int(11) NOT NULL AUTO_INCREMENT, AUTO_INCREMENT=20;

--
-- AUTO_INCREMENT untuk tabel `token_notifikasi`
--
ALTER TABLE `token_notifikasi`
  MODIFY `id_token_notifikasi` int(11) NOT NULL AUTO_INCREMENT;

--
-- Ketidakleluasaan untuk tabel pelimpahan (Dumped Tables)
--

--
-- Ketidakleluasaan untuk tabel `anggota`
--
ALTER TABLE `anggota`
  ADD CONSTRAINT `anggota_ibfk_1` FOREIGN KEY (`id_inovasi`) REFERENCES `inovasi` (`id_inovasi`) ON DELETE CASCADE ON UPDATE CASCADE;

--
-- Ketidakleluasaan untuk tabel `desa`
--
ALTER TABLE `desa`
  ADD CONSTRAINT `desa_ibfk_1` FOREIGN KEY (`id_kecamatan`) REFERENCES `kecamatan` (`id_kecamatan`) ON DELETE SET NULL ON UPDATE CASCADE;

--
-- Ketidakleluasaan untuk tabel `inovasi`
--
ALTER TABLE `inovasi`
  ADD CONSTRAINT `inovasi_ibfk_1` FOREIGN KEY (`id_inovator`) REFERENCES `inovator` (`id_inovator`) ON DELETE CASCADE ON UPDATE CASCADE,
  ADD CONSTRAINT `inovasi_ibfk_2` FOREIGN KEY (`id_bidang_inovasi`) REFERENCES `bidang_inovasi` (`id_bidang_inovasi`) ON DELETE SET NULL ON UPDATE CASCADE;

--
-- Ketidakleluasaan untuk tabel `inovator`
--
ALTER TABLE `inovator`
  ADD CONSTRAINT `inovator_ibfk_2` FOREIGN KEY (`id_desa`) REFERENCES `desa` (`id_desa`) ON DELETE SET NULL ON UPDATE CASCADE,
  ADD CONSTRAINT `inovator_ibfk_4` FOREIGN KEY (`id_kategori_inovator`) REFERENCES `kategori_inovator` (`id_kategori_inovator`) ON DELETE SET NULL ON UPDATE CASCADE,
  ADD CONSTRAINT `inovator_ibfk_5` FOREIGN KEY (`id_akun`) REFERENCES `akun` (`id_akun`) ON DELETE CASCADE ON UPDATE CASCADE;

--
-- Ketidakleluasaan untuk tabel `kode_aktivasi`
--
ALTER TABLE `kode_aktivasi`
  ADD CONSTRAINT `kode_aktivasi_ibfk_1` FOREIGN KEY (`id_akun`) REFERENCES `akun` (`id_akun`) ON DELETE CASCADE ON UPDATE CASCADE;

--
-- Ketidakleluasaan untuk tabel `token_notifikasi`
--
ALTER TABLE `token_notifikasi`
  ADD CONSTRAINT `token_notifikasi_ibfk_1` FOREIGN KEY (`id_akun`) REFERENCES `akun` (`id_akun`) ON DELETE CASCADE ON UPDATE CASCADE;
COMMIT;

/*!40101 SET CHARACTER_SET_CLIENT=@OLD_CHARACTER_SET_CLIENT */;
/*!40101 SET CHARACTER_SET_RESULTS=@OLD_CHARACTER_SET_RESULTS */;
/*!40101 SET COLLATION_CONNECTION=@OLD_COLLATION_CONNECTION */;
