-- phpMyAdmin SQL Dump
-- version 5.1.1
-- https://www.phpmyadmin.net/
--
-- Host: 127.0.0.1
-- Waktu pembuatan: 25 Bulan Mei 2022 pada 11.54
-- Versi server: 10.4.22-MariaDB
-- Versi PHP: 7.4.27

SET SQL_MODE = "NO_AUTO_VALUE_ON_ZERO";
START TRANSACTION;
SET time_zone = "+00:00";


/*!40101 SET @OLD_CHARACTER_SET_CLIENT=@@CHARACTER_SET_CLIENT */;
/*!40101 SET @OLD_CHARACTER_SET_RESULTS=@@CHARACTER_SET_RESULTS */;
/*!40101 SET @OLD_COLLATION_CONNECTION=@@COLLATION_CONNECTION */;
/*!40101 SET NAMES utf8mb4 */;

--
-- Database: `inovator`
--

-- --------------------------------------------------------

--
-- Struktur dari tabel `akun`
--

CREATE TABLE `akun` (
  `id_akun` int(11) NOT NULL,
  `status_akun` int(1) NOT NULL DEFAULT 1,
  `role_akun` int(1) NOT NULL DEFAULT 1,
  `username` varchar(100) NOT NULL,
  `email` varchar(100) NOT NULL,
  `password` varchar(300) NOT NULL
) ENGINE=InnoDB DEFAULT CHARSET=utf8mb4;

--
-- Dumping data untuk tabel `akun`
--

INSERT INTO `akun` (`id_akun`, `status_akun`, `role_akun`, `username`, `email`, `password`) VALUES
(1, 2, 1, 'mubitz', '10bitarchive@gmail.com', '123'),
(15, 2, 1, 'eee', 'mubitz11@gmail.com', '1'),
(16, 1, 1, 'kapi', 'cb@gmail.com', '12'),
(17, 2, 1, 'eee', 'mubit1@gmail.com', '$2y$10$1Yce5rgVoby8xSs5y4IwUOUZFlk/ykYS7emEsqNYCCPRhemlPx99O');

-- --------------------------------------------------------

--
-- Struktur dari tabel `anggota`
--

CREATE TABLE `anggota` (
  `id_anggota` int(11) NOT NULL,
  `nama_anggota` varchar(100) NOT NULL,
  `email_anggota` varchar(100) NOT NULL,
  `alamat_anggota` text NOT NULL,
  `no_telp_anggota` varchar(20) NOT NULL,
  `id_inovasi` int(4) NOT NULL
) ENGINE=InnoDB DEFAULT CHARSET=utf8mb4;

-- --------------------------------------------------------

--
-- Struktur dari tabel `bidang_inovasi`
--

CREATE TABLE `bidang_inovasi` (
  `id_bidang_inovasi` int(4) NOT NULL,
  `nama_bidang_inovasi` varchar(50) NOT NULL
) ENGINE=InnoDB DEFAULT CHARSET=utf8mb4;

--
-- Dumping data untuk tabel `bidang_inovasi`
--

INSERT INTO `bidang_inovasi` (`id_bidang_inovasi`, `nama_bidang_inovasi`) VALUES
(1, 'Kesehatan'),
(2, 'Kuliner'),
(3, 'Pendidikan'),
(4, 'Pemberantasan Kemiskinan'),
(5, 'Pelayanan Masyarakat'),
(6, 'Lingkungan'),
(7, 'Pertanian');

-- --------------------------------------------------------

--
-- Struktur dari tabel `desa`
--

CREATE TABLE `desa` (
  `id_desa` int(4) NOT NULL,
  `nama_desa` varchar(30) NOT NULL,
  `id_kecamatan` int(4) DEFAULT NULL
) ENGINE=InnoDB DEFAULT CHARSET=utf8mb4;

--
-- Dumping data untuk tabel `desa`
--

INSERT INTO `desa` (`id_desa`, `nama_desa`, `id_kecamatan`) VALUES
(1, 'WANAHERANG ', 1),
(2, 'BOJONGKULUR  ', 1),
(3, 'PUSPASARI', 2),
(4, 'CITEUREUP', 2),
(5, 'CIANGSANA', 1),
(6, 'GUNUNG PUTRI  ', 1),
(7, 'BOJONGNANGKA ', 1),
(8, 'TLAJUNGUDIK   ', 1),
(9, 'CICADAS ', 1),
(10, 'CIKEAS UDIK', 1),
(11, 'NAGRAK', 1),
(12, 'KRANGGAN', 1),
(13, 'LEUWINUTUG', 2),
(14, 'TAJUR', 2),
(15, 'SANJA', 2),
(16, 'KR. ASEM TIMUR', 2),
(17, 'TARIKOLOT', 2),
(18, 'GUNUNGSARI', 2),
(19, 'TANGKIL', 2),
(20, 'SUKAHATI', 2),
(21, 'HAMBALANG', 2),
(22, 'PASIRMUKTI', 2),
(23, 'CIAMPEA', 3),
(24, 'CINANGKA', 3),
(25, 'CIHIDEUNG UDIK', 3),
(26, 'BOJONG JENGKOL', 3),
(27, 'TEGAL WARU', 3),
(28, 'CIBUNTU', 3),
(29, 'CICADAS', 3),
(30, 'CIBADAK', 3),
(31, 'BOJONGRANGKAS', 3),
(32, 'CIHIDEUNG ILIR', 3),
(33, 'CIBANTENG', 3),
(34, 'BENTENG', 3),
(35, 'CIAMPEA UDIK', 3),
(49, 'GUNUNGGEULIS', 4),
(50, 'CILEBUT TIMUR', 4),
(51, 'CILEBUT BARAT', 4),
(52, 'CIBANON', 4),
(53, 'PASIRLAJA', 4),
(54, 'NAGRAK', 4),
(55, 'SUKATANI', 4),
(56, 'SUKARAJA', 4),
(57, 'CIKEAS', 4),
(58, 'PASIR JAMBU', 4),
(59, 'CIMANDALA', 4),
(60, 'CIJUJUNG', 4),
(61, 'CADASNGAMPAR', 4),
(62, 'CIJAYANTI', 5),
(63, 'SUMUR BATU', 5),
(64, 'SENTUL', 5),
(65, 'KARANG TENGAH', 5),
(66, 'CIPAMBUAN', 5),
(67, 'KADU MANGGU', 5),
(68, 'CITARINGGUL', 5),
(69, 'BABAKAN MADANG', 5),
(70, 'BOJONG KONENG', 5),
(71, 'SUKAMAJU', 6),
(72, 'SIRNAGALIH', 6),
(73, 'SINGAJAYA', 6),
(74, 'SUKASIRNA', 6),
(75, 'SUKANEGARA', 6),
(76, 'SUKAMANAH', 6),
(77, 'WENINGGALIH', 6),
(78, 'CIBODAS', 6),
(79, 'JONGGOL', 6),
(80, 'BENDUNGAN', 6),
(81, 'SINGASARI', 6),
(82, 'BALEKAMBANG', 6),
(83, 'SUKAJAYA', 6),
(84, 'SUKAGALIH', 6),
(85, 'PASIR ANGIN', 7),
(86, 'MEKAR SARI', 7),
(87, 'MAMPIR', 7),
(88, 'DAYEUH', 7),
(89, 'GANDOANG', 7),
(90, 'JATISARI', 7),
(91, 'CILEUNGSI KIDUL', 7),
(92, 'CIPEUCANG', 7),
(93, 'SITUSARI', 7),
(94, 'CIPENJO', 7),
(95, 'LIMUSNUNGGAL', 7),
(96, 'CILEUNGSI', 7);

-- --------------------------------------------------------

--
-- Struktur dari tabel `inovasi`
--

CREATE TABLE `inovasi` (
  `id_inovasi` int(11) NOT NULL,
  `nama_inovasi` varchar(100) NOT NULL,
  `status_inovasi` varchar(20) DEFAULT NULL,
  `id_bidang_inovasi` int(4) DEFAULT NULL,
  `id_inovator` int(11) DEFAULT NULL,
  `id_kecamatan` int(10) NOT NULL,
  `deskripsi` text NOT NULL,
  `penjaringan_ide` text NOT NULL,
  `manfaat_inovasi` text NOT NULL,
  `dampak_inovasi` text NOT NULL,
  `proposal_inovasi` varchar(100) NOT NULL,
  `dokumentasi_inovasi` varchar(100) NOT NULL,
  `foto_inovator` varchar(100) NOT NULL,
  `foto_inovasi` varchar(100) NOT NULL,
  `link_medsos` varchar(200) NOT NULL,
  `video_link_youtube` varchar(200) NOT NULL
) ENGINE=InnoDB DEFAULT CHARSET=utf8;

--
-- Dumping data untuk tabel `inovasi`
--

INSERT INTO `inovasi` (`id_inovasi`, `nama_inovasi`, `status_inovasi`, `id_bidang_inovasi`, `id_inovator`, `id_kecamatan`, `deskripsi`, `penjaringan_ide`, `manfaat_inovasi`, `dampak_inovasi`, `proposal_inovasi`, `dokumentasi_inovasi`, `foto_inovator`, `foto_inovasi`, `link_medsos`, `video_link_youtube`) VALUES
(1, 'Mr. Mike Gorczany', 'Dolorem numquam omni', 1, 1, 320101, '', '', '', '', '', '', '', '', 'http://www.williamsonjohnston.com/', 'http://www.tremblayreichert.com/'),
(2, 'Miss Maxie Hills', 'Sint inventore labor', 2, 2, 320102, '', '', '', '', '', '', '', '', 'http://leuschkehuel.com/', 'http://casper.com/'),
(3, 'Dayana Reichel', 'Maxime possimus exer', 3, 3, 320103, '', '', '', '', '', '', '', '', 'http://legros.com/', 'http://schmitt.biz/'),
(4, 'Uriel Boyle', 'Animi harum ut ex ve', 4, 4, 320104, '', '', '', '', '', '', '', '', 'http://www.schmeler.org/', 'http://fahey.com/'),
(5, 'Dr. Lula Goldner', 'Nostrum sit exercita', 5, 5, 320105, '', '', '', '', '', '', '', '', 'http://www.bartell.com/', 'http://www.marquardt.biz/'),
(6, 'Michel Jacobs', 'Dolore aperiam neque', 6, 6, 320106, '', '', '', '', '', '', '', '', 'http://www.schroeder.org/', 'http://www.langworth.biz/'),
(7, 'Kieran Abshire', 'Ratione nesciunt pos', 7, 7, 320107, '', '', '', '', '', '', '', '', 'http://www.stamm.com/', 'http://www.jaskolski.com/'),
(8, 'Joy Schaefer', 'Consectetur ea possi', 1, 8, 320108, '', '', '', '', '', '', '', '', 'http://hartmann.org/', 'http://www.rogahnfeest.com/'),
(9, 'Elton Rosenbaum', 'Non est laborum corp', 2, 9, 320109, '', '', '', '', '', '', '', '', 'http://www.armstrong.info/', 'http://corkeryboyer.com/'),
(10, 'Domenic Dietrich', 'Corrupti occaecati c', 3, 10, 320110, '', '', '', '', '', '', '', '', 'http://www.okonharvey.com/', 'http://www.purdy.com/'),
(11, 'Kacie O\'Reilly IV', 'Nihil libero dolor r', 4, 11, 320111, '', '', '', '', '', '', '', '', 'http://mertz.com/', 'http://funkschroeder.com/'),
(12, 'Harmon Blick', 'Sit expedita at vel ', 5, 12, 320112, '', '', '', '', '', '', '', '', 'http://cummerataokeefe.org/', 'http://www.sporer.net/'),
(13, 'Josefina Hintz MD', 'Suscipit fuga et inv', 6, 13, 320113, '', '', '', '', '', '', '', '', 'http://www.robertsjakubowski.com/', 'http://klein.biz/'),
(14, 'Nedra Powlowski', 'Commodi sed non veri', 7, 14, 320114, '', '', '', '', '', '', '', '', 'http://www.stamm.com/', 'http://www.wilderman.org/'),
(15, 'Zoie Dach IV', 'Accusantium aut simi', 1, 15, 320115, '', '', '', '', '', '', '', '', 'http://www.schinner.com/', 'http://zulaufcollins.com/'),
(16, 'Julianne Fisher PhD', 'Dignissimos porro qu', 2, 16, 320116, '', '', '', '', '', '', '', '', 'http://www.satterfieldbaumbach.org/', 'http://heathcote.com/'),
(17, 'Gaston Auer', 'Itaque recusandae od', 3, 17, 320117, '', '', '', '', '', '', '', '', 'http://reichel.com/', 'http://www.hegmann.com/'),
(18, 'Sunny Howe', 'Et veritatis alias u', 4, 18, 320118, '', '', '', '', '', '', '', '', 'http://www.morar.com/', 'http://goodwinschuppe.info/'),
(19, 'Maeve Maggio', 'A perspiciatis ut ni', 5, 19, 320119, '', '', '', '', '', '', '', '', 'http://little.org/', 'http://gottlieb.com/'),
(20, 'Troy Kilback', 'Dicta asperiores id ', 6, 20, 320120, '', '', '', '', '', '', '', '', 'http://bernhard.net/', 'http://lowe.com/'),
(21, 'Hoyt Luettgen', 'Autem et molestiae m', 7, 21, 320121, '', '', '', '', '', '', '', '', 'http://corwinpouros.com/', 'http://www.hettinger.com/'),
(22, 'Nayeli Ortiz', 'Excepturi dolorum no', 1, 22, 320122, '', '', '', '', '', '', '', '', 'http://volkmanschaefer.com/', 'http://russel.com/'),
(23, 'Kyra Jenkins V', 'Et possimus est fugi', 2, 23, 320123, '', '', '', '', '', '', '', '', 'http://www.okunevaberge.com/', 'http://senger.com/'),
(24, 'Brent Bradtke', 'Voluptatem nisi temp', 3, 24, 320124, '', '', '', '', '', '', '', '', 'http://www.dubuque.com/', 'http://padbergschiller.com/'),
(25, 'Dante Wisoky I', 'Magni deserunt quia ', 4, 25, 320125, '', '', '', '', '', '', '', '', 'http://www.stokesgreenfelder.info/', 'http://www.lebsack.org/'),
(26, 'Hanna Oberbrunner', 'Est est officiis ape', 5, 26, 320126, '', '', '', '', '', '', '', '', 'http://www.sipes.com/', 'http://www.satterfieldbauch.info/'),
(27, 'Barrett West', 'Animi ab laboriosam ', 6, 27, 320127, '', '', '', '', '', '', '', '', 'http://langosh.com/', 'http://bruen.com/'),
(28, 'Brian Prosacco', 'Autem laudantium tot', 7, 28, 320128, '', '', '', '', '', '', '', '', 'http://www.becker.com/', 'http://www.schroeder.com/'),
(29, 'Calista Kunze', 'Repellat rem consequ', 1, 29, 320129, '', '', '', '', '', '', '', '', 'http://www.greenholtkemmer.org/', 'http://www.pfeffer.com/'),
(30, 'Prof. Brycen Roberts', 'Non accusantium nobi', 2, 30, 320130, '', '', '', '', '', '', '', '', 'http://www.sporershields.com/', 'http://oharachristiansen.com/'),
(31, 'Gabriel Fisher', 'Voluptas nisi non pe', 3, 31, 320131, '', '', '', '', '', '', '', '', 'http://www.ratke.com/', 'http://jast.com/'),
(32, 'Dr. Alexandre Lubowitz PhD', 'Dolores eum nam temp', 4, 32, 320132, '', '', '', '', '', '', '', '', 'http://abbottpacocha.org/', 'http://bins.net/'),
(33, 'Dr. Hudson Eichmann', 'Enim esse laborum iu', 5, 33, 320133, '', '', '', '', '', '', '', '', 'http://www.townefeil.org/', 'http://weimann.biz/'),
(34, 'Cristopher Powlowski', 'Quisquam saepe corru', 6, 34, 320134, '', '', '', '', '', '', '', '', 'http://www.kilback.com/', 'http://www.spinka.net/'),
(35, 'Miss Keely McLaughlin V', 'Aliquid ipsum et dis', 7, 35, 320135, '', '', '', '', '', '', '', '', 'http://mayer.com/', 'http://www.renner.biz/'),
(36, 'Miss Theresa Turcotte', 'Eum aut perspiciatis', 1, 36, 320136, '', '', '', '', '', '', '', '', 'http://www.prohaska.net/', 'http://www.streichromaguera.org/'),
(37, 'Mrs. Veronica Rath I', 'Commodi atque deleni', 2, 37, 320137, '', '', '', '', '', '', '', '', 'http://hayesgislason.com/', 'http://www.bogan.com/'),
(38, 'Jakayla Stark', 'Rem omnis voluptatum', 3, 38, 320138, '', '', '', '', '', '', '', '', 'http://rutherford.com/', 'http://www.white.biz/'),
(39, 'Prof. Velma Lesch', 'Quis non animi ipsam', 4, 39, 320139, '', '', '', '', '', '', '', '', 'http://weberzboncak.com/', 'http://www.ziemelangworth.com/'),
(40, 'Alexane Gutkowski', 'Qui repellat quod oc', 5, 40, 320140, '', '', '', '', '', '', '', '', 'http://www.hane.com/', 'http://hartmann.info/'),
(41, 'Hudson Tremblay', 'Voluptates occaecati', 6, 41, 320101, '', '', '', '', '', '', '', '', 'http://mcglynn.com/', 'http://tremblay.com/'),
(42, 'Lon Greenfelder', 'Velit provident dolo', 7, 42, 320102, '', '', '', '', '', '', '', '', 'http://wunschferry.info/', 'http://weissnat.org/'),
(43, 'Margaretta Schaefer', 'Inventore aperiam ve', 1, 43, 320103, '', '', '', '', '', '', '', '', 'http://www.larson.com/', 'http://kertzmann.net/'),
(44, 'Ervin Pollich III', 'Non non rerum amet e', 2, 44, 320104, '', '', '', '', '', '', '', '', 'http://denesik.org/', 'http://www.stokes.com/'),
(45, 'Elias Considine', 'Minima dolor aut sed', 3, 45, 320105, '', '', '', '', '', '', '', '', 'http://keeblerbauch.com/', 'http://www.reichertjones.com/'),
(46, 'Felipe Schiller DVM', 'Commodi illo qui ut ', 4, 46, 320106, '', '', '', '', '', '', '', '', 'http://roberts.com/', 'http://crooksfeest.com/'),
(47, 'Rosina Batz', 'Et possimus ratione ', 5, 47, 320107, '', '', '', '', '', '', '', '', 'http://www.cummerata.net/', 'http://www.murazikbrakus.com/'),
(48, 'Rebeka Fahey', 'Voluptatem maiores t', 6, 48, 320108, '', '', '', '', '', '', '', '', 'http://cummerata.com/', 'http://www.langoshpurdy.com/'),
(49, 'Floy DuBuque', 'Est quo minus volupt', 7, 49, 320109, '', '', '', '', '', '', '', '', 'http://www.champlin.com/', 'http://www.spencer.org/'),
(50, 'Prof. Asia Turner Sr.', 'Est iure sunt quis i', 1, 50, 320110, '', '', '', '', '', '', '', '', 'http://www.grady.com/', 'http://www.champlinfay.com/'),
(51, 'Mr. Don Lowe', 'Velit culpa odio acc', 2, 51, 320111, '', '', '', '', '', '', '', '', 'http://www.hagenes.org/', 'http://grantbernhard.com/'),
(52, 'Valentina Dare PhD', 'Repellat fuga dignis', 3, 52, 320112, '', '', '', '', '', '', '', '', 'http://www.heaneytoy.com/', 'http://www.legros.com/'),
(53, 'Roel Schaden', 'Consequatur officia ', 4, 53, 320113, '', '', '', '', '', '', '', '', 'http://wiza.info/', 'http://www.kautzer.com/'),
(54, 'Dena Block DDS', 'Voluptatem numquam o', 5, 54, 320114, '', '', '', '', '', '', '', '', 'http://franecki.com/', 'http://www.dickinsonwehner.biz/'),
(55, 'Petra Turcotte', 'Assumenda in sed imp', 6, 55, 320115, '', '', '', '', '', '', '', '', 'http://www.trompzieme.com/', 'http://treutel.com/'),
(56, 'Stephany Kautzer', 'Placeat minima labor', 7, 56, 320116, '', '', '', '', '', '', '', '', 'http://doyledamore.org/', 'http://www.kshlerinconroy.org/'),
(57, 'Imogene Barton', 'Ratione aperiam ex v', 1, 57, 320117, '', '', '', '', '', '', '', '', 'http://www.purdy.com/', 'http://www.wiegand.com/'),
(58, 'Devin Okuneva', 'Possimus rerum dolor', 2, 58, 320118, '', '', '', '', '', '', '', '', 'http://boehmkirlin.biz/', 'http://bins.com/'),
(59, 'Prof. Rubye Frami DDS', 'Architecto provident', 3, 59, 320119, '', '', '', '', '', '', '', '', 'http://www.schuster.biz/', 'http://schmidthand.info/'),
(60, 'Jennie Schneider', 'Quia tenetur est ass', 4, 60, 320120, '', '', '', '', '', '', '', '', 'http://bartolettijohnston.net/', 'http://www.kuphal.com/'),
(61, 'Mr. Zackery Kunze V', 'Minus omnis debitis ', 5, 61, 320121, '', '', '', '', '', '', '', '', 'http://www.hamill.com/', 'http://hodkiewicz.com/'),
(62, 'Miss Gladyce Leuschke V', 'Illo et quia qui dol', 6, 62, 320122, '', '', '', '', '', '', '', '', 'http://www.bashirianvolkman.com/', 'http://waelchi.com/'),
(63, 'Elisa Kunze', 'Veniam odit dolor a ', 7, 63, 320123, '', '', '', '', '', '', '', '', 'http://hagenes.org/', 'http://heller.com/'),
(64, 'Kaylin Murazik', 'Culpa necessitatibus', 1, 64, 320124, '', '', '', '', '', '', '', '', 'http://nicolas.biz/', 'http://maggiokuhn.com/'),
(65, 'Roslyn Glover', 'Qui vel officiis pla', 2, 65, 320125, '', '', '', '', '', '', '', '', 'http://www.smitham.com/', 'http://vandervort.com/'),
(66, 'Mr. Abner O\'Kon V', 'Doloremque possimus ', 3, 66, 320126, '', '', '', '', '', '', '', '', 'http://gottlieb.com/', 'http://herzogwilliamson.com/'),
(67, 'Justyn Bednar', 'Iste distinctio porr', 4, 67, 320127, '', '', '', '', '', '', '', '', 'http://www.lehner.com/', 'http://jerdeschinner.org/'),
(68, 'Tess Morissette', 'Numquam labore asper', 5, 68, 320128, '', '', '', '', '', '', '', '', 'http://douglaskemmer.net/', 'http://www.gleichner.biz/'),
(69, 'Dr. Jorge Kassulke', 'Laborum nobis volupt', 6, 69, 320129, '', '', '', '', '', '', '', '', 'http://www.powlowski.com/', 'http://witting.com/'),
(70, 'Jacklyn O\'Hara', 'Nostrum provident ad', 7, 70, 320130, '', '', '', '', '', '', '', '', 'http://harberhowe.net/', 'http://www.cartwright.com/'),
(71, 'Prof. Genesis DuBuque III', 'Qui expedita omnis a', 1, 71, 320131, '', '', '', '', '', '', '', '', 'http://bayer.net/', 'http://ward.com/'),
(72, 'Abbigail Zieme', 'Ut odit exercitation', 2, 72, 320132, '', '', '', '', '', '', '', '', 'http://collins.com/', 'http://www.kohlerwunsch.org/'),
(73, 'Mack Schmidt', 'Minima quis rerum qu', 3, 73, 320133, '', '', '', '', '', '', '', '', 'http://www.hoeger.org/', 'http://hanemurazik.biz/'),
(74, 'Arnold Langosh', 'Ab doloremque et hic', 4, 74, 320134, '', '', '', '', '', '', '', '', 'http://barton.com/', 'http://johnsdare.com/'),
(75, 'Ms. Rubie Wintheiser', 'Architecto quod id e', 5, 75, 320135, '', '', '', '', '', '', '', '', 'http://www.skilespfannerstill.org/', 'http://www.yostvolkman.biz/'),
(76, 'Octavia Hayes', 'Eius deleniti autem ', 6, 76, 320136, '', '', '', '', '', '', '', '', 'http://www.hahn.com/', 'http://www.schadencole.com/'),
(77, 'Bennie Sauer V', 'Aut sint dignissimos', 7, 77, 320137, '', '', '', '', '', '', '', '', 'http://www.gleichner.com/', 'http://monahanquitzon.com/'),
(78, 'Genesis Eichmann', 'Rem expedita odio do', 1, 78, 320138, '', '', '', '', '', '', '', '', 'http://conn.net/', 'http://www.schultz.com/'),
(79, 'Rick Watsica', 'Magni optio accusamu', 2, 79, 320139, '', '', '', '', '', '', '', '', 'http://gerholdconn.org/', 'http://oreilly.com/'),
(80, 'Laverne Terry', 'Numquam eligendi qui', 3, 80, 320140, '', '', '', '', '', '', '', '', 'http://www.abernathy.com/', 'http://www.auer.com/'),
(81, 'Mr. Davonte Langosh', 'Et voluptatum omnis ', 4, 81, 320101, '', '', '', '', '', '', '', '', 'http://kris.com/', 'http://johns.com/'),
(82, 'Mr. Maximo Runolfsson', 'Est dolorem ut magna', 5, 82, 320102, '', '', '', '', '', '', '', '', 'http://ondricka.com/', 'http://www.blick.net/'),
(83, 'Garnet Haag Sr.', 'Deleniti similique v', 6, 83, 320103, '', '', '', '', '', '', '', '', 'http://www.denesik.com/', 'http://www.johnslarson.info/'),
(84, 'Emelie Gulgowski', 'Sequi quis sed est d', 7, 84, 320104, '', '', '', '', '', '', '', '', 'http://www.murazikschultz.com/', 'http://www.stehrfunk.biz/'),
(85, 'Alivia Grant', 'Et repellendus quibu', 1, 85, 320105, '', '', '', '', '', '', '', '', 'http://green.com/', 'http://weissnat.com/'),
(86, 'Donna Carter IV', 'Suscipit necessitati', 2, 86, 320106, '', '', '', '', '', '', '', '', 'http://www.hillslittel.com/', 'http://schowalterrippin.com/'),
(87, 'Rahul Leannon', 'Assumenda est facere', 3, 87, 320107, '', '', '', '', '', '', '', '', 'http://www.brown.com/', 'http://www.ebert.com/'),
(88, 'Emily Jenkins', 'Qui eveniet et odit ', 4, 88, 320108, '', '', '', '', '', '', '', '', 'http://reichel.com/', 'http://cartwrightzieme.com/'),
(89, 'Franco Jakubowski', 'Rerum voluptate nihi', 5, 89, 320109, '', '', '', '', '', '', '', '', 'http://www.gottlieb.com/', 'http://johnson.biz/'),
(90, 'Mr. Bailey Morissette PhD', 'Quae voluptatum atqu', 6, 90, 320110, '', '', '', '', '', '', '', '', 'http://www.hintzschowalter.info/', 'http://www.hettinger.com/'),
(91, 'Maude Lemke I', 'Debitis voluptas lab', 7, 91, 320111, '', '', '', '', '', '', '', '', 'http://www.hagenesschamberger.com/', 'http://www.ohara.info/'),
(92, 'Justyn Pacocha V', 'Vero velit atque et ', 1, 92, 320112, '', '', '', '', '', '', '', '', 'http://collins.info/', 'http://oconner.com/'),
(93, 'Genevieve Wiza', 'Id eos quae iure omn', 2, 93, 320113, '', '', '', '', '', '', '', '', 'http://luettgen.com/', 'http://harris.biz/'),
(94, 'Prof. Terrence Douglas IV', 'Nobis perferendis is', 3, 94, 320114, '', '', '', '', '', '', '', '', 'http://hyatt.com/', 'http://daugherty.com/'),
(95, 'Velva Ortiz III', 'Eum est nobis quaera', 4, 95, 320115, '', '', '', '', '', '', '', '', 'http://www.wisozk.com/', 'http://dooley.com/'),
(96, 'Kennedi Veum', 'Quia magni harum qua', 5, 96, 320116, '', '', '', '', '', '', '', '', 'http://thiel.com/', 'http://www.wolff.com/'),
(97, 'Burley Weissnat', 'Aspernatur et neque ', 6, 97, 320117, '', '', '', '', '', '', '', '', 'http://www.wuckertmiller.biz/', 'http://jerde.org/'),
(98, 'Prof. Elda Steuber', 'Sit hic sapiente rec', 7, 98, 320118, '', '', '', '', '', '', '', '', 'http://monahan.com/', 'http://www.harveyhackett.com/'),
(99, 'Ross Towne', 'Ut dolorem harum qui', 1, 99, 320119, '', '', '', '', '', '', '', '', 'http://www.rau.org/', 'http://www.oberbrunneranderson.info/'),
(100, 'Heath Sipes', 'Excepturi soluta rer', 2, 100, 320120, '', '', '', '', '', '', '', '', 'http://casper.com/', 'http://www.feil.com/'),
(101, 'Rudolph Waelchi', 'Et omnis animi corpo', 3, 101, 320121, '', '', '', '', '', '', '', '', 'http://leuschkegottlieb.com/', 'http://murphy.biz/'),
(102, 'Prof. Terrence Moore', 'Officiis voluptas ad', 4, 102, 320122, '', '', '', '', '', '', '', '', 'http://www.powlowskiglover.com/', 'http://nicolas.com/'),
(103, 'Mr. Ryleigh Champlin', 'Numquam cupiditate u', 5, 103, 320123, '', '', '', '', '', '', '', '', 'http://wiza.com/', 'http://www.kerlukecrist.com/'),
(104, 'Mr. Brycen Reichel', 'Necessitatibus quos ', 6, 104, 320124, '', '', '', '', '', '', '', '', 'http://rutherford.com/', 'http://kuvalis.net/'),
(105, 'Trace Runolfsson', 'Quia vitae sunt volu', 7, 105, 320125, '', '', '', '', '', '', '', '', 'http://www.pollichlittle.com/', 'http://www.little.com/'),
(106, 'Dr. Jane Bahringer', 'Aut ipsum veniam inc', 1, 106, 320126, '', '', '', '', '', '', '', '', 'http://www.fishergulgowski.com/', 'http://hettinger.com/'),
(107, 'Santiago Lehner', 'Accusamus aperiam om', 2, 107, 320127, '', '', '', '', '', '', '', '', 'http://www.kuphal.net/', 'http://rogahn.com/'),
(108, 'Magdalen Lowe', 'Adipisci aut impedit', 3, 108, 320128, '', '', '', '', '', '', '', '', 'http://pacocha.net/', 'http://www.connelly.com/'),
(109, 'Kenyatta Orn', 'Quo at ut consectetu', 4, 109, 320129, '', '', '', '', '', '', '', '', 'http://tillman.com/', 'http://www.nicolas.com/'),
(110, 'Celine Schneider', 'Quae ut aliquid nemo', 5, 110, 320130, '', '', '', '', '', '', '', '', 'http://www.parisianfeeney.com/', 'http://botsford.info/'),
(111, 'Loma Kulas', 'Tempore rerum conseq', 6, 111, 320131, '', '', '', '', '', '', '', '', 'http://www.runte.com/', 'http://reichel.com/'),
(112, 'Cindy Johnson', 'Blanditiis aut in et', 7, 112, 320132, '', '', '', '', '', '', '', '', 'http://www.howe.com/', 'http://www.labadie.com/'),
(113, 'Chaz Goodwin II', 'Omnis sit est odio p', 1, 113, 320133, '', '', '', '', '', '', '', '', 'http://blockokuneva.com/', 'http://ullrich.biz/'),
(114, 'Kirstin Zulauf', 'Nesciunt qui qui mag', 2, 114, 320134, '', '', '', '', '', '', '', '', 'http://www.batz.info/', 'http://jacobi.com/'),
(115, 'Antonetta Rohan', 'Excepturi deserunt v', 3, 115, 320135, '', '', '', '', '', '', '', '', 'http://doyle.org/', 'http://goldner.net/'),
(116, 'Marianne Williamson', 'Asperiores molestiae', 4, 116, 320136, '', '', '', '', '', '', '', '', 'http://www.hickle.com/', 'http://www.cristbernier.com/'),
(117, 'Sydnee Kassulke', 'Illo ea dolor sed. L', 5, 117, 320137, '', '', '', '', '', '', '', '', 'http://murray.com/', 'http://www.okuneva.biz/'),
(118, 'Ms. Electa Orn', 'Iusto illo et at vol', 6, 118, 320138, '', '', '', '', '', '', '', '', 'http://kemmer.com/', 'http://www.johnston.com/'),
(119, 'Ebba Dickens MD', 'Hic odit neque ut qu', 7, 119, 320139, '', '', '', '', '', '', '', '', 'http://www.cole.com/', 'http://hauck.com/'),
(120, 'Pablo McCullough', 'Ipsum exercitationem', 1, 120, 320140, '', '', '', '', '', '', '', '', 'http://bechtelar.com/', 'http://schaden.com/'),
(121, 'Nigel Ziemann', 'Iusto velit exceptur', 2, 121, 320101, '', '', '', '', '', '', '', '', 'http://ratke.net/', 'http://www.naderbeatty.com/'),
(122, 'Kacie Willms', 'Similique a debitis ', 3, 122, 320102, '', '', '', '', '', '', '', '', 'http://hackettpouros.com/', 'http://collinshowell.net/'),
(123, 'Emmanuelle Bradtke', 'Natus possimus elige', 4, 123, 320103, '', '', '', '', '', '', '', '', 'http://daniel.com/', 'http://hand.info/'),
(124, 'Karson Pfeffer', 'Ut inventore aut duc', 5, 124, 320104, '', '', '', '', '', '', '', '', 'http://www.cummingsmclaughlin.com/', 'http://dubuque.info/'),
(125, 'Luciano Morar DVM', 'Non aliquam dolores ', 6, 125, 320105, '', '', '', '', '', '', '', '', 'http://kirlinmayert.net/', 'http://www.ankundinglueilwitz.com/'),
(126, 'Marion Mante IV', 'Dicta quo fugit est.', 7, 126, 320106, '', '', '', '', '', '', '', '', 'http://www.johns.com/', 'http://www.kub.com/'),
(127, 'Prof. Federico Douglas DDS', 'Odit et sit qui dolo', 1, 127, 320107, '', '', '', '', '', '', '', '', 'http://www.feest.com/', 'http://hermann.com/'),
(128, 'Newell Zieme', 'Provident ut vel com', 2, 128, 320108, '', '', '', '', '', '', '', '', 'http://www.kertzmann.net/', 'http://www.jenkinskuhlman.biz/'),
(129, 'Sister Mohr', 'Sunt et sed aperiam.', 3, 129, 320109, '', '', '', '', '', '', '', '', 'http://www.kunde.com/', 'http://www.graham.com/'),
(130, 'Prof. Darrion Olson', 'Commodi nesciunt mag', 4, 130, 320110, '', '', '', '', '', '', '', '', 'http://www.douglas.com/', 'http://daughertystoltenberg.com/'),
(131, 'Mollie Haley', 'Et est totam exceptu', 5, 131, 320111, '', '', '', '', '', '', '', '', 'http://stammmckenzie.biz/', 'http://lockman.com/'),
(132, 'Marian Will', 'Ad tenetur qui delec', 6, 132, 320112, '', '', '', '', '', '', '', '', 'http://www.weissnatturner.com/', 'http://www.veum.com/'),
(133, 'Patrick Thiel', 'Vero sit ipsum sequi', 7, 133, 320113, '', '', '', '', '', '', '', '', 'http://bechtelar.com/', 'http://boganmuller.com/'),
(134, 'Brenda Heaney', 'Consectetur et delec', 1, 134, 320114, '', '', '', '', '', '', '', '', 'http://treutel.com/', 'http://mannrau.biz/'),
(135, 'Mr. Janick Oberbrunner', 'Quia quaerat nesciun', 2, 135, 320115, '', '', '', '', '', '', '', '', 'http://www.hansen.com/', 'http://www.mayer.biz/'),
(136, 'Queenie Effertz Sr.', 'Quis quam ut dolor l', 3, 136, 320116, '', '', '', '', '', '', '', '', 'http://www.gorczany.com/', 'http://www.adams.com/'),
(137, 'Mr. Felix Schaden II', 'Quibusdam aut modi i', 4, 137, 320117, '', '', '', '', '', '', '', '', 'http://www.bauch.info/', 'http://hicklemccullough.biz/'),
(138, 'Luisa Schoen', 'Vel tenetur et quis ', 5, 138, 320118, '', '', '', '', '', '', '', '', 'http://www.nolan.org/', 'http://www.baumbach.org/'),
(139, 'Flavie Walter II', 'Quo mollitia impedit', 6, 139, 320119, '', '', '', '', '', '', '', '', 'http://www.olson.net/', 'http://cormier.com/'),
(140, 'Prof. Jairo Franecki', 'Placeat omnis aut co', 7, 140, 320120, '', '', '', '', '', '', '', '', 'http://www.schmitt.biz/', 'http://luettgen.org/'),
(141, 'Destiny Towne', 'Repellat qui eum sae', 1, 141, 320121, '', '', '', '', '', '', '', '', 'http://www.schuster.org/', 'http://kiehncummings.com/'),
(142, 'Sammy Schowalter', 'Tempora ab maiores c', 2, 142, 320122, '', '', '', '', '', '', '', '', 'http://halvorsoncummerata.info/', 'http://greenfelder.com/'),
(143, 'Daphne Tremblay DVM', 'Et accusantium imped', 3, 143, 320123, '', '', '', '', '', '', '', '', 'http://www.feest.com/', 'http://www.willms.com/'),
(144, 'Miss Veda Crist II', 'Officia voluptatem p', 4, 144, 320124, '', '', '', '', '', '', '', '', 'http://shanahan.com/', 'http://www.huel.com/'),
(145, 'Jarrett Schultz', 'Veniam et hic aut li', 5, 145, 320125, '', '', '', '', '', '', '', '', 'http://www.nikolausbergnaum.com/', 'http://www.rooblynch.com/'),
(146, 'Kendra Gutkowski', 'Nesciunt doloribus a', 6, 146, 320126, '', '', '', '', '', '', '', '', 'http://gutkowskiruecker.com/', 'http://www.trantowterry.com/'),
(147, 'Dr. Albert Auer', 'At cum commodi sunt ', 7, 147, 320127, '', '', '', '', '', '', '', '', 'http://buckridgeklocko.com/', 'http://ebert.info/'),
(148, 'Dr. Henriette Cruickshank Sr.', 'Molestias numquam au', 1, 148, 320128, '', '', '', '', '', '', '', '', 'http://www.millerreynolds.com/', 'http://hesselkulas.com/'),
(149, 'Doug Johnson MD', 'Harum ipsam et numqu', 2, 149, 320129, '', '', '', '', '', '', '', '', 'http://nienowkilback.com/', 'http://www.mclaughlin.com/'),
(150, 'Dr. Manley Bechtelar', 'Deleniti soluta exer', 3, 150, 320130, '', '', '', '', '', '', '', '', 'http://www.effertzgoldner.net/', 'http://maggio.org/'),
(151, 'Sunny Lehner', 'Omnis explicabo qui ', 4, 151, 320131, '', '', '', '', '', '', '', '', 'http://eichmannglover.biz/', 'http://www.boehmvon.com/'),
(152, 'Jarrett Kreiger IV', 'Exercitationem susci', 5, 152, 320132, '', '', '', '', '', '', '', '', 'http://www.brownfeest.com/', 'http://www.breitenberg.com/'),
(153, 'Mr. Tyrique Graham Jr.', 'Dolorem possimus eaq', 6, 153, 320133, '', '', '', '', '', '', '', '', 'http://abshire.com/', 'http://www.kihnohara.com/'),
(154, 'Nicola Koss', 'Omnis necessitatibus', 7, 154, 320134, '', '', '', '', '', '', '', '', 'http://www.carterkoelpin.com/', 'http://www.kiehn.net/'),
(155, 'Lexie Little', 'Tenetur voluptate no', 1, 155, 320135, '', '', '', '', '', '', '', '', 'http://www.bahringerfeest.com/', 'http://www.parisian.com/'),
(156, 'Irwin Schuster', 'Error corrupti dolor', 2, 156, 320136, '', '', '', '', '', '', '', '', 'http://spinka.com/', 'http://www.gaylord.com/'),
(157, 'Eulah Cummerata', 'Exercitationem nisi ', 3, 157, 320137, '', '', '', '', '', '', '', '', 'http://mclaughlin.com/', 'http://www.koch.biz/'),
(158, 'Dr. Hallie Anderson', 'Adipisci error ad an', 4, 158, 320138, '', '', '', '', '', '', '', '', 'http://www.schmitt.com/', 'http://www.sipesbeatty.org/'),
(159, 'Donna Stamm', 'Dignissimos ipsam su', 5, 159, 320139, '', '', '', '', '', '', '', '', 'http://www.beahan.com/', 'http://www.kerlukejacobson.com/'),
(160, 'Rosendo Kovacek', 'Quo veritatis atque ', 6, 160, 320140, '', '', '', '', '', '', '', '', 'http://weissnat.com/', 'http://beier.com/'),
(161, 'Arne Pagac', 'Asperiores debitis s', 7, 161, 320101, '', '', '', '', '', '', '', '', 'http://www.mann.com/', 'http://www.gaylord.com/'),
(162, 'Corine Waelchi', 'Modi aut aspernatur ', 1, 162, 320102, '', '', '', '', '', '', '', '', 'http://www.brakuswiegand.info/', 'http://olsonvon.org/'),
(163, 'Dr. Antone Funk I', 'Magnam quidem hic do', 2, 163, 320103, '', '', '', '', '', '', '', '', 'http://kohlermonahan.com/', 'http://rowe.com/'),
(164, 'Werner Torp Jr.', 'Voluptas sed assumen', 3, 164, 320104, '', '', '', '', '', '', '', '', 'http://wuckert.com/', 'http://www.maggio.info/'),
(165, 'Sydnee Daugherty', 'Et et qui harum haru', 4, 165, 320105, '', '', '', '', '', '', '', '', 'http://www.hilpert.com/', 'http://rosenbaum.com/'),
(166, 'Luisa Kutch', 'Nihil fugit cum temp', 5, 166, 320106, '', '', '', '', '', '', '', '', 'http://bartoletti.info/', 'http://powlowski.com/'),
(167, 'Prof. Lempi Dicki', 'Beatae debitis labor', 6, 167, 320107, '', '', '', '', '', '', '', '', 'http://www.cremin.biz/', 'http://mcdermott.info/'),
(168, 'Mrs. Jacynthe Kling', 'Iste quia cum deseru', 7, 168, 320108, '', '', '', '', '', '', '', '', 'http://www.langosh.com/', 'http://www.pricewintheiser.biz/'),
(169, 'Rachelle Kuhic', 'Quo quis nesciunt ut', 1, 169, 320109, '', '', '', '', '', '', '', '', 'http://www.pacocha.biz/', 'http://bins.com/'),
(170, 'Kailee Swaniawski Jr.', 'Qui fugit consequatu', 2, 170, 320110, '', '', '', '', '', '', '', '', 'http://labadiesteuber.com/', 'http://wardmurphy.com/'),
(171, 'Prof. Kade Witting III', 'Et est pariatur exer', 3, 171, 320111, '', '', '', '', '', '', '', '', 'http://hyatt.com/', 'http://www.connellykoss.net/'),
(172, 'Ms. Pasquale Boyle DDS', 'Ut quam ipsum volupt', 4, 172, 320112, '', '', '', '', '', '', '', '', 'http://www.greenholt.com/', 'http://www.beer.org/'),
(173, 'Dr. Eva Graham', 'Velit dolores maiore', 5, 173, 320113, '', '', '', '', '', '', '', '', 'http://www.tromp.com/', 'http://www.cruickshankbernhard.com/'),
(174, 'Jayde Jenkins', 'Ut sequi odio veniam', 6, 174, 320114, '', '', '', '', '', '', '', '', 'http://www.hessel.com/', 'http://www.brakus.com/'),
(175, 'Novella Medhurst', 'Alias animi aut recu', 7, 175, 320115, '', '', '', '', '', '', '', '', 'http://www.franeckijacobson.com/', 'http://www.hermistonhahn.net/'),
(176, 'Houston Jones', 'Quasi molestiae corr', 1, 176, 320116, '', '', '', '', '', '', '', '', 'http://www.kerluke.com/', 'http://jast.biz/'),
(177, 'Dr. Gerard VonRueden DVM', 'Non veritatis molest', 2, 177, 320117, '', '', '', '', '', '', '', '', 'http://www.stark.com/', 'http://braunpollich.com/'),
(178, 'Prof. Jarrell Grimes V', 'Consequatur asperior', 3, 178, 320118, '', '', '', '', '', '', '', '', 'http://reingermarvin.net/', 'http://www.cassin.com/'),
(179, 'Dr. Jayce Miller II', 'Earum quisquam moles', 4, 179, 320119, '', '', '', '', '', '', '', '', 'http://www.langfarrell.com/', 'http://zulaufschaefer.com/'),
(180, 'Aidan Waelchi', 'Autem eveniet accusa', 5, 180, 320120, '', '', '', '', '', '', '', '', 'http://www.bogan.com/', 'http://www.kovacek.com/'),
(181, 'Efrain Von', 'Et quia quis at quos', 6, 181, 320121, '', '', '', '', '', '', '', '', 'http://www.marks.com/', 'http://schamberger.com/'),
(182, 'Nichole Wolf', 'Magni cumque consequ', 7, 182, 320122, '', '', '', '', '', '', '', '', 'http://www.green.com/', 'http://www.kozey.com/'),
(183, 'Mrs. Raina O\'Reilly', 'Quis officia ex opti', 1, 183, 320123, '', '', '', '', '', '', '', '', 'http://stroman.com/', 'http://grant.org/'),
(184, 'Prof. Caesar Lowe', 'Voluptatum rerum inc', 2, 184, 320124, '', '', '', '', '', '', '', '', 'http://www.vonrueden.net/', 'http://www.block.com/'),
(185, 'Dolores Friesen', 'Molestiae voluptatem', 3, 185, 320125, '', '', '', '', '', '', '', '', 'http://www.mcdermottturner.com/', 'http://www.nicolas.com/'),
(186, 'Dashawn McGlynn', 'Distinctio voluptate', 4, 186, 320126, '', '', '', '', '', '', '', '', 'http://www.kunde.biz/', 'http://www.champlin.biz/'),
(187, 'Lilliana Gorczany', 'Doloremque cumque do', 5, 187, 320127, '', '', '', '', '', '', '', '', 'http://www.wisozkbraun.org/', 'http://gorczanykrajcik.com/'),
(188, 'Dr. Mercedes Toy IV', 'Eos facere suscipit ', 6, 188, 320128, '', '', '', '', '', '', '', '', 'http://fritschstroman.net/', 'http://larson.org/'),
(189, 'Dr. Dashawn Kemmer Sr.', 'Neque rerum sint nih', 7, 189, 320129, '', '', '', '', '', '', '', '', 'http://langbauch.com/', 'http://www.barton.com/'),
(190, 'Maiya Jast I', 'Nam in quia sed. Sae', 1, 190, 320130, '', '', '', '', '', '', '', '', 'http://www.witting.info/', 'http://gottliebwuckert.com/'),
(191, 'Mr. Elton Pouros', 'Necessitatibus aperi', 2, 191, 320131, '', '', '', '', '', '', '', '', 'http://www.nolan.com/', 'http://mcclure.biz/'),
(192, 'Alisa Dibbert', 'Porro nesciunt volup', 3, 192, 320132, '', '', '', '', '', '', '', '', 'http://www.smitham.com/', 'http://www.cruickshank.com/'),
(193, 'Jarrell Osinski', 'Aspernatur excepturi', 4, 193, 320133, '', '', '', '', '', '', '', '', 'http://www.purdy.com/', 'http://www.eichmannschaefer.com/'),
(194, 'Dr. Carolina Ankunding DDS', 'Adipisci laborum in ', 5, 194, 320134, '', '', '', '', '', '', '', '', 'http://www.klockogreen.biz/', 'http://mcclure.com/'),
(195, 'Theresa Bogan', 'Voluptatem dicta dol', 6, 195, 320135, '', '', '', '', '', '', '', '', 'http://www.oharacorwin.com/', 'http://erdman.com/'),
(196, 'Miss Gretchen Hauck', 'Dolores incidunt con', 7, 196, 320136, '', '', '', '', '', '', '', '', 'http://russelnitzsche.com/', 'http://www.treutel.biz/'),
(197, 'Beryl Hayes', 'Corrupti earum ullam', 1, 197, 320137, '', '', '', '', '', '', '', '', 'http://www.schulist.com/', 'http://www.nolandavis.com/'),
(198, 'Dr. Kendra Prosacco IV', 'Dolorum quaerat tota', 2, 198, 320138, '', '', '', '', '', '', '', '', 'http://www.hicklewiza.biz/', 'http://walsh.net/'),
(199, 'Frida Wilkinson', 'Ea voluptas et minim', 3, 199, 320139, '', '', '', '', '', '', '', '', 'http://www.stanton.net/', 'http://www.gutmannschinner.com/'),
(200, 'Dr. Andres Heaney II', 'Quaerat itaque velit', 4, 200, 320140, '', '', '', '', '', '', '', '', 'http://sawayn.net/', 'http://www.hyatt.com/'),
(201, 'Dominic Daniel', 'Modi velit quod duci', 5, 201, 320101, '', '', '', '', '', '', '', '', 'http://www.pacocha.net/', 'http://www.paucek.biz/'),
(202, 'Clementina Schmidt', 'Accusamus eius cupid', 6, 202, 320102, '', '', '', '', '', '', '', '', 'http://fisher.biz/', 'http://runolfsdottiremmerich.org/'),
(203, 'Chad Pfannerstill', 'Itaque et sunt dolor', 7, 203, 320103, '', '', '', '', '', '', '', '', 'http://stoltenbergstamm.com/', 'http://rowe.com/'),
(204, 'Kelton Kautzer', 'Tempore sit repudian', 1, 204, 320104, '', '', '', '', '', '', '', '', 'http://pacocha.com/', 'http://www.daugherty.com/'),
(205, 'Prof. Ofelia Grant DVM', 'Quae minus dicta qui', 2, 205, 320105, '', '', '', '', '', '', '', '', 'http://www.harvey.info/', 'http://bechtelar.biz/'),
(206, 'Shanna Aufderhar', 'Quia facere recusand', 3, 206, 320106, '', '', '', '', '', '', '', '', 'http://www.sawayn.com/', 'http://pfannerstill.com/'),
(207, 'Walter Purdy Jr.', 'Sit sed provident mo', 4, 207, 320107, '', '', '', '', '', '', '', '', 'http://walter.com/', 'http://haleyaufderhar.com/'),
(208, 'Vicente Brekke', 'Voluptatibus volupta', 5, 208, 320108, '', '', '', '', '', '', '', '', 'http://robel.com/', 'http://www.feeney.com/'),
(209, 'Floy Schamberger', 'Aliquid enim quos eo', 6, 209, 320109, '', '', '', '', '', '', '', '', 'http://www.hudson.info/', 'http://anderson.com/'),
(210, 'Prof. Hallie Gottlieb II', 'Eum illum dolorum te', 7, 210, 320110, '', '', '', '', '', '', '', '', 'http://paucek.org/', 'http://www.greenholt.com/'),
(211, 'Lucinda Homenick', 'Est qui voluptatem e', 1, 211, 320111, '', '', '', '', '', '', '', '', 'http://schustersmitham.com/', 'http://dicki.com/'),
(212, 'Prof. Blake Schimmel', 'Qui culpa ullam illu', 2, 212, 320112, '', '', '', '', '', '', '', '', 'http://www.heidenreich.org/', 'http://www.wilderman.com/'),
(213, 'Myriam Hand', 'Commodi iusto necess', 3, 213, 320113, '', '', '', '', '', '', '', '', 'http://www.ruecker.com/', 'http://nader.info/'),
(214, 'Waldo Morissette', 'Voluptatem nulla dol', 4, 214, 320114, '', '', '', '', '', '', '', '', 'http://oberbrunner.net/', 'http://hanefahey.com/'),
(215, 'Brittany Prohaska', 'Impedit aspernatur a', 5, 215, 320115, '', '', '', '', '', '', '', '', 'http://www.blick.com/', 'http://spencer.org/'),
(216, 'Thora Zboncak', 'Nobis sed voluptate ', 6, 216, 320116, '', '', '', '', '', '', '', '', 'http://boehm.biz/', 'http://www.schamberger.info/'),
(217, 'Prof. Naomi Stoltenberg DDS', 'Dolores repudiandae ', 7, 217, 320117, '', '', '', '', '', '', '', '', 'http://www.stoltenbergzulauf.net/', 'http://www.heller.biz/'),
(218, 'Dr. Georgianna Funk', 'Necessitatibus place', 1, 218, 320118, '', '', '', '', '', '', '', '', 'http://www.johns.biz/', 'http://www.price.org/'),
(219, 'Mr. Gerard Bartell V', 'A molestias molestia', 2, 219, 320119, '', '', '', '', '', '', '', '', 'http://www.schoen.net/', 'http://www.romaguerarippin.info/'),
(220, 'Newell Hegmann', 'Reiciendis eos reici', 3, 220, 320120, '', '', '', '', '', '', '', '', 'http://www.vonruedenprice.com/', 'http://witting.com/'),
(221, 'Rose Labadie DVM', 'Molestias sed amet e', 4, 221, 320121, '', '', '', '', '', '', '', '', 'http://hermanstoltenberg.com/', 'http://senger.com/'),
(222, 'Ms. Deborah Cronin III', 'Adipisci sed qui max', 5, 222, 320122, '', '', '', '', '', '', '', '', 'http://www.gleason.net/', 'http://bauch.biz/'),
(223, 'Dr. Stephen Abshire', 'Placeat rerum assume', 6, 223, 320123, '', '', '', '', '', '', '', '', 'http://hirthebrown.com/', 'http://www.muellerjacobs.com/'),
(224, 'Prof. Jorge Yost', 'Harum eum ipsam erro', 7, 224, 320124, '', '', '', '', '', '', '', '', 'http://www.schneider.biz/', 'http://www.cronin.com/'),
(225, 'Monique Williamson', 'Sint veniam accusamu', 1, 225, 320125, '', '', '', '', '', '', '', '', 'http://schuppe.com/', 'http://www.ferry.net/'),
(226, 'Helga Kunde', 'Consequatur molestia', 2, 226, 320126, '', '', '', '', '', '', '', '', 'http://kuhlman.biz/', 'http://kuhic.com/'),
(227, 'Lesly Boyle', 'Eaque voluptatem in ', 3, 227, 320127, '', '', '', '', '', '', '', '', 'http://www.adamskulas.com/', 'http://grady.info/'),
(228, 'Germaine Hilll', 'Veniam autem et cumq', 4, 228, 320128, '', '', '', '', '', '', '', '', 'http://www.roberts.info/', 'http://kuhlman.com/'),
(229, 'Ms. Tamara Huels', 'Nihil perspiciatis q', 5, 229, 320129, '', '', '', '', '', '', '', '', 'http://macejkovic.net/', 'http://bode.com/'),
(230, 'Brown Crooks I', 'Nulla corporis quo q', 6, 230, 320130, '', '', '', '', '', '', '', '', 'http://gutkowski.com/', 'http://www.zemlak.com/'),
(231, 'Minerva Friesen', 'Eum dignissimos nobi', 7, 231, 320131, '', '', '', '', '', '', '', '', 'http://ebert.com/', 'http://www.schmidt.com/'),
(232, 'Dorthy O\'Hara', 'Sit occaecati aut ne', 1, 232, 320132, '', '', '', '', '', '', '', '', 'http://www.kozey.info/', 'http://www.lowefisher.com/'),
(233, 'Miss Nova Gottlieb', 'Et mollitia vel omni', 2, 233, 320133, '', '', '', '', '', '', '', '', 'http://jacobi.com/', 'http://www.langworth.com/'),
(234, 'Rudy Sipes DVM', 'Quia doloremque hic ', 3, 234, 320134, '', '', '', '', '', '', '', '', 'http://www.buckridgekessler.biz/', 'http://olson.com/'),
(235, 'Juana Ruecker', 'Ut dignissimos dicta', 4, 235, 320135, '', '', '', '', '', '', '', '', 'http://www.effertz.com/', 'http://leffler.biz/'),
(236, 'Dr. Jayson Kassulke MD', 'Et ad quia consequat', 5, 236, 320136, '', '', '', '', '', '', '', '', 'http://www.stehr.biz/', 'http://www.huelgoodwin.com/'),
(237, 'Prof. Lorenza Fadel MD', 'Eligendi facere volu', 6, 237, 320137, '', '', '', '', '', '', '', '', 'http://www.bosco.com/', 'http://oconnell.biz/'),
(238, 'Garrick Champlin', 'Rem consequatur sunt', 7, 238, 320138, '', '', '', '', '', '', '', '', 'http://www.krajcik.com/', 'http://macejkovicmcglynn.com/'),
(239, 'Dr. Madisyn Runolfsdottir', 'Sint atque voluptas ', 1, 239, 320139, '', '', '', '', '', '', '', '', 'http://www.wehnerbode.net/', 'http://www.brakus.com/'),
(240, 'Mr. Lourdes Collier', 'Adipisci alias quod ', 2, 240, 320140, '', '', '', '', '', '', '', '', 'http://effertzmurazik.biz/', 'http://www.brown.com/'),
(241, 'Prof. Lesley Bartoletti III', 'Quos officiis laudan', 3, 241, 320101, '', '', '', '', '', '', '', '', 'http://www.keebler.biz/', 'http://runolfsdottir.com/'),
(242, 'Reece Rutherford', 'Delectus et magnam s', 4, 242, 320102, '', '', '', '', '', '', '', '', 'http://kunze.com/', 'http://www.donnelly.com/'),
(243, 'Adella Padberg V', 'Quaerat quis nostrum', 5, 243, 320103, '', '', '', '', '', '', '', '', 'http://www.christiansen.biz/', 'http://schillerhagenes.com/'),
(244, 'Lauryn Schinner IV', 'Sit exercitationem p', 6, 244, 320104, '', '', '', '', '', '', '', '', 'http://heathcote.com/', 'http://grimesgutkowski.org/'),
(245, 'Emmie Goldner', 'Consequuntur possimu', 7, 245, 320105, '', '', '', '', '', '', '', '', 'http://casperweber.com/', 'http://www.kub.com/'),
(246, 'Lenny Feeney', 'Sit itaque odit et q', 1, 246, 320106, '', '', '', '', '', '', '', '', 'http://klingbarton.com/', 'http://hickle.com/'),
(247, 'Octavia Wintheiser III', 'Ea placeat nostrum s', 2, 247, 320107, '', '', '', '', '', '', '', '', 'http://www.gleichner.com/', 'http://gerlach.com/'),
(248, 'Prof. Sigurd Boyle', 'Magnam omnis rerum f', 3, 248, 320108, '', '', '', '', '', '', '', '', 'http://www.kleinstracke.org/', 'http://www.bernhard.biz/'),
(249, 'Arnaldo Homenick', 'Aut impedit ut liber', 4, 249, 320109, '', '', '', '', '', '', '', '', 'http://www.hamilltowne.org/', 'http://ullrich.info/'),
(250, 'Alivia Gutmann', 'Dolorum vitae aut co', 5, 250, 320110, '', '', '', '', '', '', '', '', 'http://www.dietrichstokes.info/', 'http://www.volkman.org/'),
(251, 'Tyrique Gottlieb', 'Tempore dolorem aut ', 6, 251, 320111, '', '', '', '', '', '', '', '', 'http://www.oconner.info/', 'http://stoltenberg.com/'),
(252, 'Hollis Renner', 'Consequatur omnis di', 7, 252, 320112, '', '', '', '', '', '', '', '', 'http://www.schummgoyette.info/', 'http://schmidtframi.info/'),
(253, 'Tito Fay V', 'Accusamus aut et est', 1, 253, 320113, '', '', '', '', '', '', '', '', 'http://halvorsonheidenreich.info/', 'http://www.feeneyosinski.biz/'),
(254, 'Constantin Prosacco', 'Et voluptas consequu', 2, 254, 320114, '', '', '', '', '', '', '', '', 'http://www.schmidt.org/', 'http://goyette.com/'),
(255, 'Shanie Runte', 'Sint molestias aut s', 3, 255, 320115, '', '', '', '', '', '', '', '', 'http://gorczanybatz.com/', 'http://www.trompschamberger.org/'),
(256, 'Ali Crooks', 'Nihil aliquid accusa', 4, 256, 320116, '', '', '', '', '', '', '', '', 'http://www.pagac.com/', 'http://bode.info/'),
(257, 'Deangelo Altenwerth', 'Et hic fugit repelle', 5, 257, 320117, '', '', '', '', '', '', '', '', 'http://schambergerreilly.com/', 'http://www.nolan.net/'),
(258, 'Miss Cydney Ernser III', 'Error sed ea iure al', 6, 258, 320118, '', '', '', '', '', '', '', '', 'http://swaniawskibogisich.net/', 'http://steuber.com/'),
(259, 'Alyson Wolf', 'Totam ipsum dicta nu', 7, 259, 320119, '', '', '', '', '', '', '', '', 'http://ernserrobel.com/', 'http://www.prohaskakunde.com/'),
(260, 'Ben Bogan', 'Atque provident mole', 1, 260, 320120, '', '', '', '', '', '', '', '', 'http://breitenberg.com/', 'http://wilderman.com/'),
(261, 'Rafael Hand', 'Porro sunt enim veni', 2, 261, 320121, '', '', '', '', '', '', '', '', 'http://schultz.info/', 'http://pfeffer.biz/'),
(262, 'Mr. Kolby Weimann III', 'Provident odio quibu', 3, 262, 320122, '', '', '', '', '', '', '', '', 'http://www.powlowski.info/', 'http://collier.biz/'),
(263, 'Liana Lakin', 'Occaecati aut atque ', 4, 263, 320123, '', '', '', '', '', '', '', '', 'http://gusikowskijaskolski.com/', 'http://treutel.com/'),
(264, 'Garry Hackett DDS', 'Alias quae nostrum e', 5, 264, 320124, '', '', '', '', '', '', '', '', 'http://jenkins.biz/', 'http://www.wiza.biz/'),
(265, 'Prof. Jaquan Kuhic DDS', 'Atque tempore quae t', 6, 265, 320125, '', '', '', '', '', '', '', '', 'http://parker.com/', 'http://feilpacocha.biz/'),
(266, 'Fausto Schaefer', 'In in aut praesentiu', 7, 266, 320126, '', '', '', '', '', '', '', '', 'http://www.johnstonkshlerin.info/', 'http://goldnerwest.info/'),
(267, 'Gayle Cormier', 'Et consequuntur ea d', 1, 267, 320127, '', '', '', '', '', '', '', '', 'http://fay.com/', 'http://schiller.com/'),
(268, 'Marianna Terry', 'Voluptatum aut commo', 2, 268, 320128, '', '', '', '', '', '', '', '', 'http://www.schneider.info/', 'http://rowe.com/'),
(269, 'Prof. Ransom Will Sr.', 'Et vel maxime tempor', 3, 269, 320129, '', '', '', '', '', '', '', '', 'http://www.erdman.info/', 'http://reillysanford.com/'),
(270, 'Kayla Casper III', 'Harum optio dolorem ', 4, 270, 320130, '', '', '', '', '', '', '', '', 'http://www.considinedenesik.com/', 'http://www.wehner.com/'),
(271, 'Benedict Muller', 'Dolores maiores aper', 5, 271, 320131, '', '', '', '', '', '', '', '', 'http://www.leannon.net/', 'http://wizahudson.info/'),
(272, 'Mr. Elroy Thompson DVM', 'Molestias id ab cons', 6, 272, 320132, '', '', '', '', '', '', '', '', 'http://www.kohlerkoepp.com/', 'http://www.emmerich.com/'),
(273, 'Francesco Rowe', 'Dicta maxime volupta', 7, 273, 320133, '', '', '', '', '', '', '', '', 'http://damore.com/', 'http://considine.com/'),
(274, 'Renee Bernier Sr.', 'Non fuga consectetur', 1, 274, 320134, '', '', '', '', '', '', '', '', 'http://hilpertmoen.org/', 'http://www.deckowpacocha.com/'),
(275, 'Keely Cronin', 'Nihil hic dolore opt', 2, 275, 320135, '', '', '', '', '', '', '', '', 'http://whiteryan.biz/', 'http://dubuque.org/'),
(276, 'Cale Hauck', 'Maxime fugiat quia q', 3, 276, 320136, '', '', '', '', '', '', '', '', 'http://howe.biz/', 'http://farrell.com/'),
(277, 'Shayna Rath', 'Fuga laborum eum eli', 4, 277, 320137, '', '', '', '', '', '', '', '', 'http://www.koch.com/', 'http://www.robelvonrueden.com/'),
(278, 'Domenica Kohler', 'Porro unde voluptatu', 5, 278, 320138, '', '', '', '', '', '', '', '', 'http://www.muellerbartell.com/', 'http://www.purdy.com/'),
(279, 'Dr. Gabrielle Oberbrunner DVM', 'Dolores voluptates i', 6, 279, 320139, '', '', '', '', '', '', '', '', 'http://www.huels.biz/', 'http://www.leschwolf.com/'),
(280, 'Sallie Romaguera DVM', 'Sit error dolores co', 7, 280, 320140, '', '', '', '', '', '', '', '', 'http://johnston.info/', 'http://www.boehm.com/'),
(281, 'Keira Rogahn', 'Voluptate aut animi ', 1, 281, 320101, '', '', '', '', '', '', '', '', 'http://www.denesik.com/', 'http://www.weimannleannon.com/'),
(282, 'Bette Kunze', 'Eum et aliquid venia', 2, 282, 320102, '', '', '', '', '', '', '', '', 'http://baileygoodwin.com/', 'http://runolfssonblick.com/'),
(283, 'Elisa Schimmel', 'Sequi beatae molesti', 3, 283, 320103, '', '', '', '', '', '', '', '', 'http://www.yost.info/', 'http://toy.com/'),
(284, 'Ms. Felicia Strosin', 'Et ea sunt aut et pe', 4, 284, 320104, '', '', '', '', '', '', '', '', 'http://runolfsdottir.com/', 'http://dietrich.net/'),
(285, 'Dr. D\'angelo Kertzmann MD', 'Et rem dolores ea fu', 5, 285, 320105, '', '', '', '', '', '', '', '', 'http://parkerweimann.com/', 'http://www.schoen.com/'),
(286, 'Miss Peggie Kling IV', 'Aspernatur tempore e', 6, 286, 320106, '', '', '', '', '', '', '', '', 'http://www.douglas.com/', 'http://www.grady.biz/'),
(287, 'Anita Wilkinson', 'Molestiae laborum eo', 7, 287, 320107, '', '', '', '', '', '', '', '', 'http://www.thiel.com/', 'http://mitchellhomenick.com/'),
(288, 'Imogene Koelpin', 'Veritatis aperiam ve', 1, 288, 320108, '', '', '', '', '', '', '', '', 'http://joneseichmann.com/', 'http://steubersenger.com/'),
(289, 'Tatyana Flatley I', 'Repudiandae ut verit', 2, 289, 320109, '', '', '', '', '', '', '', '', 'http://corwin.com/', 'http://walsh.org/'),
(290, 'Antwan Feeney', 'Aspernatur excepturi', 3, 290, 320110, '', '', '', '', '', '', '', '', 'http://www.kunde.com/', 'http://www.schadenschimmel.biz/'),
(291, 'Mr. Marc Fritsch', 'Dolorem aut laudanti', 4, 291, 320111, '', '', '', '', '', '', '', '', 'http://carter.com/', 'http://www.lesch.org/'),
(292, 'Cedrick Ondricka', 'Explicabo vero occae', 5, 292, 320112, '', '', '', '', '', '', '', '', 'http://hoppekautzer.com/', 'http://kulas.com/'),
(293, 'Nella Trantow', 'Similique beatae ea ', 6, 293, 320113, '', '', '', '', '', '', '', '', 'http://www.miller.biz/', 'http://www.auer.com/'),
(294, 'Jerald Kunde', 'Labore minus et repe', 7, 294, 320114, '', '', '', '', '', '', '', '', 'http://wintheiser.com/', 'http://www.lockman.org/'),
(295, 'Nedra Koss', 'Unde est dolorem asp', 1, 295, 320115, '', '', '', '', '', '', '', '', 'http://kesslerfeeney.com/', 'http://www.nolan.com/'),
(296, 'Carissa Buckridge', 'Illum tenetur iste p', 2, 296, 320116, '', '', '', '', '', '', '', '', 'http://www.lindgren.net/', 'http://schulist.com/'),
(297, 'Maximillian Lynch', 'Possimus nemo archit', 3, 297, 320117, '', '', '', '', '', '', '', '', 'http://gislasonheller.com/', 'http://www.willms.biz/'),
(298, 'Darrel Hyatt III', 'Consequatur quia exp', 4, 298, 320118, '', '', '', '', '', '', '', '', 'http://baumbachsanford.com/', 'http://lindgren.biz/'),
(299, 'Crystal Streich', 'Deserunt minus hic d', 5, 299, 320119, '', '', '', '', '', '', '', '', 'http://okeefe.com/', 'http://www.stamm.com/'),
(300, 'Prof. Leora Moen', 'Tenetur ratione ex v', 6, 300, 320120, '', '', '', '', '', '', '', '', 'http://www.jacobson.com/', 'http://www.kunze.com/'),
(301, 'Prof. Tyshawn Greenholt Jr.', 'Porro ut dolore quod', 7, 301, 320121, '', '', '', '', '', '', '', '', 'http://rempel.com/', 'http://paucekcummings.com/'),
(302, 'Mr. Luis Adams', 'Et quo enim dicta re', 1, 302, 320122, '', '', '', '', '', '', '', '', 'http://www.koelpin.com/', 'http://dooley.com/'),
(303, 'Jesse Schimmel', 'Laudantium voluptate', 2, 303, 320123, '', '', '', '', '', '', '', '', 'http://muller.com/', 'http://kuhicortiz.biz/'),
(304, 'Kathryne Kertzmann', 'Rerum nihil et eos. ', 3, 304, 320124, '', '', '', '', '', '', '', '', 'http://ledner.org/', 'http://jast.net/'),
(305, 'Mrs. Zoe Tillman II', 'Maxime non quae mini', 4, 305, 320125, '', '', '', '', '', '', '', '', 'http://www.west.net/', 'http://www.bednar.com/'),
(306, 'Prof. Richmond Steuber V', 'Amet corporis alias ', 5, 306, 320126, '', '', '', '', '', '', '', '', 'http://www.becker.com/', 'http://daniel.info/'),
(307, 'Paige Batz', 'Inventore dolores de', 6, 307, 320127, '', '', '', '', '', '', '', '', 'http://www.parker.com/', 'http://kovacek.com/'),
(308, 'Barton Hessel V', 'Aut ullam at consequ', 7, 308, 320128, '', '', '', '', '', '', '', '', 'http://www.huel.biz/', 'http://weimann.net/'),
(309, 'Prof. Eldon Kessler', 'Earum consectetur es', 1, 309, 320129, '', '', '', '', '', '', '', '', 'http://champlinschuppe.org/', 'http://www.huels.com/'),
(310, 'Brody Mohr', 'Maxime qui quis qui.', 2, 310, 320130, '', '', '', '', '', '', '', '', 'http://www.streichmarks.com/', 'http://www.paucek.com/'),
(311, 'Norene Murphy', 'Voluptatem quod fuga', 3, 311, 320131, '', '', '', '', '', '', '', '', 'http://www.wisoky.com/', 'http://doyle.info/'),
(312, 'Dr. Kay Lemke', 'Corrupti ullam ex as', 4, 312, 320132, '', '', '', '', '', '', '', '', 'http://www.pagackling.com/', 'http://www.pfannerstillmohr.com/'),
(313, 'Stan Jerde I', 'Libero non sit commo', 5, 313, 320133, '', '', '', '', '', '', '', '', 'http://mcclure.com/', 'http://www.wittingbatz.net/'),
(314, 'Abigayle Schmitt', 'Tenetur architecto u', 6, 314, 320134, '', '', '', '', '', '', '', '', 'http://www.ziemanngutkowski.info/', 'http://www.okunevamurphy.com/'),
(315, 'Prof. Triston Gutmann III', 'Quas ratione dicta q', 7, 315, 320135, '', '', '', '', '', '', '', '', 'http://www.nicolas.com/', 'http://goyette.com/'),
(316, 'Ryan Veum', 'Consequatur quae ips', 1, 316, 320136, '', '', '', '', '', '', '', '', 'http://willdach.com/', 'http://johns.com/'),
(317, 'Katrine Cassin', 'Nobis ea vel debitis', 2, 317, 320137, '', '', '', '', '', '', '', '', 'http://sipes.com/', 'http://bergstrom.com/'),
(318, 'Dr. Alvis Altenwerth', 'Blanditiis rerum nos', 3, 318, 320138, '', '', '', '', '', '', '', '', 'http://www.wunsch.com/', 'http://rempel.org/'),
(319, 'Jaquelin Hickle', 'Dicta facilis accusa', 4, 319, 320139, '', '', '', '', '', '', '', '', 'http://ankunding.org/', 'http://www.gerlachfisher.com/'),
(320, 'Eliza Orn III', 'Nemo et nostrum accu', 5, 320, 320140, '', '', '', '', '', '', '', '', 'http://www.crooks.com/', 'http://www.simoniskovacek.org/'),
(321, 'Dr. Celestino Boyer', 'Fugit maxime ab non ', 6, 321, 320101, '', '', '', '', '', '', '', '', 'http://farrell.info/', 'http://www.wunsch.com/'),
(322, 'Carol Schaden', 'Sed officia et ipsum', 7, 322, 320102, '', '', '', '', '', '', '', '', 'http://marks.com/', 'http://www.gaylord.com/'),
(323, 'Deshaun White', 'Asperiores perspicia', 1, 323, 320103, '', '', '', '', '', '', '', '', 'http://macejkovic.com/', 'http://robertswolff.biz/'),
(324, 'Sibyl Fay', 'Expedita facilis at ', 2, 324, 320104, '', '', '', '', '', '', '', '', 'http://www.hartmann.org/', 'http://raynorrobel.info/'),
(325, 'Prof. Chad Wiza V', 'Delectus et et unde ', 3, 325, 320105, '', '', '', '', '', '', '', '', 'http://hammes.com/', 'http://russel.com/'),
(326, 'Verla Metz', 'Ratione earum distin', 4, 326, 320106, '', '', '', '', '', '', '', '', 'http://www.bednar.org/', 'http://leannon.biz/'),
(327, 'Casimer Schulist PhD', 'Odio eveniet consequ', 5, 327, 320107, '', '', '', '', '', '', '', '', 'http://lindgren.biz/', 'http://schustergusikowski.com/'),
(328, 'Jazmyn Sawayn', 'Omnis laudantium vol', 6, 328, 320108, '', '', '', '', '', '', '', '', 'http://www.johnsonmedhurst.com/', 'http://www.erdman.net/'),
(329, 'Gladys Ebert', 'Ipsum voluptas ut ha', 7, 329, 320109, '', '', '', '', '', '', '', '', 'http://www.heidenreich.com/', 'http://www.sipes.net/'),
(330, 'Saul Nikolaus', 'Quae modi omnis dolo', 1, 330, 320110, '', '', '', '', '', '', '', '', 'http://www.johnston.net/', 'http://www.hodkiewicz.com/'),
(331, 'Johnson Zulauf', 'Nostrum corporis ill', 2, 331, 320111, '', '', '', '', '', '', '', '', 'http://dickistoltenberg.biz/', 'http://skilesborer.com/');
INSERT INTO `inovasi` (`id_inovasi`, `nama_inovasi`, `status_inovasi`, `id_bidang_inovasi`, `id_inovator`, `id_kecamatan`, `deskripsi`, `penjaringan_ide`, `manfaat_inovasi`, `dampak_inovasi`, `proposal_inovasi`, `dokumentasi_inovasi`, `foto_inovator`, `foto_inovasi`, `link_medsos`, `video_link_youtube`) VALUES
(332, 'Miles Keebler', 'Autem cumque qui dic', 3, 332, 320112, '', '', '', '', '', '', '', '', 'http://welchdamore.com/', 'http://kilback.biz/'),
(333, 'Megane Prosacco', 'Accusamus sunt totam', 4, 333, 320113, '', '', '', '', '', '', '', '', 'http://www.funk.com/', 'http://dickenssanford.biz/'),
(334, 'Jimmie Kreiger', 'Distinctio alias et ', 5, 334, 320114, '', '', '', '', '', '', '', '', 'http://mitchell.net/', 'http://www.parisian.info/'),
(335, 'Prof. Jaydon Abernathy', 'Ut asperiores odit s', 6, 335, 320115, '', '', '', '', '', '', '', '', 'http://www.parisian.com/', 'http://www.hane.com/'),
(336, 'Ms. Nora Stamm MD', 'Enim rerum quis nemo', 7, 336, 320116, '', '', '', '', '', '', '', '', 'http://www.rath.info/', 'http://www.emmerich.net/'),
(337, 'Ara Hoeger', 'Ea adipisci aliquid ', 1, 337, 320117, '', '', '', '', '', '', '', '', 'http://white.com/', 'http://kovaceksawayn.com/'),
(338, 'Dr. Arlie Nicolas', 'Sit aliquam minima r', 2, 338, 320118, '', '', '', '', '', '', '', '', 'http://www.bartolettimurphy.com/', 'http://yostmoore.com/'),
(339, 'Kyra Collins', 'Et sequi culpa nihil', 3, 339, 320119, '', '', '', '', '', '', '', '', 'http://adamsanderson.com/', 'http://turner.com/'),
(340, 'Gerry Ullrich', 'Soluta officiis iust', 4, 340, 320120, '', '', '', '', '', '', '', '', 'http://walkerschulist.com/', 'http://www.halvorson.net/'),
(341, 'Aliyah Schmeler', 'Laudantium dolores q', 5, 341, 320121, '', '', '', '', '', '', '', '', 'http://www.rippin.com/', 'http://heidenreich.org/'),
(342, 'Prof. Zelda Jacobson', 'Inventore voluptate ', 6, 342, 320122, '', '', '', '', '', '', '', '', 'http://www.dach.biz/', 'http://haley.com/'),
(343, 'Frida Langworth', 'Soluta ut accusantiu', 7, 343, 320123, '', '', '', '', '', '', '', '', 'http://www.buckridge.com/', 'http://www.kassulkenader.org/'),
(344, 'Hattie Kautzer', 'Quis ut aliquid solu', 1, 344, 320124, '', '', '', '', '', '', '', '', 'http://considine.com/', 'http://pfannerstill.biz/'),
(345, 'Ms. Virginia Gaylord', 'Fugit animi aut iure', 2, 345, 320125, '', '', '', '', '', '', '', '', 'http://www.littel.com/', 'http://www.gleichner.com/'),
(346, 'Leatha Zieme I', 'Voluptatem modi dolo', 3, 346, 320126, '', '', '', '', '', '', '', '', 'http://douglas.com/', 'http://www.wilderman.com/'),
(347, 'Taurean Stroman', 'Provident ut quos do', 4, 347, 320127, '', '', '', '', '', '', '', '', 'http://www.ryanmorissette.info/', 'http://www.dickens.com/'),
(348, 'Kareem Von', 'In doloribus volupta', 5, 348, 320128, '', '', '', '', '', '', '', '', 'http://dach.info/', 'http://schinnereichmann.com/'),
(349, 'Dr. Tristin Marvin', 'Molestiae harum volu', 6, 349, 320129, '', '', '', '', '', '', '', '', 'http://www.kuvalisratke.com/', 'http://www.williamson.org/'),
(350, 'Darian Beahan', 'Rerum expedita corru', 7, 350, 320130, '', '', '', '', '', '', '', '', 'http://www.blockmcdermott.org/', 'http://baumbach.com/'),
(351, 'Prof. Kylee Ruecker', 'Voluptatibus sint au', 1, 351, 320131, '', '', '', '', '', '', '', '', 'http://www.bartoletti.net/', 'http://stokesmraz.com/'),
(352, 'Brown Berge', 'Ut illo minima earum', 2, 352, 320132, '', '', '', '', '', '', '', '', 'http://www.millsgreen.org/', 'http://www.gottlieboconnell.com/'),
(353, 'Hermina Padberg', 'Aut dignissimos quib', 3, 353, 320133, '', '', '', '', '', '', '', '', 'http://jakubowskijenkins.com/', 'http://collier.com/'),
(354, 'Clarabelle Grimes', 'Qui illum quis iusto', 4, 354, 320134, '', '', '', '', '', '', '', '', 'http://www.kuphal.com/', 'http://www.kovacekkutch.com/'),
(355, 'Willy Raynor', 'Aut quo quia consequ', 5, 355, 320135, '', '', '', '', '', '', '', '', 'http://www.moenbednar.net/', 'http://www.botsford.net/'),
(356, 'Ms. Margret Stracke DVM', 'Quasi ut provident m', 6, 356, 320136, '', '', '', '', '', '', '', '', 'http://www.lindgrenmckenzie.biz/', 'http://www.dach.info/'),
(357, 'Ricky Littel', 'Pariatur perferendis', 7, 357, 320137, '', '', '', '', '', '', '', '', 'http://www.rice.com/', 'http://www.kiehnpagac.org/'),
(358, 'Zander Kihn', 'Itaque quis perspici', 1, 358, 320138, '', '', '', '', '', '', '', '', 'http://www.schadengibson.com/', 'http://www.block.com/'),
(359, 'Hans Stroman', 'Voluptas adipisci vo', 2, 359, 320139, '', '', '', '', '', '', '', '', 'http://tillmangoldner.com/', 'http://www.abbott.com/'),
(360, 'Trudie Baumbach', 'Error magni sequi oc', 3, 360, 320140, '', '', '', '', '', '', '', '', 'http://www.rippin.com/', 'http://www.purdy.net/'),
(361, 'Hope Beer', 'Nisi qui beatae maxi', 4, 361, 320101, '', '', '', '', '', '', '', '', 'http://klein.com/', 'http://www.dare.com/'),
(362, 'Mara Hickle', 'Debitis quia iusto a', 5, 362, 320102, '', '', '', '', '', '', '', '', 'http://www.hauckcarroll.com/', 'http://www.farrell.biz/'),
(363, 'Charles Bode', 'Voluptas fugit volup', 6, 363, 320103, '', '', '', '', '', '', '', '', 'http://batz.net/', 'http://www.mcculloughlangosh.com/'),
(364, 'Laisha Ward', 'Reprehenderit ea in ', 7, 364, 320104, '', '', '', '', '', '', '', '', 'http://www.dickensrath.com/', 'http://www.adamsbernhard.com/'),
(365, 'Dr. Rowan Barrows', 'Natus non nostrum do', 1, 365, 320105, '', '', '', '', '', '', '', '', 'http://gerlach.com/', 'http://www.grantparisian.com/'),
(366, 'Abagail Kuhic', 'Ducimus vel et vel s', 2, 366, 320106, '', '', '', '', '', '', '', '', 'http://www.mclaughlin.com/', 'http://grahamfahey.info/'),
(367, 'Andrew Jaskolski II', 'Qui ab quis cupidita', 3, 367, 320107, '', '', '', '', '', '', '', '', 'http://littel.biz/', 'http://www.ankundingokeefe.com/'),
(368, 'Aiden Casper', 'Voluptatibus ullam v', 4, 368, 320108, '', '', '', '', '', '', '', '', 'http://ward.com/', 'http://www.rathbauch.org/'),
(369, 'Cheyanne Pagac', 'Dolores atque repell', 5, 369, 320109, '', '', '', '', '', '', '', '', 'http://www.gulgowski.biz/', 'http://www.roobmraz.com/'),
(370, 'Boris Altenwerth', 'Tempore vel in aut v', 6, 370, 320110, '', '', '', '', '', '', '', '', 'http://hillsreilly.com/', 'http://turcotte.com/'),
(371, 'Miss Dasia Stiedemann DDS', 'Et cumque quia iusto', 7, 371, 320111, '', '', '', '', '', '', '', '', 'http://www.kemmer.com/', 'http://bechtelarvonrueden.com/'),
(372, 'Dr. Greta Beier DVM', 'Autem laborum aut ex', 1, 372, 320112, '', '', '', '', '', '', '', '', 'http://schiller.com/', 'http://www.kuvalisrice.com/'),
(373, 'Jesus Stroman', 'Dolorum iste qui rer', 2, 373, 320113, '', '', '', '', '', '', '', '', 'http://conroyherman.com/', 'http://www.langworthkemmer.com/'),
(374, 'Casimir Pacocha II', 'Reiciendis ex natus ', 3, 374, 320114, '', '', '', '', '', '', '', '', 'http://gerlach.com/', 'http://www.hettinger.info/'),
(375, 'Marjolaine D\'Amore', 'Et est iure laborum ', 4, 375, 320115, '', '', '', '', '', '', '', '', 'http://hellerrenner.com/', 'http://www.stiedemannkihn.com/'),
(376, 'Mr. Dante Lowe DDS', 'Dignissimos consequa', 5, 376, 320116, '', '', '', '', '', '', '', '', 'http://www.toy.biz/', 'http://www.bosco.org/'),
(377, 'Dr. Pierce Sipes', 'Alias facere est vol', 6, 377, 320117, '', '', '', '', '', '', '', '', 'http://legrospurdy.com/', 'http://www.greenholt.com/'),
(378, 'Dr. Floy Lakin', 'Aut delectus fugit m', 7, 378, 320118, '', '', '', '', '', '', '', '', 'http://www.doyle.com/', 'http://www.kessler.com/'),
(379, 'Dr. Chloe O\'Keefe Sr.', 'Id aut iste hic aliq', 1, 379, 320119, '', '', '', '', '', '', '', '', 'http://www.damore.com/', 'http://www.mrazdoyle.org/'),
(380, 'Prof. Rodolfo Littel PhD', 'Sequi libero sint iu', 2, 380, 320120, '', '', '', '', '', '', '', '', 'http://ebert.com/', 'http://mayert.com/'),
(381, 'Myrtie Johnston', 'Numquam cumque aperi', 3, 381, 320121, '', '', '', '', '', '', '', '', 'http://www.fadelconnelly.com/', 'http://www.joneshoeger.com/'),
(382, 'Heath Bayer', 'Iusto aperiam alias ', 4, 382, 320122, '', '', '', '', '', '', '', '', 'http://www.zulauf.biz/', 'http://www.hand.net/'),
(383, 'Mr. Kaley Ruecker', 'Id ipsum distinctio ', 5, 383, 320123, '', '', '', '', '', '', '', '', 'http://beier.com/', 'http://ricejohnson.com/'),
(384, 'Arno Stamm', 'Repellendus reiciend', 6, 384, 320124, '', '', '', '', '', '', '', '', 'http://www.starkwest.com/', 'http://www.price.com/'),
(385, 'Deontae Ledner', 'Velit et voluptatem ', 7, 385, 320125, '', '', '', '', '', '', '', '', 'http://www.tremblayschoen.biz/', 'http://www.ferry.com/'),
(386, 'Prof. Meredith Crooks', 'Molestias consequatu', 1, 386, 320126, '', '', '', '', '', '', '', '', 'http://johns.biz/', 'http://feil.biz/'),
(387, 'Delores Shields DDS', 'Voluptas numquam ali', 2, 387, 320127, '', '', '', '', '', '', '', '', 'http://www.hudson.net/', 'http://www.ernserwalker.info/'),
(388, 'Raegan Langworth DVM', 'Aut eius dicta perfe', 3, 388, 320128, '', '', '', '', '', '', '', '', 'http://klockolemke.com/', 'http://www.flatley.com/'),
(389, 'Paul Collins IV', 'Qui quos magnam faci', 4, 389, 320129, '', '', '', '', '', '', '', '', 'http://turnerbechtelar.com/', 'http://www.runolfsdottir.com/'),
(390, 'Arielle Dietrich DDS', 'Corrupti dolorum sun', 5, 390, 320130, '', '', '', '', '', '', '', '', 'http://mraz.com/', 'http://macejkovic.com/'),
(391, 'Felton Halvorson', 'Amet aliquam itaque ', 6, 391, 320131, '', '', '', '', '', '', '', '', 'http://pfannerstill.com/', 'http://www.feeney.com/'),
(392, 'Mr. Aaron Flatley Jr.', 'Aut omnis autem aut ', 7, 392, 320132, '', '', '', '', '', '', '', '', 'http://christiansen.com/', 'http://boehm.info/'),
(393, 'Roxane Gaylord', 'Quo minima consequat', 1, 393, 320133, '', '', '', '', '', '', '', '', 'http://www.gutmann.com/', 'http://haag.org/'),
(394, 'Reggie Conroy', 'Sed soluta expedita ', 2, 394, 320134, '', '', '', '', '', '', '', '', 'http://www.handborer.biz/', 'http://ziemannweimann.com/'),
(395, 'August Nikolaus', 'Eos quia voluptatem ', 3, 395, 320135, '', '', '', '', '', '', '', '', 'http://kuphalgutmann.info/', 'http://www.schiller.com/'),
(396, 'Dr. Herminia Flatley', 'Impedit quia iusto n', 4, 396, 320136, '', '', '', '', '', '', '', '', 'http://weber.info/', 'http://waters.net/'),
(397, 'Lelia Sipes', 'Explicabo voluptatem', 5, 397, 320137, '', '', '', '', '', '', '', '', 'http://smithammcdermott.net/', 'http://www.wisozk.info/'),
(398, 'Minerva Langosh II', 'Porro voluptates ver', 6, 398, 320138, '', '', '', '', '', '', '', '', 'http://casper.net/', 'http://beier.org/'),
(399, 'Clementine Greenholt', 'Incidunt a labore vo', 7, 399, 320139, '', '', '', '', '', '', '', '', 'http://www.hermann.com/', 'http://hamill.com/'),
(400, 'Ms. Melyssa Hodkiewicz V', 'Esse vel doloribus e', 1, 400, 320140, '', '', '', '', '', '', '', '', 'http://lowe.biz/', 'http://predovicborer.com/'),
(401, 'Kassandra Bauch', 'Dolorem iusto tempor', 2, 401, 320101, '', '', '', '', '', '', '', '', 'http://www.miller.com/', 'http://howellpouros.com/'),
(402, 'Earline Morissette', 'Earum autem quae ess', 3, 402, 320102, '', '', '', '', '', '', '', '', 'http://schneider.com/', 'http://rueckerkovacek.com/'),
(403, 'Dr. Yasmin Feil MD', 'Magnam cumque maiore', 4, 403, 320103, '', '', '', '', '', '', '', '', 'http://www.schroeder.org/', 'http://www.steuber.com/'),
(404, 'Prof. Lourdes Runolfsson DDS', 'Nihil voluptate ea r', 5, 404, 320104, '', '', '', '', '', '', '', '', 'http://cormier.com/', 'http://www.rowe.com/'),
(405, 'Dr. Macy O\'Connell I', 'Suscipit deserunt eu', 6, 405, 320105, '', '', '', '', '', '', '', '', 'http://abbott.com/', 'http://www.leuschkezieme.com/'),
(406, 'Jeff Hamill', 'Minus non nam expedi', 7, 406, 320106, '', '', '', '', '', '', '', '', 'http://russelcorkery.com/', 'http://www.larkin.info/'),
(407, 'Rex Littel', 'Ut sit consectetur o', 1, 407, 320107, '', '', '', '', '', '', '', '', 'http://www.strosinpagac.info/', 'http://nolan.com/'),
(408, 'Lauren Hilpert', 'Numquam eos et dolor', 2, 408, 320108, '', '', '', '', '', '', '', '', 'http://kesslerfranecki.com/', 'http://runolfsdottir.biz/'),
(409, 'Prof. Dorothy Carroll', 'Perspiciatis aut at ', 3, 409, 320109, '', '', '', '', '', '', '', '', 'http://www.roob.com/', 'http://ritchie.com/'),
(410, 'Glenda Heidenreich', 'Sed officiis magnam ', 4, 410, 320110, '', '', '', '', '', '', '', '', 'http://www.jacobijerde.com/', 'http://www.will.com/'),
(411, 'Jaida Dickinson', 'Est accusantium ut o', 5, 411, 320111, '', '', '', '', '', '', '', '', 'http://www.miller.org/', 'http://daniel.com/'),
(412, 'Dr. Vanessa Sauer', 'Voluptatem ut volupt', 6, 412, 320112, '', '', '', '', '', '', '', '', 'http://www.senger.org/', 'http://borergulgowski.info/'),
(413, 'Vella Sauer', 'Dolorum mollitia dol', 7, 413, 320113, '', '', '', '', '', '', '', '', 'http://runolfsson.info/', 'http://www.ziemannrunolfsdottir.net/'),
(414, 'Sadie Schamberger', 'Odit molestiae et vo', 1, 414, 320114, '', '', '', '', '', '', '', '', 'http://schmidtrobel.org/', 'http://www.williamson.com/'),
(415, 'Caesar Collier', 'Corporis veritatis p', 2, 415, 320115, '', '', '', '', '', '', '', '', 'http://russel.com/', 'http://labadie.info/'),
(416, 'Dr. Kolby Predovic IV', 'Qui aut delectus ea ', 3, 416, 320116, '', '', '', '', '', '', '', '', 'http://www.okeefe.com/', 'http://www.feest.com/'),
(417, 'Alessandro Zulauf', 'Officia ea aut ex pa', 4, 417, 320117, '', '', '', '', '', '', '', '', 'http://www.kub.org/', 'http://sipesmayer.com/'),
(418, 'Tyrique Sauer II', 'Eius est praesentium', 5, 418, 320118, '', '', '', '', '', '', '', '', 'http://www.bartellspencer.com/', 'http://kertzmannwill.com/'),
(419, 'Samson Hintz IV', 'Nulla odio vero ex s', 6, 419, 320119, '', '', '', '', '', '', '', '', 'http://www.hermiston.info/', 'http://schinner.com/'),
(420, 'Dr. Earnestine Collier', 'Rerum rerum rerum li', 7, 420, 320120, '', '', '', '', '', '', '', '', 'http://www.moen.info/', 'http://www.thielpurdy.net/'),
(421, 'Miss Jolie Purdy', 'Quibusdam eos dolore', 1, 421, 320121, '', '', '', '', '', '', '', '', 'http://www.roberts.info/', 'http://www.ruecker.com/'),
(422, 'Alberto Walter', 'Numquam et quis face', 2, 422, 320122, '', '', '', '', '', '', '', '', 'http://www.bernierhartmann.com/', 'http://www.bahringer.org/'),
(423, 'Adam Kris', 'Ipsam quidem qui off', 3, 423, 320123, '', '', '', '', '', '', '', '', 'http://johns.com/', 'http://torphy.com/'),
(424, 'Miss Antonette Boyer', 'Tempore porro mollit', 4, 424, 320124, '', '', '', '', '', '', '', '', 'http://www.damore.com/', 'http://marquardt.com/'),
(425, 'Dr. Lelah Klocko Jr.', 'Saepe cum tenetur mi', 5, 425, 320125, '', '', '', '', '', '', '', '', 'http://kuhicgreen.info/', 'http://hagenes.info/'),
(426, 'Shayna Casper', 'A adipisci est recus', 6, 426, 320126, '', '', '', '', '', '', '', '', 'http://www.zemlak.com/', 'http://www.heathcotebuckridge.net/'),
(427, 'Eudora Huel V', 'Totam minus non et e', 7, 427, 320127, '', '', '', '', '', '', '', '', 'http://jast.com/', 'http://www.reillybauch.com/'),
(428, 'Hazel Orn', 'Et fuga molestias di', 1, 428, 320128, '', '', '', '', '', '', '', '', 'http://www.hilpert.com/', 'http://www.bartoletti.com/'),
(429, 'Marion Hermiston', 'Est pariatur quis en', 2, 429, 320129, '', '', '', '', '', '', '', '', 'http://koepprussel.biz/', 'http://www.schmidtjacobson.biz/'),
(430, 'Gaston Mohr', 'Doloribus reprehende', 3, 430, 320130, '', '', '', '', '', '', '', '', 'http://little.info/', 'http://www.bernierreichel.com/'),
(431, 'Jeramie Runolfsson', 'Suscipit quisquam et', 4, 431, 320131, '', '', '', '', '', '', '', '', 'http://fahey.info/', 'http://welchchamplin.org/'),
(432, 'Dr. Alice Quigley', 'Eum excepturi ducimu', 5, 432, 320132, '', '', '', '', '', '', '', '', 'http://www.lubowitz.com/', 'http://www.bayer.com/'),
(433, 'Miss Nia Hudson IV', 'Molestiae magnam ull', 6, 433, 320133, '', '', '', '', '', '', '', '', 'http://www.kuhicmedhurst.net/', 'http://rath.org/'),
(434, 'Ms. Roslyn Donnelly V', 'At voluptas magni nu', 7, 434, 320134, '', '', '', '', '', '', '', '', 'http://www.bartell.com/', 'http://ward.info/'),
(435, 'Dr. Jermain DuBuque', 'Corrupti cum minus t', 1, 435, 320135, '', '', '', '', '', '', '', '', 'http://rutherfordokuneva.biz/', 'http://www.powlowskiromaguera.com/'),
(436, 'Vanessa Kshlerin', 'Repudiandae est non ', 2, 436, 320136, '', '', '', '', '', '', '', '', 'http://reichel.com/', 'http://hermiston.com/'),
(437, 'Barney Runolfsson', 'Neque dolor est ut v', 3, 437, 320137, '', '', '', '', '', '', '', '', 'http://www.bartell.net/', 'http://senger.org/'),
(438, 'Conor Deckow II', 'Nulla fuga deserunt ', 4, 438, 320138, '', '', '', '', '', '', '', '', 'http://www.bogan.com/', 'http://wintheiser.org/'),
(439, 'Ronny Marks', 'Sed dolores error qu', 5, 439, 320139, '', '', '', '', '', '', '', '', 'http://www.koelpinconroy.net/', 'http://www.lesch.com/'),
(440, 'Yvette Hand', 'Amet et unde tempora', 6, 440, 320140, '', '', '', '', '', '', '', '', 'http://douglas.org/', 'http://bayer.com/'),
(441, 'Xavier Robel', 'Vel maiores sed temp', 7, 441, 320101, '', '', '', '', '', '', '', '', 'http://www.pagac.com/', 'http://www.oberbrunner.info/'),
(442, 'Gideon Crona', 'Tenetur sapiente fug', 1, 442, 320102, '', '', '', '', '', '', '', '', 'http://www.bergstrom.com/', 'http://www.hessel.org/'),
(443, 'Jocelyn Quigley DVM', 'Adipisci harum numqu', 2, 443, 320103, '', '', '', '', '', '', '', '', 'http://abernathy.com/', 'http://funk.com/'),
(444, 'Mrs. Cordia Cormier', 'Omnis ut sequi excep', 3, 444, 320104, '', '', '', '', '', '', '', '', 'http://schroederoberbrunner.org/', 'http://ritchie.com/'),
(445, 'Warren Barton', 'Harum recusandae num', 4, 445, 320105, '', '', '', '', '', '', '', '', 'http://www.gerlachmcclure.org/', 'http://www.romaguera.info/'),
(446, 'Anais Thiel', 'Dolorum amet qui pos', 5, 446, 320106, '', '', '', '', '', '', '', '', 'http://www.herman.com/', 'http://www.kuphal.com/'),
(447, 'Buddy Leannon', 'Iste quo eius impedi', 6, 447, 320107, '', '', '', '', '', '', '', '', 'http://bogan.com/', 'http://keelingwatsica.net/'),
(448, 'Tierra Bartell', 'Aut vel et omnis qua', 7, 448, 320108, '', '', '', '', '', '', '', '', 'http://block.biz/', 'http://macejkovickoch.com/'),
(449, 'Donna Hilll', 'Odit nostrum maxime ', 1, 449, 320109, '', '', '', '', '', '', '', '', 'http://turnerluettgen.com/', 'http://rau.com/'),
(450, 'Marquise Farrell', 'Nulla at quod necess', 2, 450, 320110, '', '', '', '', '', '', '', '', 'http://kohlerkemmer.net/', 'http://www.heaneyroob.info/'),
(451, 'Talia Padberg', 'Exercitationem tempo', 3, 451, 320111, '', '', '', '', '', '', '', '', 'http://www.schamberger.com/', 'http://larkin.com/'),
(452, 'Madison Reilly', 'Necessitatibus minus', 4, 452, 320112, '', '', '', '', '', '', '', '', 'http://www.klockoschmidt.net/', 'http://www.bartell.org/'),
(453, 'Prof. Ramon Grant V', 'Asperiores ut delect', 5, 453, 320113, '', '', '', '', '', '', '', '', 'http://hane.biz/', 'http://towne.com/'),
(454, 'Virgil DuBuque', 'Ut delectus exercita', 6, 454, 320114, '', '', '', '', '', '', '', '', 'http://www.maggio.com/', 'http://hirthehand.com/'),
(455, 'Miss Myra Kling', 'Explicabo reiciendis', 7, 455, 320115, '', '', '', '', '', '', '', '', 'http://www.pagacromaguera.com/', 'http://jacobs.com/'),
(456, 'Celestine Lindgren III', 'Qui qui ad repellat.', 1, 456, 320116, '', '', '', '', '', '', '', '', 'http://parker.net/', 'http://www.oconner.com/'),
(457, 'Macey Hessel IV', 'Minus iusto similiqu', 2, 457, 320117, '', '', '', '', '', '', '', '', 'http://funk.info/', 'http://greenfelder.com/'),
(458, 'Keanu Kemmer', 'Voluptatum consequun', 3, 458, 320118, '', '', '', '', '', '', '', '', 'http://stantonarmstrong.com/', 'http://rau.info/'),
(459, 'Dr. Carole Ryan IV', 'Molestiae quia verit', 4, 459, 320119, '', '', '', '', '', '', '', '', 'http://www.oberbrunner.com/', 'http://www.binslindgren.org/'),
(460, 'Estevan Stokes', 'Cumque deserunt aute', 5, 460, 320120, '', '', '', '', '', '', '', '', 'http://www.weber.com/', 'http://powlowski.com/'),
(461, 'Taylor Purdy', 'Quia blanditiis aut ', 6, 461, 320121, '', '', '', '', '', '', '', '', 'http://carter.net/', 'http://fadelkemmer.com/'),
(462, 'Crawford Hegmann PhD', 'Architecto porro vel', 7, 462, 320122, '', '', '', '', '', '', '', '', 'http://www.hamill.org/', 'http://www.hansen.org/'),
(463, 'Berniece Halvorson', 'Ipsam deleniti dolor', 1, 463, 320123, '', '', '', '', '', '', '', '', 'http://www.crooks.com/', 'http://jerde.com/'),
(464, 'Dr. Clifton Quitzon', 'Sint quaerat rerum a', 2, 464, 320124, '', '', '', '', '', '', '', '', 'http://www.heathcote.org/', 'http://www.cormier.com/'),
(465, 'Julius Trantow Jr.', 'Placeat veritatis no', 3, 465, 320125, '', '', '', '', '', '', '', '', 'http://www.raynor.org/', 'http://kassulke.com/'),
(466, 'Milan Schroeder MD', 'Doloribus expedita a', 4, 466, 320126, '', '', '', '', '', '', '', '', 'http://kilback.net/', 'http://www.spencermurray.com/'),
(467, 'Mr. Vito Brakus Sr.', 'Quis unde dolores su', 5, 467, 320127, '', '', '', '', '', '', '', '', 'http://www.bogan.com/', 'http://www.mclaughlin.com/'),
(468, 'Frieda Mosciski', 'Et a cupiditate accu', 6, 468, 320128, '', '', '', '', '', '', '', '', 'http://emard.com/', 'http://langworthlarkin.info/'),
(469, 'Lexi Goodwin Sr.', 'Accusamus consectetu', 7, 469, 320129, '', '', '', '', '', '', '', '', 'http://www.rice.net/', 'http://www.aufderhar.com/'),
(470, 'Prof. Gavin Luettgen III', 'Saepe eius id adipis', 1, 470, 320130, '', '', '', '', '', '', '', '', 'http://www.beckerrogahn.info/', 'http://sporer.com/'),
(471, 'Tania Rutherford Sr.', 'Temporibus inventore', 2, 471, 320131, '', '', '', '', '', '', '', '', 'http://www.mclaughlinthompson.org/', 'http://muellercollier.com/'),
(472, 'Madelynn Schamberger PhD', 'Harum ducimus volupt', 3, 472, 320132, '', '', '', '', '', '', '', '', 'http://ryan.com/', 'http://www.corkery.com/'),
(473, 'Ms. Alba Lockman V', 'Nisi ut deserunt sun', 4, 473, 320133, '', '', '', '', '', '', '', '', 'http://herzog.com/', 'http://www.hillsmckenzie.net/'),
(474, 'Evalyn Brakus', 'Consectetur natus et', 5, 474, 320134, '', '', '', '', '', '', '', '', 'http://stracke.net/', 'http://www.schinner.com/'),
(475, 'Prof. Bernice Homenick IV', 'Aperiam quis quas in', 6, 475, 320135, '', '', '', '', '', '', '', '', 'http://hackett.org/', 'http://www.shieldsnolan.com/'),
(476, 'Thalia Lockman', 'Voluptatum nobis des', 7, 476, 320136, '', '', '', '', '', '', '', '', 'http://tromphermann.info/', 'http://www.cassin.biz/'),
(477, 'Viola Stoltenberg', 'Totam ea in dolores ', 1, 477, 320137, '', '', '', '', '', '', '', '', 'http://www.robel.info/', 'http://www.hettinger.com/'),
(478, 'Eleonore Ortiz', 'Voluptatum in recusa', 2, 478, 320138, '', '', '', '', '', '', '', '', 'http://bosco.info/', 'http://swaniawski.org/'),
(479, 'Micaela Greenfelder', 'At labore corrupti e', 3, 479, 320139, '', '', '', '', '', '', '', '', 'http://schneider.org/', 'http://www.wisokyquigley.biz/'),
(480, 'Melba Schuppe MD', 'Eum quasi omnis eum ', 4, 480, 320140, '', '', '', '', '', '', '', '', 'http://kshlerin.com/', 'http://www.runolfsdottir.com/'),
(481, 'Miss Irma Legros', 'Id sed incidunt offi', 5, 481, 320101, '', '', '', '', '', '', '', '', 'http://schneiderhermiston.com/', 'http://www.krisconsidine.org/'),
(482, 'Bettye Stroman IV', 'Dolor adipisci sint ', 6, 482, 320102, '', '', '', '', '', '', '', '', 'http://www.simonisfeest.info/', 'http://shields.com/'),
(483, 'Angelina Littel DVM', 'Non omnis quidem est', 7, 483, 320103, '', '', '', '', '', '', '', '', 'http://www.jacobs.com/', 'http://www.corwin.com/'),
(484, 'Eloise Rogahn', 'Consequatur inventor', 1, 484, 320104, '', '', '', '', '', '', '', '', 'http://daugherty.com/', 'http://www.moore.info/'),
(485, 'Lizeth Huels', 'In nam molestiae bla', 2, 485, 320105, '', '', '', '', '', '', '', '', 'http://www.sanford.com/', 'http://www.brakusbergnaum.info/'),
(486, 'Lew Bahringer', 'Dolor dolores quia r', 3, 486, 320106, '', '', '', '', '', '', '', '', 'http://www.satterfield.biz/', 'http://wuckertkunze.net/'),
(487, 'Prof. Rodrick Hills MD', 'Rerum numquam vel co', 4, 487, 320107, '', '', '', '', '', '', '', '', 'http://raynorbreitenberg.info/', 'http://www.mraz.com/'),
(488, 'Letitia Purdy', 'In ipsa fugiat harum', 5, 488, 320108, '', '', '', '', '', '', '', '', 'http://kreigerstokes.com/', 'http://www.willtillman.com/'),
(489, 'Arlene Kirlin', 'Commodi et nemo vel ', 6, 489, 320109, '', '', '', '', '', '', '', '', 'http://www.pacochahamill.biz/', 'http://labadie.com/'),
(490, 'Prof. Isaias Crooks', 'Voluptatem incidunt ', 7, 490, 320110, '', '', '', '', '', '', '', '', 'http://www.funk.info/', 'http://www.mosciskiwintheiser.com/'),
(491, 'Donnie O\'Hara III', 'Odio qui impedit qua', 1, 491, 320111, '', '', '', '', '', '', '', '', 'http://www.kemmer.com/', 'http://www.oharadonnelly.com/'),
(492, 'Arielle Casper', 'Est aut quo molestia', 2, 492, 320112, '', '', '', '', '', '', '', '', 'http://hayes.com/', 'http://www.watsica.com/'),
(493, 'Dr. Rex Jast DVM', 'Sint eveniet sequi m', 3, 493, 320113, '', '', '', '', '', '', '', '', 'http://hyattkautzer.net/', 'http://www.kreiger.org/'),
(494, 'Nash Gaylord', 'Eos corrupti molesti', 4, 494, 320114, '', '', '', '', '', '', '', '', 'http://crooks.com/', 'http://doyle.com/'),
(495, 'Laura Funk', 'Eius aut excepturi i', 5, 495, 320115, '', '', '', '', '', '', '', '', 'http://www.stamm.com/', 'http://www.rathtorphy.com/'),
(496, 'Dillan Gusikowski', 'Excepturi cumque bea', 6, 496, 320116, '', '', '', '', '', '', '', '', 'http://jenkinstoy.com/', 'http://kemmerhackett.com/'),
(497, 'Chanelle Okuneva Sr.', 'Repellat nihil tempo', 7, 497, 320117, '', '', '', '', '', '', '', '', 'http://www.gleichner.net/', 'http://www.pfannerstillbuckridge.net/'),
(498, 'Kellie Rutherford', 'Suscipit quo fugiat ', 1, 498, 320118, '', '', '', '', '', '', '', '', 'http://connelly.info/', 'http://www.glover.biz/'),
(499, 'Marcelino Hahn', 'Qui qui dolorem quia', 2, 499, 320119, '', '', '', '', '', '', '', '', 'http://mckenzie.com/', 'http://barton.com/'),
(500, 'Imelda Abbott', 'Eaque possimus volup', 3, 500, 320120, '', '', '', '', '', '', '', '', 'http://www.boehm.info/', 'http://www.hoeger.info/'),
(501, 'Deborah Fritsch', 'Asperiores et culpa ', 4, 501, 320121, '', '', '', '', '', '', '', '', 'http://www.nienowmayert.com/', 'http://www.padbergsteuber.net/'),
(502, 'Ms. Rafaela Johnson', 'Reiciendis recusanda', 5, 502, 320122, '', '', '', '', '', '', '', '', 'http://tillman.biz/', 'http://www.daregreenfelder.info/'),
(503, 'Dr. Ayana Larson', 'Doloremque consectet', 6, 503, 320123, '', '', '', '', '', '', '', '', 'http://welchdenesik.com/', 'http://www.weber.com/'),
(504, 'Dr. Adolf Bayer', 'Dolorem nemo sed ull', 7, 504, 320124, '', '', '', '', '', '', '', '', 'http://www.paucekmiller.com/', 'http://harrisjacobi.com/'),
(505, 'Dr. Jalyn Price III', 'Delectus ut et sapie', 1, 505, 320125, '', '', '', '', '', '', '', '', 'http://lindgren.com/', 'http://www.langoshdaugherty.com/'),
(506, 'Violet Walsh', 'At beatae sunt offic', 2, 506, 320126, '', '', '', '', '', '', '', '', 'http://zieme.net/', 'http://www.graham.com/'),
(507, 'Alexane Moen', 'Et provident dolor e', 3, 507, 320127, '', '', '', '', '', '', '', '', 'http://www.goldner.info/', 'http://www.braun.com/'),
(508, 'Stone Corwin', 'Aut omnis doloremque', 4, 508, 320128, '', '', '', '', '', '', '', '', 'http://heller.com/', 'http://koeppsawayn.biz/'),
(509, 'Eric Koss', 'Qui rerum illo et et', 5, 509, 320129, '', '', '', '', '', '', '', '', 'http://www.harber.com/', 'http://conn.info/'),
(510, 'Rickie Prohaska', 'Praesentium earum vo', 6, 510, 320130, '', '', '', '', '', '', '', '', 'http://www.auerdouglas.com/', 'http://www.pagacshanahan.com/'),
(511, 'Eden Conroy', 'Iusto facilis volupt', 7, 511, 320131, '', '', '', '', '', '', '', '', 'http://www.pollich.com/', 'http://www.lesch.net/'),
(512, 'Dr. Devan Kunde Sr.', 'Ut qui dolores volup', 1, 512, 320132, '', '', '', '', '', '', '', '', 'http://www.lemke.com/', 'http://www.metzhermann.com/'),
(513, 'Lucas Treutel', 'Error consectetur si', 2, 513, 320133, '', '', '', '', '', '', '', '', 'http://ebert.com/', 'http://tillman.com/'),
(514, 'Cullen Miller', 'Dolores adipisci ea ', 3, 514, 320134, '', '', '', '', '', '', '', '', 'http://www.lowe.com/', 'http://windlerrippin.org/'),
(515, 'Ms. Alia Conroy PhD', 'Sed molestiae volupt', 4, 515, 320135, '', '', '', '', '', '', '', '', 'http://batzstrosin.com/', 'http://www.cremin.com/'),
(516, 'Demarcus Hayes', 'Totam dolore minima ', 5, 516, 320136, '', '', '', '', '', '', '', '', 'http://www.rempel.com/', 'http://www.cronin.com/'),
(517, 'Edison Padberg', 'Aliquam omnis rerum ', 6, 517, 320137, '', '', '', '', '', '', '', '', 'http://roberts.com/', 'http://www.lebsackhaag.com/'),
(518, 'Jude Simonis', 'Nemo laboriosam aspe', 7, 518, 320138, '', '', '', '', '', '', '', '', 'http://jerde.com/', 'http://www.heller.com/'),
(519, 'Billy Heaney III', 'Voluptate similique ', 1, 519, 320139, '', '', '', '', '', '', '', '', 'http://torphyemmerich.com/', 'http://reynolds.com/'),
(520, 'Lennie Lynch', 'Voluptatem dignissim', 2, 520, 320140, '', '', '', '', '', '', '', '', 'http://greenholt.biz/', 'http://www.jones.com/'),
(521, 'Prof. Nolan Halvorson Sr.', 'Repellat alias unde ', 3, 521, 320101, '', '', '', '', '', '', '', '', 'http://www.oreilly.com/', 'http://www.balistrericummerata.com/'),
(522, 'Ariel Ebert', 'Omnis ut repellendus', 4, 522, 320102, '', '', '', '', '', '', '', '', 'http://www.olson.com/', 'http://www.hilpert.net/'),
(523, 'Leone Koss', 'Nostrum accusantium ', 5, 523, 320103, '', '', '', '', '', '', '', '', 'http://cassinkassulke.com/', 'http://www.green.biz/'),
(524, 'Mrs. Emmalee Yost', 'Sit sapiente veritat', 6, 524, 320104, '', '', '', '', '', '', '', '', 'http://jacobi.com/', 'http://lockman.net/'),
(525, 'Gunnar Rogahn', 'Ut est eos iure ipsu', 7, 525, 320105, '', '', '', '', '', '', '', '', 'http://www.jonesschinner.com/', 'http://www.jonesmayert.com/'),
(526, 'Prof. Hiram Ortiz II', 'Accusantium quam fac', 1, 526, 320106, '', '', '', '', '', '', '', '', 'http://www.huels.com/', 'http://pourosgerhold.biz/'),
(527, 'Dr. Buddy Jenkins', 'Dolorum odio eaque v', 2, 527, 320107, '', '', '', '', '', '', '', '', 'http://www.funkmraz.com/', 'http://mertztremblay.com/'),
(528, 'Marlen Littel', 'Natus qui alias labo', 3, 528, 320108, '', '', '', '', '', '', '', '', 'http://brakus.net/', 'http://www.leuschke.biz/'),
(529, 'Aurelie Muller', 'Vitae qui pariatur v', 4, 529, 320109, '', '', '', '', '', '', '', '', 'http://dooleyhalvorson.com/', 'http://schoen.com/'),
(530, 'Dr. Gene Larkin', 'Eum veritatis ab vel', 5, 530, 320110, '', '', '', '', '', '', '', '', 'http://www.treutel.com/', 'http://grimeswiegand.com/'),
(531, 'Vita Nienow', 'Et rerum quaerat cup', 6, 531, 320111, '', '', '', '', '', '', '', '', 'http://www.bednarboyer.com/', 'http://raynor.net/'),
(532, 'Sandy Grimes', 'Aspernatur omnis con', 7, 532, 320112, '', '', '', '', '', '', '', '', 'http://howe.com/', 'http://www.nitzschepfeffer.com/'),
(533, 'Pink Farrell II', 'Quibusdam voluptatum', 1, 533, 320113, '', '', '', '', '', '', '', '', 'http://www.ward.biz/', 'http://www.oreillymuller.com/'),
(534, 'Ms. Valentina Kuhic', 'Porro eius unde ea i', 2, 534, 320114, '', '', '', '', '', '', '', '', 'http://borer.com/', 'http://www.deckow.org/'),
(535, 'Darrick Ferry', 'Perspiciatis ab cum ', 3, 535, 320115, '', '', '', '', '', '', '', '', 'http://mitchell.org/', 'http://www.crona.com/'),
(536, 'Prof. Nat Emard II', 'Minus sit cum qui si', 4, 536, 320116, '', '', '', '', '', '', '', '', 'http://www.breitenbergkuhn.com/', 'http://www.gutmann.com/'),
(537, 'Stefanie Lowe', 'Quia id neque esse r', 5, 537, 320117, '', '', '', '', '', '', '', '', 'http://purdy.com/', 'http://www.carrollcorkery.org/'),
(538, 'Mr. Tyrel King', 'Aperiam culpa vel un', 6, 538, 320118, '', '', '', '', '', '', '', '', 'http://ritchie.com/', 'http://schowalter.net/'),
(539, 'Paolo Hansen', 'Ut porro sint volupt', 7, 539, 320119, '', '', '', '', '', '', '', '', 'http://hegmannharvey.com/', 'http://gusikowskipacocha.com/'),
(540, 'Hector Shields', 'Iste voluptatem quod', 1, 540, 320120, '', '', '', '', '', '', '', '', 'http://okeefe.info/', 'http://mclaughlinzemlak.com/'),
(541, 'Dr. Willard Kihn DDS', 'Laboriosam dolorem r', 2, 541, 320121, '', '', '', '', '', '', '', '', 'http://www.purdy.com/', 'http://www.heidenreichlarkin.com/'),
(542, 'Ms. Scarlett Bogisich', 'Sapiente et eos aute', 3, 542, 320122, '', '', '', '', '', '', '', '', 'http://hauck.org/', 'http://www.watsica.com/'),
(543, 'Tiara Macejkovic', 'Eos aliquid pariatur', 4, 543, 320123, '', '', '', '', '', '', '', '', 'http://www.gutmann.net/', 'http://homenick.com/'),
(544, 'Dr. Sonny Dooley MD', 'Soluta qui animi qui', 5, 544, 320124, '', '', '', '', '', '', '', '', 'http://www.dibbert.net/', 'http://hartmann.com/'),
(545, 'Magdalen Howe', 'Sit rem error atque ', 6, 545, 320125, '', '', '', '', '', '', '', '', 'http://www.grimes.biz/', 'http://www.hills.biz/'),
(546, 'Jalyn Ebert', 'Eaque quia harum ess', 7, 546, 320126, '', '', '', '', '', '', '', '', 'http://www.schmelerkeeling.net/', 'http://www.kihnratke.info/'),
(547, 'Miles Osinski', 'Quia et consectetur ', 1, 547, 320127, '', '', '', '', '', '', '', '', 'http://www.wolf.com/', 'http://hodkiewicz.com/'),
(548, 'Edgar Beer', 'Voluptatem voluptate', 2, 548, 320128, '', '', '', '', '', '', '', '', 'http://www.aufderhar.com/', 'http://damore.info/'),
(549, 'Larissa Schmidt', 'Qui voluptatem elige', 3, 549, 320129, '', '', '', '', '', '', '', '', 'http://www.koepp.com/', 'http://gorczany.com/'),
(550, 'Junior Jerde II', 'Aut cum dolor dolori', 4, 550, 320130, '', '', '', '', '', '', '', '', 'http://www.doyle.com/', 'http://sipes.com/'),
(551, 'Pattie Morar', 'Voluptatem doloribus', 5, 551, 320131, '', '', '', '', '', '', '', '', 'http://kuhicleuschke.com/', 'http://www.jerde.com/'),
(552, 'Alessandra Kreiger Sr.', 'Natus impedit earum ', 6, 552, 320132, '', '', '', '', '', '', '', '', 'http://damore.com/', 'http://www.lemke.com/'),
(553, 'Prof. Hassie Hudson', 'Ducimus neque ab dig', 7, 553, 320133, '', '', '', '', '', '', '', '', 'http://thompson.com/', 'http://rolfson.com/'),
(554, 'Fritz Mann', 'Ut nihil in omnis an', 1, 554, 320134, '', '', '', '', '', '', '', '', 'http://www.okuneva.com/', 'http://greenholt.net/'),
(555, 'Kavon Cronin', 'Quasi qui fugit reru', 2, 555, 320135, '', '', '', '', '', '', '', '', 'http://www.weissnat.net/', 'http://kuvalis.biz/'),
(556, 'Fleta Okuneva III', 'Excepturi architecto', 3, 556, 320136, '', '', '', '', '', '', '', '', 'http://www.stamm.info/', 'http://gaylord.com/'),
(557, 'Robb Kohler', 'Magni vel harum omni', 4, 557, 320137, '', '', '', '', '', '', '', '', 'http://hintz.com/', 'http://www.tremblayschiller.com/'),
(558, 'Earnestine Raynor', 'Iusto recusandae mol', 5, 558, 320138, '', '', '', '', '', '', '', '', 'http://www.homenick.com/', 'http://www.gutmannpredovic.net/'),
(559, 'Corbin Buckridge', 'Sed aspernatur offic', 6, 559, 320139, '', '', '', '', '', '', '', '', 'http://mccullough.info/', 'http://www.bode.com/'),
(560, 'Leon Bode', 'Ab sequi odio tempor', 7, 560, 320140, '', '', '', '', '', '', '', '', 'http://hudson.com/', 'http://swaniawski.net/'),
(561, 'Dr. Paris Smith', 'Sit aliquid consequa', 1, 561, 320101, '', '', '', '', '', '', '', '', 'http://www.millsswaniawski.com/', 'http://roob.com/'),
(562, 'Prof. Juvenal Gaylord', 'Sit laudantium enim ', 2, 562, 320102, '', '', '', '', '', '', '', '', 'http://murphyjacobson.net/', 'http://bernier.info/'),
(563, 'Mr. Gilbert Kozey', 'Quia consequatur per', 3, 563, 320103, '', '', '', '', '', '', '', '', 'http://hoeger.org/', 'http://price.com/'),
(564, 'Esther Schiller', 'Sunt ut rerum tempor', 4, 564, 320104, '', '', '', '', '', '', '', '', 'http://dickifeest.info/', 'http://larsonmoen.com/'),
(565, 'Paolo Ullrich', 'Tenetur deserunt odi', 5, 565, 320105, '', '', '', '', '', '', '', '', 'http://www.gislason.org/', 'http://www.harber.com/'),
(566, 'Therese Turcotte', 'Dolores ipsa saepe v', 6, 566, 320106, '', '', '', '', '', '', '', '', 'http://www.kertzmann.com/', 'http://www.gorczany.com/'),
(567, 'Dr. Kenneth Haag', 'Laudantium maiores o', 7, 567, 320107, '', '', '', '', '', '', '', '', 'http://www.denesik.com/', 'http://rogahn.com/'),
(568, 'Loy Bartell', 'Est perspiciatis iur', 1, 568, 320108, '', '', '', '', '', '', '', '', 'http://www.grady.net/', 'http://www.carrollmohr.org/'),
(569, 'Bethany McCullough', 'Exercitationem qui s', 2, 569, 320109, '', '', '', '', '', '', '', '', 'http://www.cormier.com/', 'http://metzschaden.com/'),
(570, 'Eda Cronin', 'Quo incidunt in omni', 3, 570, 320110, '', '', '', '', '', '', '', '', 'http://larsonflatley.com/', 'http://damoregutmann.com/'),
(571, 'Gina Lowe', 'Repellat id vitae qu', 4, 571, 320111, '', '', '', '', '', '', '', '', 'http://www.kling.info/', 'http://ruecker.com/'),
(572, 'Napoleon Keeling', 'Id cumque repellendu', 5, 572, 320112, '', '', '', '', '', '', '', '', 'http://www.bode.org/', 'http://www.kihnward.com/'),
(573, 'Diego Hansen', 'Omnis voluptatem exp', 6, 573, 320113, '', '', '', '', '', '', '', '', 'http://www.kovacek.biz/', 'http://anderson.com/'),
(574, 'Davin Bernier II', 'Recusandae natus eum', 7, 574, 320114, '', '', '', '', '', '', '', '', 'http://dietrichmante.com/', 'http://berge.net/'),
(575, 'Myrtis Berge', 'Ut vero voluptates n', 1, 575, 320115, '', '', '', '', '', '', '', '', 'http://www.schadencorwin.com/', 'http://bechtelarschaefer.org/'),
(576, 'Dudley Luettgen', 'Est explicabo ea duc', 2, 576, 320116, '', '', '', '', '', '', '', '', 'http://runolfsson.com/', 'http://www.damore.biz/'),
(577, 'Maxwell Fay', 'Ut consequatur animi', 3, 577, 320117, '', '', '', '', '', '', '', '', 'http://schulistnicolas.org/', 'http://hessel.info/'),
(578, 'Reece Koelpin MD', 'Sed sequi omnis moll', 4, 578, 320118, '', '', '', '', '', '', '', '', 'http://kuhn.com/', 'http://www.kautzer.com/'),
(579, 'Hugh Lesch', 'Fugit quas commodi a', 5, 579, 320119, '', '', '', '', '', '', '', '', 'http://bernhard.com/', 'http://www.millsspencer.net/'),
(580, 'Prof. Salma Stiedemann', 'Voluptatem officia a', 6, 580, 320120, '', '', '', '', '', '', '', '', 'http://harvey.com/', 'http://markskautzer.net/'),
(581, 'Garth Stoltenberg', 'Beatae recusandae no', 7, 581, 320121, '', '', '', '', '', '', '', '', 'http://www.andersoncrooks.com/', 'http://www.sawaynmayer.com/'),
(582, 'Mr. William Bradtke DVM', 'Pariatur omnis dolor', 1, 582, 320122, '', '', '', '', '', '', '', '', 'http://schneiderhagenes.com/', 'http://www.corwin.com/'),
(583, 'Cornell O\'Connell', 'Est est eveniet perf', 2, 583, 320123, '', '', '', '', '', '', '', '', 'http://price.info/', 'http://rathgottlieb.com/'),
(584, 'Mrs. Trudie Koepp', 'Dolor neque quaerat ', 3, 584, 320124, '', '', '', '', '', '', '', '', 'http://hyatt.org/', 'http://kassulke.net/'),
(585, 'Mr. Geoffrey Kulas', 'Iusto possimus quaer', 4, 585, 320125, '', '', '', '', '', '', '', '', 'http://www.padberg.com/', 'http://www.zemlakschmidt.com/'),
(586, 'Kaitlin Kemmer', 'Ipsam et similique v', 5, 586, 320126, '', '', '', '', '', '', '', '', 'http://www.muller.net/', 'http://www.wisoky.com/'),
(587, 'Zackery Predovic', 'Suscipit et cum aute', 6, 587, 320127, '', '', '', '', '', '', '', '', 'http://adams.info/', 'http://mayer.com/'),
(588, 'Darrel Brekke', 'Voluptatum eum dolor', 7, 588, 320128, '', '', '', '', '', '', '', '', 'http://www.mckenziekoch.org/', 'http://www.flatleycartwright.com/'),
(589, 'Prof. Zita Runolfsdottir', 'Atque sint ut dolor ', 1, 589, 320129, '', '', '', '', '', '', '', '', 'http://gutmannpaucek.com/', 'http://www.hammes.net/'),
(590, 'Mrs. Era Runte MD', 'Rerum consectetur ip', 2, 590, 320130, '', '', '', '', '', '', '', '', 'http://emard.com/', 'http://senger.com/'),
(591, 'Paul Schowalter', 'Id quis voluptatum s', 3, 591, 320131, '', '', '', '', '', '', '', '', 'http://www.spinka.info/', 'http://www.satterfieldhackett.com/'),
(592, 'Garry Cassin', 'Voluptate eum distin', 4, 592, 320132, '', '', '', '', '', '', '', '', 'http://kuhlman.com/', 'http://www.kingaltenwerth.biz/'),
(593, 'Cora Effertz', 'Repellat nobis ut ut', 5, 593, 320133, '', '', '', '', '', '', '', '', 'http://www.nienow.com/', 'http://www.medhurstgutkowski.com/'),
(594, 'Miss Leola Goyette IV', 'Suscipit est ut est ', 6, 594, 320134, '', '', '', '', '', '', '', '', 'http://blick.com/', 'http://gislason.com/'),
(595, 'Prof. Chaim Daniel', 'Ut fugiat officiis q', 7, 595, 320135, '', '', '', '', '', '', '', '', 'http://senger.com/', 'http://www.frami.com/'),
(596, 'Bo Cremin', 'Dolorem rerum quae d', 1, 596, 320136, '', '', '', '', '', '', '', '', 'http://www.gutkowski.com/', 'http://tremblay.com/'),
(597, 'Johnpaul Strosin', 'Reiciendis ut quasi ', 2, 597, 320137, '', '', '', '', '', '', '', '', 'http://dietrichking.net/', 'http://stammkulas.com/'),
(598, 'Demetris Kilback', 'Harum explicabo quo ', 3, 598, 320138, '', '', '', '', '', '', '', '', 'http://www.lynchgerhold.com/', 'http://www.runolfsdottir.info/'),
(599, 'Ally Funk', 'Consequatur eum culp', 4, 599, 320139, '', '', '', '', '', '', '', '', 'http://wardsteuber.com/', 'http://www.koepp.net/'),
(600, 'Kurtis Kassulke', 'Nam amet recusandae ', 5, 600, 320140, '', '', '', '', '', '', '', '', 'http://www.nienow.biz/', 'http://www.zieme.org/'),
(601, 'Mr. Connor Corkery', 'Quidem suscipit eius', 6, 601, 320101, '', '', '', '', '', '', '', '', 'http://www.willwhite.com/', 'http://mayerlindgren.com/'),
(602, 'Malvina Harris', 'Adipisci excepturi n', 7, 602, 320102, '', '', '', '', '', '', '', '', 'http://fisher.com/', 'http://www.lesch.com/'),
(603, 'Velma Cole II', 'Modi amet ducimus ac', 1, 603, 320103, '', '', '', '', '', '', '', '', 'http://www.hudson.com/', 'http://www.kerluke.com/'),
(604, 'Dr. Mollie Gusikowski', 'Molestiae rerum fugi', 2, 604, 320104, '', '', '', '', '', '', '', '', 'http://walshwaelchi.com/', 'http://www.sawayn.com/'),
(605, 'Alphonso Lebsack', 'Aut mollitia in volu', 3, 605, 320105, '', '', '', '', '', '', '', '', 'http://www.rogahnlindgren.org/', 'http://www.conroy.org/'),
(606, 'Zion Koch', 'Dolorem quia nulla q', 4, 606, 320106, '', '', '', '', '', '', '', '', 'http://jacobi.com/', 'http://www.stark.com/'),
(607, 'Pinkie Kuhn', 'Vel voluptatem venia', 5, 607, 320107, '', '', '', '', '', '', '', '', 'http://www.stoltenberg.biz/', 'http://www.hirthe.com/'),
(608, 'Pasquale Bogan', 'Reprehenderit volupt', 6, 608, 320108, '', '', '', '', '', '', '', '', 'http://frami.com/', 'http://oreilly.info/'),
(609, 'Mr. Kennedi Maggio', 'Similique nesciunt d', 7, 609, 320109, '', '', '', '', '', '', '', '', 'http://www.kautzerherzog.com/', 'http://www.kulasprohaska.com/'),
(610, 'Hans Maggio Sr.', 'Praesentium facere f', 1, 610, 320110, '', '', '', '', '', '', '', '', 'http://mullerdicki.com/', 'http://www.hauck.com/'),
(611, 'Elta Littel', 'Sapiente sint ab aut', 2, 611, 320111, '', '', '', '', '', '', '', '', 'http://www.kutch.com/', 'http://nikolaus.info/'),
(612, 'Nayeli Keeling', 'Numquam facere conse', 3, 612, 320112, '', '', '', '', '', '', '', '', 'http://www.heaneymante.info/', 'http://www.littelwintheiser.com/'),
(613, 'Jettie Abbott', 'Velit neque laudanti', 4, 613, 320113, '', '', '', '', '', '', '', '', 'http://www.daugherty.com/', 'http://www.roberts.org/'),
(614, 'Tyshawn Lindgren', 'Et animi aperiam mod', 5, 614, 320114, '', '', '', '', '', '', '', '', 'http://skileslesch.com/', 'http://www.fay.com/'),
(615, 'Ms. Lauryn Monahan MD', 'Est et fugiat quo eo', 6, 615, 320115, '', '', '', '', '', '', '', '', 'http://www.jenkinswolff.com/', 'http://rath.info/'),
(616, 'Dr. Destiny Mayer', 'Unde ut impedit et. ', 7, 616, 320116, '', '', '', '', '', '', '', '', 'http://www.orn.com/', 'http://www.oberbrunner.com/'),
(617, 'Jermaine Reichert', 'Autem voluptatibus s', 1, 617, 320117, '', '', '', '', '', '', '', '', 'http://www.considine.com/', 'http://hagenes.org/'),
(618, 'Maximillian Kling', 'Veritatis non libero', 2, 618, 320118, '', '', '', '', '', '', '', '', 'http://www.borer.com/', 'http://www.deckow.com/'),
(619, 'Ms. Donna Daniel', 'Mollitia dolor magna', 3, 619, 320119, '', '', '', '', '', '', '', '', 'http://klingconroy.info/', 'http://www.auergreen.com/'),
(620, 'Dr. Polly Howe', 'Sed et nulla tenetur', 4, 620, 320120, '', '', '', '', '', '', '', '', 'http://mayerbarton.com/', 'http://www.schiller.com/'),
(621, 'Gaetano Jones', 'Quis sit reprehender', 5, 621, 320121, '', '', '', '', '', '', '', '', 'http://www.mohr.net/', 'http://www.hermanncarter.info/'),
(622, 'Dr. Zion Hoppe III', 'Ea mollitia optio fu', 6, 622, 320122, '', '', '', '', '', '', '', '', 'http://schuppe.com/', 'http://mosciski.info/'),
(623, 'Juliana Kub DVM', 'Cumque animi provide', 7, 623, 320123, '', '', '', '', '', '', '', '', 'http://schowalter.com/', 'http://www.smitham.com/'),
(624, 'Adaline Aufderhar', 'Consequatur ad conse', 1, 624, 320124, '', '', '', '', '', '', '', '', 'http://www.kautzer.net/', 'http://friesen.info/'),
(625, 'Gerda Effertz', 'Et in non voluptatem', 2, 625, 320125, '', '', '', '', '', '', '', '', 'http://erdmanryan.com/', 'http://batz.com/'),
(626, 'Mrs. Leslie Pagac Jr.', 'Ex recusandae quia u', 3, 626, 320126, '', '', '', '', '', '', '', '', 'http://www.raynornicolas.net/', 'http://gutmann.com/'),
(627, 'Dr. Denis Lind II', 'Magni voluptas quisq', 4, 627, 320127, '', '', '', '', '', '', '', '', 'http://www.mayer.com/', 'http://www.kunde.info/'),
(628, 'Reilly Nader DDS', 'Dolor magnam sint vo', 5, 628, 320128, '', '', '', '', '', '', '', '', 'http://kulasmetz.com/', 'http://www.dickinsonkub.biz/'),
(629, 'Olen Hintz', 'Pariatur inventore b', 6, 629, 320129, '', '', '', '', '', '', '', '', 'http://stark.net/', 'http://hirthe.com/'),
(630, 'Tyler Jerde Jr.', 'Velit iure sit volup', 7, 630, 320130, '', '', '', '', '', '', '', '', 'http://www.hilllsimonis.com/', 'http://www.nikolaushowell.biz/'),
(631, 'Rickie Koss', 'Molestiae minus atqu', 1, 631, 320131, '', '', '', '', '', '', '', '', 'http://www.sawaynkreiger.com/', 'http://www.lowe.com/'),
(632, 'Kaylee Howell I', 'Dolore eos ipsa fugi', 2, 632, 320132, '', '', '', '', '', '', '', '', 'http://www.hoegerbauch.org/', 'http://wolff.info/'),
(633, 'Justyn Schuppe', 'Veniam quis omnis do', 3, 633, 320133, '', '', '', '', '', '', '', '', 'http://www.harber.net/', 'http://considine.info/'),
(634, 'Tiara Streich', 'Voluptatibus qui mag', 4, 634, 320134, '', '', '', '', '', '', '', '', 'http://www.rempel.net/', 'http://crookspaucek.com/'),
(635, 'Magdalen Mayer', 'Iste iure quas imped', 5, 635, 320135, '', '', '', '', '', '', '', '', 'http://koelpin.org/', 'http://fay.com/'),
(636, 'Prof. Freddie Rodriguez V', 'Consequatur et fugit', 6, 636, 320136, '', '', '', '', '', '', '', '', 'http://www.roob.com/', 'http://kertzmann.com/'),
(637, 'Mr. Pablo Grimes Sr.', 'Consequatur et dolor', 7, 637, 320137, '', '', '', '', '', '', '', '', 'http://ebert.com/', 'http://www.sawayn.com/'),
(638, 'Johnny Deckow', 'Enim exercitationem ', 1, 638, 320138, '', '', '', '', '', '', '', '', 'http://pagacwhite.com/', 'http://www.mitchell.com/'),
(639, 'Sibyl Bogisich', 'Voluptatem sunt est ', 2, 639, 320139, '', '', '', '', '', '', '', '', 'http://jones.com/', 'http://www.hyatt.com/'),
(640, 'Deon Rosenbaum', 'Veritatis perferendi', 3, 640, 320140, '', '', '', '', '', '', '', '', 'http://www.schadenkertzmann.info/', 'http://www.hagenesmccullough.com/'),
(641, 'Gardner Connelly', 'Et excepturi aut vol', 4, 641, 320101, '', '', '', '', '', '', '', '', 'http://www.windler.info/', 'http://schiller.com/'),
(642, 'Prof. Jane Shanahan', 'Vitae illo qui unde ', 5, 642, 320102, '', '', '', '', '', '', '', '', 'http://www.gerholdparker.com/', 'http://satterfield.info/'),
(643, 'Doug Bradtke', 'Et vel eos eaque ut ', 6, 643, 320103, '', '', '', '', '', '', '', '', 'http://herzogbruen.com/', 'http://bailey.net/'),
(644, 'Prof. Marc Nitzsche PhD', 'Velit autem quae nem', 7, 644, 320104, '', '', '', '', '', '', '', '', 'http://stroman.com/', 'http://www.kemmer.org/'),
(645, 'Theresia Frami', 'Nostrum et ipsam vol', 1, 645, 320105, '', '', '', '', '', '', '', '', 'http://www.hoeger.com/', 'http://www.boehm.com/'),
(646, 'Zechariah Lynch', 'Autem illo molestias', 2, 646, 320106, '', '', '', '', '', '', '', '', 'http://www.kutch.com/', 'http://www.thompson.biz/'),
(647, 'Joel Treutel', 'Nesciunt sequi quaer', 3, 647, 320107, '', '', '', '', '', '', '', '', 'http://reichel.info/', 'http://conroy.net/'),
(648, 'Allie Medhurst', 'Doloribus possimus q', 4, 648, 320108, '', '', '', '', '', '', '', '', 'http://reynoldshomenick.net/', 'http://www.ankundingstoltenberg.com/'),
(649, 'Douglas Flatley II', 'Impedit atque distin', 5, 649, 320109, '', '', '', '', '', '', '', '', 'http://kunde.com/', 'http://www.hoppegulgowski.com/'),
(650, 'Mrs. Carolina Klocko PhD', 'Quis eum cum aut rep', 6, 650, 320110, '', '', '', '', '', '', '', '', 'http://www.cronin.com/', 'http://www.blanda.com/'),
(651, 'Boyd Herman', 'Et non non distincti', 7, 651, 320111, '', '', '', '', '', '', '', '', 'http://www.pricewiza.com/', 'http://rodriguez.com/'),
(652, 'Helmer Watsica', 'Perferendis blanditi', 1, 652, 320112, '', '', '', '', '', '', '', '', 'http://kovacek.com/', 'http://www.ward.com/'),
(653, 'Nya Hartmann', 'Fuga quo occaecati o', 2, 653, 320113, '', '', '', '', '', '', '', '', 'http://gutkowski.com/', 'http://www.feest.com/'),
(654, 'Carlee Schiller', 'Ipsum et et consequa', 3, 654, 320114, '', '', '', '', '', '', '', '', 'http://www.stoltenberg.net/', 'http://www.haag.info/'),
(655, 'Ceasar Dooley', 'Distinctio illum rem', 4, 655, 320115, '', '', '', '', '', '', '', '', 'http://feest.info/', 'http://lemke.com/'),
(656, 'Dr. Juana Gleichner', 'Libero nisi vitae et', 5, 656, 320116, '', '', '', '', '', '', '', '', 'http://www.krajcik.org/', 'http://www.senger.com/'),
(657, 'Jamil Morar', 'Error est esse nihil', 6, 657, 320117, '', '', '', '', '', '', '', '', 'http://www.grady.net/', 'http://www.hickle.org/'),
(658, 'Abbie Brekke', 'Aut beatae pariatur ', 7, 658, 320118, '', '', '', '', '', '', '', '', 'http://metz.org/', 'http://www.casperferry.net/'),
(659, 'Norris Baumbach', 'Officiis sunt vel ex', 1, 659, 320119, '', '', '', '', '', '', '', '', 'http://jakubowski.biz/', 'http://www.mertzfadel.com/'),
(660, 'Bernice Deckow', 'Voluptatem maiores n', 2, 660, 320120, '', '', '', '', '', '', '', '', 'http://www.vonrueden.biz/', 'http://lynch.com/'),
(661, 'Blanca Heaney', 'Doloribus est omnis ', 3, 661, 320121, '', '', '', '', '', '', '', '', 'http://king.com/', 'http://miller.com/');
INSERT INTO `inovasi` (`id_inovasi`, `nama_inovasi`, `status_inovasi`, `id_bidang_inovasi`, `id_inovator`, `id_kecamatan`, `deskripsi`, `penjaringan_ide`, `manfaat_inovasi`, `dampak_inovasi`, `proposal_inovasi`, `dokumentasi_inovasi`, `foto_inovator`, `foto_inovasi`, `link_medsos`, `video_link_youtube`) VALUES
(662, 'Abbigail Schroeder', 'Voluptas sit harum n', 4, 662, 320122, '', '', '', '', '', '', '', '', 'http://www.schuster.com/', 'http://www.okeefegraham.com/'),
(663, 'Dr. Blanca Powlowski MD', 'Quia saepe laudantiu', 5, 663, 320123, '', '', '', '', '', '', '', '', 'http://kertzmann.biz/', 'http://doyle.com/'),
(664, 'Benedict Stroman', 'Voluptatum natus dol', 6, 664, 320124, '', '', '', '', '', '', '', '', 'http://koeppschamberger.info/', 'http://waters.net/'),
(665, 'Ceasar Lockman', 'Porro fugiat volupta', 7, 665, 320125, '', '', '', '', '', '', '', '', 'http://homenick.info/', 'http://waelchi.net/'),
(666, 'Jo Miller', 'Beatae qui necessita', 1, 666, 320126, '', '', '', '', '', '', '', '', 'http://www.franecki.org/', 'http://www.wisoky.info/'),
(667, 'Mr. Chris Welch PhD', 'Pariatur voluptatem ', 2, 667, 320127, '', '', '', '', '', '', '', '', 'http://www.dachreichert.org/', 'http://www.bogan.org/'),
(668, 'Ella Moore', 'Fugiat quos aut aper', 3, 668, 320128, '', '', '', '', '', '', '', '', 'http://www.altenwerth.com/', 'http://cormierherman.com/'),
(669, 'Elvie Metz', 'Facilis accusamus di', 4, 669, 320129, '', '', '', '', '', '', '', '', 'http://prosacco.com/', 'http://www.mertz.com/'),
(670, 'Glenna Langosh', 'Est magnam ducimus u', 5, 670, 320130, '', '', '', '', '', '', '', '', 'http://halvorson.org/', 'http://www.cremin.biz/'),
(671, 'Crystel Littel Jr.', 'Velit quasi ut nesci', 6, 671, 320131, '', '', '', '', '', '', '', '', 'http://bernhardkertzmann.org/', 'http://www.huelgreen.org/'),
(672, 'Dr. Tyrese Goyette I', 'Fugiat sint exceptur', 7, 672, 320132, '', '', '', '', '', '', '', '', 'http://www.lueilwitz.com/', 'http://www.zemlak.com/'),
(673, 'Eli Lynch', 'Et assumenda qui vit', 1, 673, 320133, '', '', '', '', '', '', '', '', 'http://jacobs.com/', 'http://www.kassulke.com/'),
(674, 'Gladyce Abernathy', 'Omnis quis sed omnis', 2, 674, 320134, '', '', '', '', '', '', '', '', 'http://www.champlin.info/', 'http://stamm.com/'),
(675, 'Jalyn Harber', 'Error nostrum volupt', 3, 675, 320135, '', '', '', '', '', '', '', '', 'http://abbottcormier.org/', 'http://www.schmelercassin.com/'),
(676, 'Marcos Nienow', 'Dignissimos possimus', 4, 676, 320136, '', '', '', '', '', '', '', '', 'http://rauheidenreich.com/', 'http://www.lowe.net/'),
(677, 'Graham Satterfield Sr.', 'Sit architecto conse', 5, 677, 320137, '', '', '', '', '', '', '', '', 'http://www.hoppe.info/', 'http://www.streich.org/'),
(678, 'Adaline Lubowitz', 'Explicabo cumque dol', 6, 678, 320138, '', '', '', '', '', '', '', '', 'http://www.blocklockman.com/', 'http://denesik.com/'),
(679, 'Anjali Greenholt', 'Velit tempore necess', 7, 679, 320139, '', '', '', '', '', '', '', '', 'http://erdman.com/', 'http://www.murray.com/'),
(680, 'Esta McDermott', 'Doloremque explicabo', 1, 680, 320140, '', '', '', '', '', '', '', '', 'http://stark.org/', 'http://kochfunk.com/'),
(681, 'Miss Kavon Rempel III', 'Quam dignissimos sit', 2, 681, 320101, '', '', '', '', '', '', '', '', 'http://www.turcotte.com/', 'http://metz.com/'),
(682, 'Bud Grant', 'Voluptas repellat co', 3, 682, 320102, '', '', '', '', '', '', '', '', 'http://www.herzogcartwright.org/', 'http://www.okuneva.com/'),
(683, 'Mrs. Neoma Bogan', 'Dolorem aliquam qui ', 4, 683, 320103, '', '', '', '', '', '', '', '', 'http://www.gislason.biz/', 'http://carroll.com/'),
(684, 'Dr. Shawn Nienow', 'Odit neque veniam ut', 5, 684, 320104, '', '', '', '', '', '', '', '', 'http://www.rogahn.com/', 'http://fay.org/'),
(685, 'Lilliana Schamberger', 'Quia ab eligendi ali', 6, 685, 320105, '', '', '', '', '', '', '', '', 'http://cartwrightbins.com/', 'http://www.anderson.com/'),
(686, 'Coleman Armstrong', 'Illum commodi et acc', 7, 686, 320106, '', '', '', '', '', '', '', '', 'http://torpchristiansen.com/', 'http://pagac.com/'),
(687, 'Garnett Wolf', 'Est unde aut eos per', 1, 687, 320107, '', '', '', '', '', '', '', '', 'http://www.adams.com/', 'http://tromp.info/'),
(688, 'Lucienne Prosacco', 'Laudantium amet qui ', 2, 688, 320108, '', '', '', '', '', '', '', '', 'http://www.murazik.com/', 'http://www.gutkowskiromaguera.com/'),
(689, 'Dr. Mallory Wunsch', 'Officia quidem ipsum', 3, 689, 320109, '', '', '', '', '', '', '', '', 'http://www.kihn.org/', 'http://www.anderson.com/'),
(690, 'Araceli Baumbach', 'Est minima sit sit. ', 4, 690, 320110, '', '', '', '', '', '', '', '', 'http://www.barrows.com/', 'http://www.beier.org/'),
(691, 'Mr. Curtis Spinka', 'Asperiores tempora r', 5, 691, 320111, '', '', '', '', '', '', '', '', 'http://www.schowalterbeatty.net/', 'http://schuppemccullough.com/'),
(692, 'Obie Thiel III', 'Recusandae fugit ull', 6, 692, 320112, '', '', '', '', '', '', '', '', 'http://www.treutel.com/', 'http://gislason.biz/'),
(693, 'Ora Flatley', 'Maiores sequi rerum ', 7, 693, 320113, '', '', '', '', '', '', '', '', 'http://www.ferry.com/', 'http://mertz.biz/'),
(694, 'Damion Daugherty Jr.', 'Nam quas qui minima ', 1, 694, 320114, '', '', '', '', '', '', '', '', 'http://quigleybeier.net/', 'http://reilly.info/'),
(695, 'Ryan Corwin', 'Ut fugit sit quis pl', 2, 695, 320115, '', '', '', '', '', '', '', '', 'http://dicki.org/', 'http://www.mueller.info/'),
(696, 'Dr. Reinhold Schowalter DVM', 'Et vel dolor rem mol', 3, 696, 320116, '', '', '', '', '', '', '', '', 'http://www.bins.com/', 'http://wilkinson.com/'),
(697, 'Mervin Tremblay', 'Cumque quo corrupti ', 4, 697, 320117, '', '', '', '', '', '', '', '', 'http://www.dooley.net/', 'http://wilkinsonskiles.net/'),
(698, 'Palma Mann', 'Corrupti sed consequ', 5, 698, 320118, '', '', '', '', '', '', '', '', 'http://stamm.biz/', 'http://www.abbott.com/'),
(699, 'Prof. Domingo Ullrich', 'Aut et ratione ad is', 6, 699, 320119, '', '', '', '', '', '', '', '', 'http://rath.info/', 'http://lebsack.com/'),
(700, 'Emely Boyle', 'Sed rerum aut volupt', 7, 700, 320120, '', '', '', '', '', '', '', '', 'http://smith.org/', 'http://www.cronaherman.biz/'),
(701, 'Amina Boyle PhD', 'Deserunt est delenit', 1, 701, 320121, '', '', '', '', '', '', '', '', 'http://erdman.com/', 'http://www.romaguera.com/'),
(702, 'Dr. Israel Ruecker', 'Numquam id perferend', 2, 702, 320122, '', '', '', '', '', '', '', '', 'http://hartmann.com/', 'http://www.franeckiborer.com/'),
(703, 'Ms. Kristina Walsh', 'Et ullam molestiae o', 3, 703, 320123, '', '', '', '', '', '', '', '', 'http://schinner.net/', 'http://sawayn.com/'),
(704, 'Prof. Shemar Conn II', 'Nulla et voluptatum ', 4, 704, 320124, '', '', '', '', '', '', '', '', 'http://armstrong.com/', 'http://reichert.info/'),
(705, 'Pierre Dicki', 'Temporibus maxime in', 5, 705, 320125, '', '', '', '', '', '', '', '', 'http://bednaroreilly.com/', 'http://ortiz.org/'),
(706, 'Mr. Issac Will', 'Vel nemo qui officii', 6, 706, 320126, '', '', '', '', '', '', '', '', 'http://www.hicklebatz.com/', 'http://will.net/'),
(707, 'Autumn Effertz', 'Fuga et nostrum nesc', 7, 707, 320127, '', '', '', '', '', '', '', '', 'http://pacocha.com/', 'http://hoppe.com/'),
(708, 'Miss Estell Wyman II', 'Mollitia autem cum a', 1, 708, 320128, '', '', '', '', '', '', '', '', 'http://www.herzogstehr.org/', 'http://www.morissette.com/'),
(709, 'Prof. Elmore Gulgowski PhD', 'Harum aperiam aut di', 2, 709, 320129, '', '', '', '', '', '', '', '', 'http://www.morissette.com/', 'http://wiegand.info/'),
(710, 'Mrs. Freeda Haley MD', 'Culpa quia et sequi ', 3, 710, 320130, '', '', '', '', '', '', '', '', 'http://collier.biz/', 'http://prohaskaspinka.com/'),
(711, 'Nash Watsica', 'Distinctio minima et', 4, 711, 320131, '', '', '', '', '', '', '', '', 'http://yostmccullough.com/', 'http://hesselwhite.org/'),
(712, 'Elisabeth Hilll PhD', 'Ab dolorem debitis l', 5, 712, 320132, '', '', '', '', '', '', '', '', 'http://www.wiegand.net/', 'http://www.schuppe.com/'),
(713, 'Akeem Walsh', 'Quasi eligendi modi ', 6, 713, 320133, '', '', '', '', '', '', '', '', 'http://www.gaylord.com/', 'http://www.cronin.com/'),
(714, 'Timmothy Walsh', 'Assumenda aut debiti', 7, 714, 320134, '', '', '', '', '', '', '', '', 'http://raynorbalistreri.biz/', 'http://www.pfefferbeahan.com/'),
(715, 'Alvis Corwin', 'Architecto quo eum v', 1, 715, 320135, '', '', '', '', '', '', '', '', 'http://www.damoredibbert.com/', 'http://www.bode.net/'),
(716, 'Miss Jackie Gutkowski', 'Libero nihil et id v', 2, 716, 320136, '', '', '', '', '', '', '', '', 'http://www.smith.net/', 'http://www.klocko.com/'),
(717, 'Aaron Leffler', 'Dolorem ut aut ducim', 3, 717, 320137, '', '', '', '', '', '', '', '', 'http://huels.com/', 'http://ziemann.net/'),
(718, 'Ricardo Crooks', 'Non qui voluptates n', 4, 718, 320138, '', '', '', '', '', '', '', '', 'http://shieldsschulist.com/', 'http://halvorsontreutel.com/'),
(719, 'Ahmed Beier', 'Excepturi ratione de', 5, 719, 320139, '', '', '', '', '', '', '', '', 'http://www.luettgen.com/', 'http://mante.com/'),
(720, 'Marcus Ernser', 'Et officia ab verita', 6, 720, 320140, '', '', '', '', '', '', '', '', 'http://www.von.com/', 'http://www.kozeyhills.com/'),
(721, 'Prof. Newell Hermann', 'Nulla et quidem in. ', 7, 721, 320101, '', '', '', '', '', '', '', '', 'http://mitchell.org/', 'http://www.howe.net/'),
(722, 'Prof. Arnoldo Murazik', 'Quasi aut dicta numq', 1, 722, 320102, '', '', '', '', '', '', '', '', 'http://www.altenwerthziemann.com/', 'http://homenickstehr.com/'),
(723, 'Dane Mueller', 'Deserunt natus alias', 2, 723, 320103, '', '', '', '', '', '', '', '', 'http://www.mrazlowe.com/', 'http://www.lakin.com/'),
(724, 'Ms. Beaulah Reilly II', 'Dolore suscipit inve', 3, 724, 320104, '', '', '', '', '', '', '', '', 'http://hammes.com/', 'http://williamsonwuckert.com/'),
(725, 'Prof. Ross Steuber IV', 'Suscipit nostrum ut ', 4, 725, 320105, '', '', '', '', '', '', '', '', 'http://legros.info/', 'http://www.hahn.org/'),
(726, 'Mrs. Susan Jacobson', 'Voluptatem consectet', 5, 726, 320106, '', '', '', '', '', '', '', '', 'http://johnstonjacobs.com/', 'http://morissette.com/'),
(727, 'Kallie Wolf V', 'Voluptas dolorum sin', 6, 727, 320107, '', '', '', '', '', '', '', '', 'http://www.emmerich.com/', 'http://nader.net/'),
(728, 'Dr. Damon Jaskolski DDS', 'Aut autem est sapien', 7, 728, 320108, '', '', '', '', '', '', '', '', 'http://www.christiansen.com/', 'http://langworthgottlieb.com/'),
(729, 'Edwardo Hudson', 'Id nihil rerum fugit', 1, 729, 320109, '', '', '', '', '', '', '', '', 'http://mayertpadberg.com/', 'http://stroman.info/'),
(730, 'Maxie O\'Reilly', 'Cupiditate et sint a', 2, 730, 320110, '', '', '', '', '', '', '', '', 'http://lowe.org/', 'http://www.murphy.net/'),
(731, 'Greg Lakin DVM', 'Ipsam consectetur et', 3, 731, 320111, '', '', '', '', '', '', '', '', 'http://www.maggio.com/', 'http://okeefehansen.com/'),
(732, 'Randal Daniel', 'Sunt dolor fugit vol', 4, 732, 320112, '', '', '', '', '', '', '', '', 'http://schroederschiller.com/', 'http://www.torphymayer.com/'),
(733, 'Prof. Ariane Nitzsche IV', 'Sed accusantium corr', 5, 733, 320113, '', '', '', '', '', '', '', '', 'http://www.ziemanndickinson.info/', 'http://www.weber.com/'),
(734, 'Vern Kling', 'Sint et repellat vel', 6, 734, 320114, '', '', '', '', '', '', '', '', 'http://kreiger.info/', 'http://www.oconnellgulgowski.com/'),
(735, 'Marques Price', 'Corrupti est aliquam', 7, 735, 320115, '', '', '', '', '', '', '', '', 'http://bayer.biz/', 'http://wintheiser.org/'),
(736, 'Agustina Hane', 'Excepturi odit nesci', 1, 736, 320116, '', '', '', '', '', '', '', '', 'http://flatley.com/', 'http://schmidt.com/'),
(737, 'Dr. Ken Wuckert', 'Dolor ut officiis qu', 2, 737, 320117, '', '', '', '', '', '', '', '', 'http://pollich.com/', 'http://gleasonmedhurst.info/'),
(738, 'Dr. Billy Bogisich MD', 'Omnis dolores iusto ', 3, 738, 320118, '', '', '', '', '', '', '', '', 'http://www.johnson.info/', 'http://mannthiel.net/'),
(739, 'Keven Hansen', 'Praesentium repellat', 4, 739, 320119, '', '', '', '', '', '', '', '', 'http://ankunding.com/', 'http://www.legros.com/'),
(740, 'Elena Johnston', 'Nobis voluptatum et ', 5, 740, 320120, '', '', '', '', '', '', '', '', 'http://www.gottliebdietrich.com/', 'http://blickemard.com/'),
(741, 'Fiona Leuschke', 'Cumque qui optio rec', 6, 741, 320121, '', '', '', '', '', '', '', '', 'http://schuppe.net/', 'http://www.wiza.net/'),
(742, 'Gwendolyn Blick', 'Et praesentium ducim', 7, 742, 320122, '', '', '', '', '', '', '', '', 'http://bradtkespinka.info/', 'http://www.kuhic.com/'),
(743, 'Prof. Mitchell Sanford IV', 'Eos quasi nostrum pa', 1, 743, 320123, '', '', '', '', '', '', '', '', 'http://lehnerkuhn.com/', 'http://www.will.info/'),
(744, 'Cristopher Schuster', 'Unde cupiditate fuga', 2, 744, 320124, '', '', '', '', '', '', '', '', 'http://www.mcglynn.com/', 'http://www.block.com/'),
(745, 'Antwon Murray', 'Rerum quis enim dolo', 3, 745, 320125, '', '', '', '', '', '', '', '', 'http://white.com/', 'http://schmidt.com/'),
(746, 'Betsy Toy', 'Sit exercitationem e', 4, 746, 320126, '', '', '', '', '', '', '', '', 'http://parisiancassin.biz/', 'http://www.bahringer.com/'),
(747, 'Dr. Kayleigh Aufderhar III', 'Qui similique adipis', 5, 747, 320127, '', '', '', '', '', '', '', '', 'http://orn.com/', 'http://www.oconnell.com/'),
(748, 'Ms. Mae Johns', 'Sit aut qui rerum te', 6, 748, 320128, '', '', '', '', '', '', '', '', 'http://www.heller.com/', 'http://www.weber.com/'),
(749, 'Mrs. Nona Wisozk', 'Laboriosam exercitat', 7, 749, 320129, '', '', '', '', '', '', '', '', 'http://robel.com/', 'http://hoegerbauch.com/'),
(750, 'Mr. Jett Schmeler', 'Sint enim velit prae', 1, 750, 320130, '', '', '', '', '', '', '', '', 'http://homenick.net/', 'http://www.barrows.biz/'),
(751, 'Prof. Quinten Kessler', 'In sit non harum sin', 2, 751, 320131, '', '', '', '', '', '', '', '', 'http://www.pfefferrobel.org/', 'http://koelpin.com/'),
(752, 'June Nikolaus', 'Id quia eius et dolo', 3, 752, 320132, '', '', '', '', '', '', '', '', 'http://willortiz.com/', 'http://denesik.org/'),
(753, 'Luz Jones II', 'Iure excepturi volup', 4, 753, 320133, '', '', '', '', '', '', '', '', 'http://bayer.com/', 'http://www.kovacekrempel.com/'),
(754, 'Mr. Madyson Wisozk', 'Repellendus dolorem ', 5, 754, 320134, '', '', '', '', '', '', '', '', 'http://www.barton.org/', 'http://www.mcculloughgrady.com/'),
(755, 'Elfrieda Ziemann III', 'Praesentium consequa', 6, 755, 320135, '', '', '', '', '', '', '', '', 'http://bogisich.biz/', 'http://rutherford.info/'),
(756, 'Martine Jakubowski', 'Repellendus esse ver', 7, 1, 320136, '', '', '', '', '', '', '', '', 'http://www.wehner.com/', 'http://www.denesik.org/'),
(757, 'Ms. Alisa Thompson', 'Aperiam rerum est ei', 1, 2, 320137, '', '', '', '', '', '', '', '', 'http://macejkovichackett.com/', 'http://www.howell.com/'),
(758, 'Tyrel Glover', 'Eum vel architecto o', 2, 3, 320138, '', '', '', '', '', '', '', '', 'http://shanahan.com/', 'http://www.johnson.com/'),
(759, 'Archibald Kemmer', 'Voluptatum debitis o', 3, 4, 320139, '', '', '', '', '', '', '', '', 'http://hermann.com/', 'http://www.feeney.info/'),
(760, 'Joseph Daniel II', 'Nam eos qui rerum fu', 4, 5, 320140, '', '', '', '', '', '', '', '', 'http://www.miller.com/', 'http://wuckertokuneva.biz/'),
(761, 'Katarina Kilback', 'Maiores labore digni', 5, 6, 320101, '', '', '', '', '', '', '', '', 'http://www.gerlach.com/', 'http://www.leuschke.com/'),
(762, 'Mr. Keenan Collier DDS', 'Occaecati consequatu', 6, 7, 320102, '', '', '', '', '', '', '', '', 'http://wiegand.biz/', 'http://christiansenkuphal.com/'),
(763, 'Chelsey Legros', 'Est tempora alias al', 7, 8, 320103, '', '', '', '', '', '', '', '', 'http://www.hartmann.org/', 'http://www.zulaufmarvin.com/'),
(764, 'Ms. Gina Parker DVM', 'Aliquam qui aut expe', 1, 9, 320104, '', '', '', '', '', '', '', '', 'http://www.lemkeswift.net/', 'http://dicki.com/'),
(765, 'Greta Zemlak III', 'Quo voluptatibus deb', 2, 10, 320105, '', '', '', '', '', '', '', '', 'http://www.kemmercormier.biz/', 'http://www.schimmel.net/'),
(766, 'Eudora Kertzmann', 'Voluptate at volupta', 3, 11, 320106, '', '', '', '', '', '', '', '', 'http://ledner.com/', 'http://kohler.com/'),
(767, 'Joshua Jones', 'Dolore et quaerat il', 4, 12, 320107, '', '', '', '', '', '', '', '', 'http://www.dachlabadie.com/', 'http://bauch.net/'),
(768, 'Jennings Rolfson IV', 'Voluptatum similique', 5, 13, 320108, '', '', '', '', '', '', '', '', 'http://mills.com/', 'http://www.stanton.info/'),
(769, 'Bryon Maggio', 'Omnis odit cum volup', 6, 14, 320109, '', '', '', '', '', '', '', '', 'http://howell.com/', 'http://www.pollichbruen.com/'),
(770, 'Charlene Wiza', 'Corrupti maxime ut s', 7, 15, 320110, '', '', '', '', '', '', '', '', 'http://www.kunzestokes.com/', 'http://www.wyman.org/'),
(771, 'Colton Nolan', 'Natus maiores laboru', 1, 16, 320111, '', '', '', '', '', '', '', '', 'http://hackett.com/', 'http://www.hermangutkowski.com/'),
(772, 'Ms. Wendy Sauer DVM', 'Soluta exercitatione', 2, 17, 320112, '', '', '', '', '', '', '', '', 'http://www.greenholtkrajcik.com/', 'http://www.blanda.com/'),
(773, 'Carolyne Leuschke', 'Velit sunt quidem mo', 3, 18, 320113, '', '', '', '', '', '', '', '', 'http://www.collins.info/', 'http://kohlerritchie.org/'),
(774, 'Maximillia Kub', 'Ullam aspernatur com', 4, 19, 320114, '', '', '', '', '', '', '', '', 'http://www.hodkiewiczschimmel.com/', 'http://www.yost.com/'),
(775, 'Orrin Kuhic', 'Consectetur id deser', 5, 20, 320115, '', '', '', '', '', '', '', '', 'http://www.parker.com/', 'http://dachdeckow.com/'),
(776, 'Florence Hirthe Jr.', 'Voluptatem laudantiu', 6, 21, 320116, '', '', '', '', '', '', '', '', 'http://www.rice.biz/', 'http://cremin.net/'),
(777, 'Kenna Parker', 'Doloribus laudantium', 7, 22, 320117, '', '', '', '', '', '', '', '', 'http://www.hansenherzog.com/', 'http://www.nienow.com/'),
(778, 'Nestor Goldner Sr.', 'Est labore alias ali', 1, 23, 320118, '', '', '', '', '', '', '', '', 'http://powlowski.com/', 'http://stoltenberg.biz/'),
(779, 'Elise Altenwerth', 'Itaque rerum asperio', 2, 24, 320119, '', '', '', '', '', '', '', '', 'http://daugherty.net/', 'http://www.hirthe.info/'),
(780, 'Bertram O\'Conner', 'Consectetur necessit', 3, 25, 320120, '', '', '', '', '', '', '', '', 'http://pagac.com/', 'http://braun.org/'),
(781, 'Stefanie Nicolas', 'Consequatur quia in ', 4, 26, 320121, '', '', '', '', '', '', '', '', 'http://www.smith.info/', 'http://wolff.net/'),
(782, 'Salvador Sanford III', 'Accusantium voluptat', 5, 27, 320122, '', '', '', '', '', '', '', '', 'http://www.huel.com/', 'http://koepp.com/'),
(783, 'Prof. Maxine Goldner Jr.', 'Repellat qui asperna', 6, 28, 320123, '', '', '', '', '', '', '', '', 'http://jast.com/', 'http://volkman.info/'),
(784, 'Dr. Friedrich Hermann IV', 'Animi quo veniam vit', 7, 29, 320124, '', '', '', '', '', '', '', '', 'http://reingerokuneva.com/', 'http://www.cremin.com/'),
(785, 'Laron Wiegand', 'Veritatis et aut non', 1, 30, 320125, '', '', '', '', '', '', '', '', 'http://cremin.com/', 'http://www.huel.com/'),
(786, 'Ms. Birdie Koch V', 'Consequuntur in dign', 2, 31, 320126, '', '', '', '', '', '', '', '', 'http://schultzheaney.com/', 'http://gutkowski.com/'),
(787, 'Prof. Jerod Heller', 'Rem nihil blanditiis', 3, 32, 320127, '', '', '', '', '', '', '', '', 'http://www.williamson.com/', 'http://www.turnerdietrich.info/'),
(788, 'Prof. Corbin O\'Reilly', 'Enim id esse sit rer', 4, 33, 320128, '', '', '', '', '', '', '', '', 'http://www.spencer.biz/', 'http://ferry.com/'),
(789, 'Ms. Bernadine Morar PhD', 'Quis consequuntur la', 5, 34, 320129, '', '', '', '', '', '', '', '', 'http://hackett.biz/', 'http://tromp.org/'),
(790, 'Ms. Anais Ernser III', 'Dolore ipsa quidem e', 6, 35, 320130, '', '', '', '', '', '', '', '', 'http://franecki.com/', 'http://www.jacobsskiles.info/'),
(791, 'Mandy Gleichner', 'Qui nobis eos aut es', 7, 36, 320131, '', '', '', '', '', '', '', '', 'http://www.walsh.biz/', 'http://huel.biz/'),
(792, 'Emile Zboncak II', 'Consequatur dicta om', 1, 37, 320132, '', '', '', '', '', '', '', '', 'http://www.bosco.com/', 'http://stoltenberg.com/'),
(793, 'Mrs. Isabelle Hane', 'Ducimus corporis qui', 2, 38, 320133, '', '', '', '', '', '', '', '', 'http://grady.net/', 'http://www.prohaskaharvey.com/'),
(794, 'Ozella Klein', 'Et fugit a quos mole', 3, 39, 320134, '', '', '', '', '', '', '', '', 'http://langkub.com/', 'http://www.olson.info/'),
(795, 'Yazmin Schneider', 'Dolore rerum modi du', 4, 40, 320135, '', '', '', '', '', '', '', '', 'http://feilheaney.net/', 'http://www.schulistbosco.info/'),
(796, 'Randall Mann', 'Facilis consectetur ', 5, 41, 320136, '', '', '', '', '', '', '', '', 'http://ziemeheller.biz/', 'http://kubemmerich.com/'),
(797, 'Trystan Kertzmann DVM', 'Magni et eos molesti', 6, 42, 320137, '', '', '', '', '', '', '', '', 'http://hyattbalistreri.info/', 'http://lemke.info/'),
(798, 'Retta Gutmann', 'Eligendi in ad dolor', 7, 43, 320138, '', '', '', '', '', '', '', '', 'http://ruecker.info/', 'http://www.gutkowski.com/'),
(799, 'Valerie Jaskolski', 'Sapiente perferendis', 1, 44, 320139, '', '', '', '', '', '', '', '', 'http://www.pfannerstillkemmer.info/', 'http://www.roobhickle.org/'),
(800, 'Ms. Marina Nader III', 'Aspernatur voluptas ', 2, 45, 320140, '', '', '', '', '', '', '', '', 'http://www.crooksaufderhar.biz/', 'http://dietrich.com/'),
(801, 'Fritz Turcotte', 'Commodi expedita ass', 3, 46, 320101, '', '', '', '', '', '', '', '', 'http://kub.com/', 'http://johnson.com/'),
(802, 'Teresa Hickle', 'Amet officiis sunt q', 4, 47, 320102, '', '', '', '', '', '', '', '', 'http://www.rippin.com/', 'http://trantow.com/'),
(803, 'Rosendo Okuneva', 'Veniam sit est cum c', 5, 48, 320103, '', '', '', '', '', '', '', '', 'http://stark.com/', 'http://lemke.info/'),
(804, 'Eleazar Schmeler', 'Quibusdam similique ', 6, 49, 320104, '', '', '', '', '', '', '', '', 'http://millsskiles.com/', 'http://skiles.com/'),
(805, 'Roberta Swift', 'Facilis voluptate ve', 7, 50, 320105, '', '', '', '', '', '', '', '', 'http://schusterpollich.biz/', 'http://sauervolkman.biz/'),
(806, 'Humberto Breitenberg', 'Occaecati cum quidem', 1, 51, 320106, '', '', '', '', '', '', '', '', 'http://www.satterfield.com/', 'http://durgancarroll.org/'),
(807, 'Dr. Skylar Connelly', 'Magni deleniti volup', 2, 52, 320107, '', '', '', '', '', '', '', '', 'http://www.champlin.biz/', 'http://www.turcotteauer.net/'),
(808, 'Gavin Jenkins', 'Vitae assumenda eum ', 3, 53, 320108, '', '', '', '', '', '', '', '', 'http://kub.com/', 'http://fisher.net/'),
(809, 'Duncan Botsford III', 'Adipisci aspernatur ', 4, 54, 320109, '', '', '', '', '', '', '', '', 'http://lueilwitzmclaughlin.com/', 'http://wehnerberge.com/'),
(810, 'Naomi Hand', 'Debitis maiores dolo', 5, 55, 320110, '', '', '', '', '', '', '', '', 'http://bartoletti.com/', 'http://kunze.info/'),
(811, 'Angus Yost', 'Consequatur corrupti', 6, 56, 320111, '', '', '', '', '', '', '', '', 'http://huels.net/', 'http://herman.com/'),
(812, 'Paxton Hegmann', 'Neque quisquam eos s', 7, 57, 320112, '', '', '', '', '', '', '', '', 'http://www.gorczany.com/', 'http://dietrich.com/'),
(813, 'Della Monahan', 'Eum quod voluptatem ', 1, 58, 320113, '', '', '', '', '', '', '', '', 'http://www.kohlerbednar.com/', 'http://www.fadel.com/'),
(814, 'Shanna Murazik', 'Voluptatem labore od', 2, 59, 320114, '', '', '', '', '', '', '', '', 'http://www.hilpert.org/', 'http://conroyrath.net/'),
(815, 'Paul Schuster', 'Quia deserunt conseq', 3, 60, 320115, '', '', '', '', '', '', '', '', 'http://volkman.net/', 'http://www.waltermuller.org/'),
(816, 'Mr. Giuseppe Barton', 'Aut a fugit voluptas', 4, 61, 320116, '', '', '', '', '', '', '', '', 'http://www.durgan.com/', 'http://marvin.info/'),
(817, 'Dagmar Ankunding', 'Ad quam consequatur ', 5, 62, 320117, '', '', '', '', '', '', '', '', 'http://www.vonkling.com/', 'http://www.runtebosco.net/'),
(818, 'Efrain Renner', 'Et molestiae vel qui', 6, 63, 320118, '', '', '', '', '', '', '', '', 'http://gottliebbeahan.com/', 'http://www.zulauf.com/'),
(819, 'Miss Cecelia Brown MD', 'Est numquam tempore ', 7, 64, 320119, '', '', '', '', '', '', '', '', 'http://www.borer.com/', 'http://breitenberg.com/'),
(820, 'Drew Schmitt', 'Et nobis aut vitae e', 1, 65, 320120, '', '', '', '', '', '', '', '', 'http://trantowschulist.com/', 'http://www.williamson.net/'),
(821, 'Juliana Breitenberg', 'Molestias molestias ', 2, 66, 320121, '', '', '', '', '', '', '', '', 'http://barton.com/', 'http://www.kessler.com/'),
(822, 'Prof. Ashtyn Greenfelder PhD', 'Excepturi consectetu', 3, 67, 320122, '', '', '', '', '', '', '', '', 'http://www.gusikowski.biz/', 'http://www.harber.com/'),
(823, 'Heath Rosenbaum', 'Officiis corrupti pe', 4, 68, 320123, '', '', '', '', '', '', '', '', 'http://www.considinenitzsche.com/', 'http://bartolettihammes.com/'),
(824, 'Olen Rau', 'Minus ut sunt volupt', 5, 69, 320124, '', '', '', '', '', '', '', '', 'http://www.kovacekbradtke.net/', 'http://upton.net/'),
(825, 'Agnes Buckridge', 'Consequatur minima e', 6, 70, 320125, '', '', '', '', '', '', '', '', 'http://stiedemann.com/', 'http://www.cummerata.com/'),
(826, 'Mr. Zachary Mills', 'Aliquid id nam eaque', 7, 71, 320126, '', '', '', '', '', '', '', '', 'http://jones.info/', 'http://www.veum.org/'),
(827, 'Johan Armstrong', 'Quod quas quos volup', 1, 72, 320127, '', '', '', '', '', '', '', '', 'http://wolfjohns.com/', 'http://effertz.org/'),
(828, 'Maudie Rosenbaum', 'Harum dolores et sin', 2, 73, 320128, '', '', '', '', '', '', '', '', 'http://donnellydietrich.org/', 'http://rowe.net/'),
(829, 'Dr. Adonis Cole I', 'Itaque magnam assume', 3, 74, 320129, '', '', '', '', '', '', '', '', 'http://paucekkuhic.com/', 'http://www.langoshkutch.info/'),
(830, 'Dr. Deangelo Blanda PhD', 'Veniam atque accusan', 4, 75, 320130, '', '', '', '', '', '', '', '', 'http://schulist.info/', 'http://www.schustervolkman.com/'),
(831, 'Katlynn Hettinger', 'Quaerat fugit vel ve', 5, 76, 320131, '', '', '', '', '', '', '', '', 'http://www.pfannerstill.com/', 'http://reingercasper.org/'),
(832, 'Esther Ullrich', 'Omnis rerum cumque d', 6, 77, 320132, '', '', '', '', '', '', '', '', 'http://dickitowne.org/', 'http://www.whiteoberbrunner.com/'),
(833, 'Rosella Macejkovic', 'Sunt voluptate autem', 7, 78, 320133, '', '', '', '', '', '', '', '', 'http://www.witting.net/', 'http://nienowrippin.org/'),
(834, 'Belle Heller', 'Accusantium suscipit', 1, 79, 320134, '', '', '', '', '', '', '', '', 'http://stroman.com/', 'http://hintz.com/'),
(835, 'Mr. Domenic Jacobi DDS', 'Ratione placeat in u', 2, 80, 320135, '', '', '', '', '', '', '', '', 'http://www.rice.info/', 'http://little.com/'),
(836, 'Ms. Esperanza Klocko I', 'Ut porro ratione eni', 3, 81, 320136, '', '', '', '', '', '', '', '', 'http://weber.com/', 'http://www.shieldslowe.com/'),
(837, 'Dr. Jalen Kiehn', 'A qui sint consectet', 4, 82, 320137, '', '', '', '', '', '', '', '', 'http://www.west.net/', 'http://conn.biz/'),
(838, 'Keshawn Kerluke', 'Excepturi mollitia h', 5, 83, 320138, '', '', '', '', '', '', '', '', 'http://purdy.com/', 'http://dibbert.info/'),
(839, 'Coralie Russel', 'Aliquam quidem dicta', 6, 84, 320139, '', '', '', '', '', '', '', '', 'http://millsbartell.net/', 'http://spencer.net/'),
(840, 'Avery Witting', 'Aperiam necessitatib', 7, 85, 320140, '', '', '', '', '', '', '', '', 'http://hintzkuphal.com/', 'http://www.kesslerterry.org/'),
(841, 'Prof. Adrain Goldner', 'In ea rerum architec', 1, 86, 320101, '', '', '', '', '', '', '', '', 'http://www.goyette.biz/', 'http://www.grantzieme.com/'),
(842, 'Ms. River Bartoletti', 'Voluptate dicta prov', 2, 87, 320102, '', '', '', '', '', '', '', '', 'http://www.block.biz/', 'http://willms.com/'),
(843, 'Rocio Leffler', 'Sint laboriosam eius', 3, 88, 320103, '', '', '', '', '', '', '', '', 'http://schmidt.info/', 'http://greenholtstanton.info/'),
(844, 'Flavio Osinski', 'Aut nobis dolorum ex', 4, 89, 320104, '', '', '', '', '', '', '', '', 'http://hessel.net/', 'http://robel.info/'),
(845, 'Roslyn Konopelski', 'Et voluptatem accusa', 5, 90, 320105, '', '', '', '', '', '', '', '', 'http://www.murphyaufderhar.org/', 'http://howellfarrell.biz/'),
(846, 'Kiana Gleichner II', 'Fugit in optio conse', 6, 91, 320106, '', '', '', '', '', '', '', '', 'http://www.beckermonahan.biz/', 'http://emmerich.biz/'),
(847, 'Isabella Breitenberg', 'Incidunt beatae porr', 7, 92, 320107, '', '', '', '', '', '', '', '', 'http://www.hoppe.com/', 'http://jacobs.com/'),
(848, 'Keyon Watsica', 'Et similique atque r', 1, 93, 320108, '', '', '', '', '', '', '', '', 'http://www.kovacekrutherford.com/', 'http://www.hudson.biz/'),
(849, 'Winnifred Spinka', 'Fugiat voluptate eaq', 2, 94, 320109, '', '', '', '', '', '', '', '', 'http://www.walter.net/', 'http://www.daniel.com/'),
(850, 'Dominique Crooks', 'Ut ea dignissimos fu', 3, 95, 320110, '', '', '', '', '', '', '', '', 'http://www.pacocharunolfsdottir.info/', 'http://www.nolan.com/'),
(851, 'Mrs. Kaia Luettgen Jr.', 'Molestiae cumque duc', 4, 96, 320111, '', '', '', '', '', '', '', '', 'http://www.waters.com/', 'http://champlinwolf.org/'),
(852, 'Dr. Brody Schaden', 'Excepturi accusantiu', 5, 97, 320112, '', '', '', '', '', '', '', '', 'http://www.jenkins.info/', 'http://gerlach.com/'),
(853, 'Dr. Maymie Cassin DDS', 'Possimus consequatur', 6, 98, 320113, '', '', '', '', '', '', '', '', 'http://www.murphy.com/', 'http://www.feilflatley.com/'),
(854, 'Dorothy Klocko', 'Distinctio dolorem n', 7, 99, 320114, '', '', '', '', '', '', '', '', 'http://www.reichert.com/', 'http://ankunding.info/'),
(855, 'Joanny Witting', 'Perferendis alias au', 1, 100, 320115, '', '', '', '', '', '', '', '', 'http://www.smithdooley.net/', 'http://ward.com/'),
(856, 'Wanda Mitchell', 'Consequuntur et dolo', 2, 101, 320116, '', '', '', '', '', '', '', '', 'http://www.welchjenkins.com/', 'http://johnson.com/'),
(857, 'Cale Lindgren', 'Neque ea exercitatio', 3, 102, 320117, '', '', '', '', '', '', '', '', 'http://jacobi.com/', 'http://www.hills.biz/'),
(858, 'Natalia Kreiger', 'At non corrupti expe', 4, 103, 320118, '', '', '', '', '', '', '', '', 'http://turnerkeebler.net/', 'http://www.hills.com/'),
(859, 'Mr. Levi McClure MD', 'Incidunt atque atque', 5, 104, 320119, '', '', '', '', '', '', '', '', 'http://www.pfefferheaney.net/', 'http://www.jenkinskoch.info/'),
(860, 'Russ Monahan DVM', 'Non consequuntur ut ', 6, 105, 320120, '', '', '', '', '', '', '', '', 'http://www.kreigerreilly.biz/', 'http://www.moorekoepp.com/'),
(861, 'Lambert Ondricka', 'Et rerum at suscipit', 7, 106, 320121, '', '', '', '', '', '', '', '', 'http://www.shanahan.net/', 'http://handrippin.com/'),
(862, 'Katherine Tromp', 'Sed soluta qui moles', 1, 107, 320122, '', '', '', '', '', '', '', '', 'http://morissette.biz/', 'http://www.schowalterhettinger.com/'),
(863, 'Jermain Upton', 'Et consectetur ipsum', 2, 108, 320123, '', '', '', '', '', '', '', '', 'http://www.carroll.com/', 'http://kessler.com/'),
(864, 'Elmer McDermott', 'Vero consequuntur ra', 3, 109, 320124, '', '', '', '', '', '', '', '', 'http://fisher.info/', 'http://www.goodwin.com/'),
(865, 'Maximus Ortiz Sr.', 'Quo quibusdam tempor', 4, 110, 320125, '', '', '', '', '', '', '', '', 'http://www.collins.info/', 'http://www.spinka.info/');

-- --------------------------------------------------------

--
-- Struktur dari tabel `inovator`
--

CREATE TABLE `inovator` (
  `id_inovator` int(11) NOT NULL,
  `nama_inovator` varchar(100) NOT NULL,
  `nik` int(16) DEFAULT NULL,
  `tgl_lahir` date DEFAULT NULL,
  `jenis_kelamin` enum('L','P') NOT NULL,
  `alamat` text NOT NULL,
  `email` varchar(100) DEFAULT NULL,
  `no_telp` varchar(20) DEFAULT NULL,
  `id_kategori_inovator` int(4) DEFAULT NULL,
  `id_instansi` varchar(11) NOT NULL,
  `id_kecamatan` int(12) DEFAULT NULL,
  `id_desa` int(4) DEFAULT NULL,
  `latitude` float DEFAULT NULL,
  `longitude` float DEFAULT NULL,
  `id_akun` int(11) DEFAULT NULL
) ENGINE=InnoDB DEFAULT CHARSET=utf8;

--
-- Dumping data untuk tabel `inovator`
--

INSERT INTO `inovator` (`id_inovator`, `nama_inovator`, `nik`, `tgl_lahir`, `jenis_kelamin`, `alamat`, `email`, `no_telp`, `id_kategori_inovator`, `id_instansi`, `id_kecamatan`, `id_desa`, `latitude`, `longitude`, `id_akun`) VALUES
(1, 'Timmothy Quigley', NULL, '2011-04-01', 'P', '', 'inienow@example.com', 'Doloribus sunt aperi', 1, '1', 320101, NULL, NULL, NULL, NULL),
(2, 'General Schultz', NULL, '1995-07-09', 'P', '', 'braun.jacklyn@example.net', 'Quia illum qui sunt ', 2, '1', 320102, NULL, NULL, NULL, NULL),
(3, 'Cordia Tromp', NULL, '1974-01-31', 'P', '', 'myah79@example.net', 'Maiores vero quos do', 3, '', 320103, NULL, NULL, NULL, NULL),
(4, 'Alexane Walter', NULL, '2004-11-21', 'L', '', 'coby85@example.org', 'Blanditiis enim reru', 4, '0', 320104, NULL, NULL, NULL, NULL),
(5, 'Raina Christiansen', NULL, '2000-02-09', 'P', '', 'kessler.marquis@example.com', 'Eum mollitia quia au', 5, '0', 320105, NULL, NULL, NULL, NULL),
(6, 'Helmer Kunze', NULL, '1981-12-13', 'L', '', 'wmraz@example.net', 'Est iure sed fugiat ', 6, '0', 320106, NULL, NULL, NULL, NULL),
(7, 'Fredrick Mann', NULL, '2006-10-27', 'P', '', 'wilhelm.wuckert@example.com', 'Id aspernatur molest', 7, '0', 320107, NULL, NULL, NULL, NULL),
(8, 'Dr. Alexzander Trantow', NULL, '1994-10-16', 'P', '', 'denesik.justen@example.com', 'Consequatur nihil au', 8, '0', 320108, NULL, NULL, NULL, NULL),
(9, 'Mrs. Eileen Erdman', NULL, '2015-09-19', 'P', '', 'wintheiser.therese@example.org', 'Provident consequatu', 1, '0', 320109, NULL, NULL, NULL, NULL),
(10, 'Aiyana Pfeffer', NULL, '2013-06-07', 'L', '', 'maggio.rosalyn@example.org', 'Vitae totam asperior', 2, '0', 320110, NULL, NULL, NULL, NULL),
(11, 'Dr. Dahlia Schmitt', NULL, '1988-01-11', 'L', '', 'boyer.floy@example.net', 'Blanditiis fugit tot', 3, '0', 320111, NULL, NULL, NULL, NULL),
(12, 'Mr. Freeman Parker', NULL, '1987-03-06', 'P', '', 'celestine.dare@example.net', 'Hic occaecati in ali', 4, '0', 320112, NULL, NULL, NULL, NULL),
(13, 'Dr. Clement Mitchell', NULL, '1984-01-30', 'L', '', 'lindsay.dare@example.net', 'Qui quaerat rem exce', 5, '0', 320113, NULL, NULL, NULL, NULL),
(14, 'Lily Huels', NULL, '1981-04-13', 'P', '', 'mwiza@example.net', 'Iusto molestias eaqu', 6, '0', 320114, NULL, NULL, NULL, NULL),
(15, 'Cheyanne McLaughlin', NULL, '1995-07-11', 'L', '', 'kparisian@example.org', 'Quo aut dicta iure v', 7, '0', 320115, NULL, NULL, NULL, NULL),
(16, 'Saul Trantow', NULL, '2006-03-27', 'L', '', 'vosinski@example.com', 'Est ut rerum qui ven', 8, '0', 320116, NULL, NULL, NULL, NULL),
(17, 'Bridget Heaney', NULL, '2001-12-31', 'L', '', 'isatterfield@example.com', 'Placeat maiores pers', 1, '0', 320117, NULL, NULL, NULL, NULL),
(18, 'Willow Schuster', NULL, '1988-12-19', 'P', '', 'icassin@example.net', 'Cupiditate aut deser', 2, '0', 320118, NULL, NULL, NULL, NULL),
(19, 'Prof. Georgianna Spinka', NULL, '1983-02-22', 'P', '', 'rlehner@example.com', 'Error delectus et is', 3, '0', 320119, NULL, NULL, NULL, NULL),
(20, 'Austin Marquardt', NULL, '2002-08-07', 'L', '', 'dparker@example.org', 'Voluptatem illo quia', 4, '0', 320120, NULL, NULL, NULL, NULL),
(21, 'Guiseppe Russel', NULL, '2000-07-06', 'P', '', 'abernathy.jairo@example.net', 'At in magni ducimus ', 5, '0', 320121, NULL, NULL, NULL, NULL),
(22, 'Mrs. Makayla Raynor', NULL, '1987-09-15', 'L', '', 'lavonne.brakus@example.net', 'Eos maiores facere i', 6, '0', 320122, NULL, NULL, NULL, NULL),
(23, 'Laurine Kuhlman', NULL, '2011-04-10', 'P', '', 'armstrong.alex@example.com', 'Omnis autem voluptat', 7, '0', 320123, NULL, NULL, NULL, NULL),
(24, 'Delia Pouros', NULL, '1999-01-30', 'L', '', 'dkilback@example.com', 'Quos sed cupiditate ', 8, '0', 320124, NULL, NULL, NULL, NULL),
(25, 'Nova Weber', NULL, '1983-08-08', 'P', '', 'vokuneva@example.com', 'Minima ea vel quis d', 1, '0', 320125, NULL, NULL, NULL, NULL),
(26, 'Dr. Joanne Sporer', NULL, '1986-08-30', 'P', '', 'lawrence03@example.org', 'Omnis sint quia temp', 2, '0', 320126, NULL, NULL, NULL, NULL),
(27, 'Saige Schmidt', NULL, '1999-01-19', 'L', '', 'maxine.hermann@example.com', 'Veniam natus harum q', 3, '0', 320127, NULL, NULL, NULL, NULL),
(28, 'Rosalia Stamm', NULL, '2006-07-10', 'P', '', 'buddy.emard@example.net', 'Non sequi ea aut qui', 4, '0', 320128, NULL, NULL, NULL, NULL),
(29, 'Dr. Rosetta Cruickshank', NULL, '1979-10-10', 'L', '', 'kihn.nia@example.com', 'Quas praesentium sed', 5, '0', 320129, NULL, NULL, NULL, NULL),
(30, 'Mr. Lewis Lesch III', NULL, '2002-07-26', 'L', '', 'vmante@example.net', 'Voluptatibus iusto f', 6, '0', 320130, NULL, NULL, NULL, NULL),
(31, 'Dr. Myrl Sanford', NULL, '1972-02-24', 'P', '', 'tjohns@example.org', 'Qui ullam omnis omni', 7, '0', 320131, NULL, NULL, NULL, NULL),
(32, 'Boyd Rippin', NULL, '2005-01-27', 'L', '', 'owolf@example.org', 'Laboriosam vel autem', 8, '0', 320132, NULL, NULL, NULL, NULL),
(33, 'Amira Volkman', NULL, '1970-06-29', 'P', '', 'fay.jazmin@example.org', 'Quidem minus volupta', 1, '0', 320133, NULL, NULL, NULL, NULL),
(34, 'Hubert Brakus', NULL, '1970-04-28', 'P', '', 'brennon54@example.com', 'Aut quia nemo fugiat', 2, '0', 320134, NULL, NULL, NULL, NULL),
(35, 'Margarete Hartmann', NULL, '2007-05-25', 'L', '', 'declan.labadie@example.org', 'Aut quia porro nihil', 3, '0', 320135, NULL, NULL, NULL, NULL),
(36, 'Dr. Mikel Little III', NULL, '1976-11-08', 'L', '', 'yolanda49@example.org', 'Perferendis quisquam', 4, '0', 320136, NULL, NULL, NULL, NULL),
(37, 'Hertha Carter Sr.', NULL, '1996-11-24', 'P', '', 'enrique.ratke@example.com', 'A voluptates cum qui', 5, '0', 320137, NULL, NULL, NULL, NULL),
(38, 'Heidi Mosciski', NULL, '2013-08-20', 'L', '', 'jenkins.tobin@example.net', 'Et distinctio est si', 6, '0', 320138, NULL, NULL, NULL, NULL),
(39, 'Alexandre Koss', NULL, '1992-12-04', 'L', '', 'yluettgen@example.net', 'In dignissimos volup', 7, '0', 320139, NULL, NULL, NULL, NULL),
(40, 'Maiya Breitenberg', NULL, '1996-08-31', 'L', '', 'pollich.chet@example.net', 'Itaque est molestias', 8, '0', 320140, NULL, NULL, NULL, NULL),
(41, 'Robert Brakus', NULL, '2005-11-23', 'L', '', 'zortiz@example.org', 'Temporibus facilis i', 1, '0', 320101, NULL, NULL, NULL, NULL),
(42, 'Mr. Stanton Nienow I', NULL, '2011-08-11', 'L', '', 'paucek.maude@example.com', 'Rerum molestiae et l', 2, '0', 320102, NULL, NULL, NULL, NULL),
(43, 'Fabian Robel', NULL, '2019-04-27', 'L', '', 'terry.drew@example.com', 'Eos ut temporibus vo', 3, '0', 320103, NULL, NULL, NULL, NULL),
(44, 'Cydney Stracke', NULL, '1976-01-29', 'P', '', 'rodriguez.clay@example.org', 'Nostrum laboriosam v', 4, '0', 320104, NULL, NULL, NULL, NULL),
(45, 'Fernando Rath', NULL, '1989-05-21', 'P', '', 'durgan.jameson@example.com', 'Qui magnam alias et ', 5, '0', 320105, NULL, NULL, NULL, NULL),
(46, 'Dr. Trever Rau PhD', NULL, '2008-10-15', 'L', '', 'froberts@example.net', 'Eligendi ut voluptat', 6, '0', 320106, NULL, NULL, NULL, NULL),
(47, 'Alfred Rice', NULL, '1998-02-07', 'P', '', 'dwilderman@example.com', 'Pariatur voluptatem ', 7, '0', 320107, NULL, NULL, NULL, NULL),
(48, 'Jacey Schinner', NULL, '2008-05-23', 'L', '', 'rath.nicolas@example.org', 'Dicta explicabo aliq', 8, '0', 320108, NULL, NULL, NULL, NULL),
(49, 'Johanna Schoen', NULL, '1993-09-16', 'L', '', 'jcorwin@example.net', 'Blanditiis maiores o', 1, '0', 320109, NULL, NULL, NULL, NULL),
(50, 'Jefferey Gusikowski', NULL, '1970-08-13', 'P', '', 'stiedemann.talon@example.com', 'Repellendus quis eli', 2, '0', 320110, NULL, NULL, NULL, NULL),
(51, 'Margaretta Williamson III', NULL, '2000-10-27', 'P', '', 'wiegand.frank@example.org', 'Ratione temporibus r', 3, '0', 320111, NULL, NULL, NULL, NULL),
(52, 'Nikko O\'Conner', NULL, '1975-06-29', 'P', '', 'kutch.retta@example.net', 'Et molestias sit nul', 4, '0', 320112, NULL, NULL, NULL, NULL),
(53, 'Marianne Murazik', NULL, '2013-02-22', 'L', '', 'streich.nicolas@example.org', 'Est reprehenderit hi', 5, '0', 320113, NULL, NULL, NULL, NULL),
(54, 'Angelita Walsh', NULL, '1996-09-21', 'L', '', 'kacey33@example.net', 'Commodi velit animi ', 6, '0', 320114, NULL, NULL, NULL, NULL),
(55, 'Prof. Forest Lockman', NULL, '2006-10-18', 'L', '', 'emilie27@example.org', 'Quis sit cumque nost', 7, '0', 320115, NULL, NULL, NULL, NULL),
(56, 'Dr. Jolie Jaskolski V', NULL, '1983-07-07', 'P', '', 'kristoffer58@example.org', 'Consequuntur commodi', 8, '0', 320116, NULL, NULL, NULL, NULL),
(57, 'Miss Andreanne Becker', NULL, '2013-08-10', 'P', '', 'kovacek.hanna@example.org', 'Tenetur ea delectus ', 1, '0', 320117, NULL, NULL, NULL, NULL),
(58, 'Aisha Veum', NULL, '1983-07-23', 'P', '', 'hodkiewicz.ezekiel@example.org', 'Quia fugit placeat u', 2, '0', 320118, NULL, NULL, NULL, NULL),
(59, 'Hiram Gibson', NULL, '2016-11-24', 'P', '', 'frami.brody@example.com', 'Omnis ea voluptas ve', 3, '0', 320119, NULL, NULL, NULL, NULL),
(60, 'Cleora Gleason', NULL, '2014-01-02', 'L', '', 'senger.ettie@example.net', 'Doloribus ipsum aut ', 4, '0', 320120, NULL, NULL, NULL, NULL),
(61, 'Katelin Balistreri', NULL, '1988-09-14', 'L', '', 'virgie77@example.net', 'Et quis quo dolorem ', 5, '0', 320121, NULL, NULL, NULL, NULL),
(62, 'Prof. Jalen Orn IV', NULL, '1986-07-09', 'L', '', 'hrempel@example.net', 'Inventore officiis a', 6, '0', 320122, NULL, NULL, NULL, NULL),
(63, 'Faye Quigley', NULL, '2012-01-04', 'P', '', 'beier.ayla@example.net', 'Incidunt id quaerat ', 7, '0', 320123, NULL, NULL, NULL, NULL),
(64, 'Alexis Hauck', NULL, '1971-12-16', 'P', '', 'giovani.jenkins@example.com', 'Corrupti magnam quo ', 8, '0', 320124, NULL, NULL, NULL, NULL),
(65, 'Dr. Adolph Kovacek', NULL, '1995-06-27', 'P', '', 'plockman@example.com', 'Sed consequuntur mag', 1, '0', 320125, NULL, NULL, NULL, NULL),
(66, 'Dr. Alf Denesik', NULL, '2006-09-02', 'L', '', 'florida.zieme@example.net', 'Et vel sint magni. T', 2, '0', 320126, NULL, NULL, NULL, NULL),
(67, 'Zane Auer', NULL, '1975-07-24', 'L', '', 'janick49@example.net', 'Ut voluptatum ad sun', 3, '0', 320127, NULL, NULL, NULL, NULL),
(68, 'Fredrick Cassin DDS', NULL, '2007-10-17', 'L', '', 'owiza@example.com', 'Nam a dolores aut eu', 4, '0', 320128, NULL, NULL, NULL, NULL),
(69, 'Deangelo Koepp', NULL, '1998-06-03', 'L', '', 'feil.lukas@example.com', 'Culpa repellendus do', 5, '0', 320129, NULL, NULL, NULL, NULL),
(70, 'Alia Hansen DVM', NULL, '2006-05-05', 'P', '', 'maurice.cummerata@example.com', 'Ut dolorum est qui e', 6, '0', 320130, NULL, NULL, NULL, NULL),
(71, 'Jude Pfeffer DDS', NULL, '1997-04-25', 'P', '', 'greenfelder.jarrett@example.net', 'Nisi et itaque est e', 7, '0', 320131, NULL, NULL, NULL, NULL),
(72, 'Kip Connelly Sr.', NULL, '1992-04-12', 'L', '', 'jerald.ankunding@example.com', 'Ipsa animi minima in', 8, '0', 320132, NULL, NULL, NULL, NULL),
(73, 'Crawford Dickinson', NULL, '1985-04-24', 'P', '', 'considine.camila@example.org', 'Recusandae et expedi', 1, '0', 320133, NULL, NULL, NULL, NULL),
(74, 'Dr. Miracle Berge V', NULL, '2014-03-19', 'P', '', 'dickinson.andres@example.org', 'Autem possimus repud', 2, '0', 320134, NULL, NULL, NULL, NULL),
(75, 'Jennifer Hilpert I', NULL, '1979-11-01', 'L', '', 'kuhn.cecile@example.org', 'Eum aut ut eaque qui', 3, '0', 320135, NULL, NULL, NULL, NULL),
(76, 'Eugene Hintz', NULL, '1971-04-05', 'L', '', 'heidi02@example.net', 'Ea error culpa odit ', 4, '0', 320136, NULL, NULL, NULL, NULL),
(77, 'Richie Greenfelder', NULL, '2021-08-18', 'P', '', 'fritsch.kaden@example.net', 'Adipisci ea porro od', 5, '0', 320137, NULL, NULL, NULL, NULL),
(78, 'Abel Hintz', NULL, '1971-12-20', 'P', '', 'onie.sanford@example.org', 'Necessitatibus dolor', 6, '0', 320138, NULL, NULL, NULL, NULL),
(79, 'Dakota Leffler II', NULL, '2015-05-04', 'P', '', 'ross37@example.com', 'Voluptas tempora et ', 7, '0', 320139, NULL, NULL, NULL, NULL),
(80, 'Doris Balistreri', NULL, '2012-12-06', 'L', '', 'edgardo91@example.org', 'Quis expedita assume', 8, '0', 320140, NULL, NULL, NULL, NULL),
(81, 'Kathryn Satterfield', NULL, '1988-10-17', 'P', '', 'upton.jaylen@example.net', 'Rerum similique pers', 1, '0', 320101, NULL, NULL, NULL, NULL),
(82, 'Foster West', NULL, '1978-03-26', 'L', '', 'uo\'kon@example.org', 'Sequi aut nobis quo ', 2, '0', 320102, NULL, NULL, NULL, NULL),
(83, 'Miguel Windler', NULL, '1982-04-03', 'P', '', 'cgrimes@example.com', 'Ratione quisquam rat', 3, '0', 320103, NULL, NULL, NULL, NULL),
(84, 'Jorge Denesik', NULL, '2021-01-12', 'P', '', 'keegan.wolff@example.net', 'Et ut nostrum dolore', 4, '0', 320104, NULL, NULL, NULL, NULL),
(85, 'Josefina Grant', NULL, '1989-09-01', 'P', '', 'gianni.zboncak@example.org', 'Rerum ipsum rerum si', 5, '0', 320105, NULL, NULL, NULL, NULL),
(86, 'Ms. Michelle VonRueden', NULL, '1986-09-12', 'P', '', 'kailyn.stroman@example.com', 'Magni impedit asperi', 6, '0', 320106, NULL, NULL, NULL, NULL),
(87, 'Prof. Diego Satterfield DDS', NULL, '1975-02-05', 'P', '', 'ametz@example.org', 'Quod alias modi erro', 7, '0', 320107, NULL, NULL, NULL, NULL),
(88, 'Hortense Harris', NULL, '2012-03-13', 'P', '', 'abbott.derek@example.net', 'Aut consectetur quib', 8, '0', 320108, NULL, NULL, NULL, NULL),
(89, 'Miguel Mohr III', NULL, '1999-09-22', 'P', '', 'cale08@example.com', 'Voluptas rerum labor', 1, '0', 320109, NULL, NULL, NULL, NULL),
(90, 'Lilian Senger', NULL, '1993-05-05', 'P', '', 'stanton.ashton@example.net', 'Earum autem est eius', 2, '0', 320110, NULL, NULL, NULL, NULL),
(91, 'Elsie Von', NULL, '1972-06-17', 'P', '', 'pierce90@example.net', 'Quidem voluptatem ve', 3, '0', 320111, NULL, NULL, NULL, NULL),
(92, 'Wendy Barrows', NULL, '1988-03-18', 'L', '', 'quinton95@example.net', 'Ut in aliquam laudan', 4, '0', 320112, NULL, NULL, NULL, NULL),
(93, 'Vernie Donnelly', NULL, '1993-03-19', 'L', '', 'reinger.montana@example.net', 'Totam sed odit ut vo', 5, '0', 320113, NULL, NULL, NULL, NULL),
(94, 'Kareem Franecki', NULL, '1986-08-30', 'L', '', 'rossie.padberg@example.com', 'Nihil perferendis se', 6, '0', 320114, NULL, NULL, NULL, NULL),
(95, 'Amani Lang', NULL, '2012-10-18', 'P', '', 'zcarter@example.net', 'Et eligendi est unde', 7, '0', 320115, NULL, NULL, NULL, NULL),
(96, 'Teresa Conroy II', NULL, '1989-10-21', 'P', '', 'sawayn.micheal@example.com', 'Dolorem non perspici', 8, '0', 320116, NULL, NULL, NULL, NULL),
(97, 'Wilfrid Ryan', NULL, '1994-10-03', 'L', '', 'mkeeling@example.net', 'Exercitationem repel', 1, '0', 320117, NULL, NULL, NULL, NULL),
(98, 'Roselyn Metz', NULL, '1986-05-12', 'L', '', 'jacey.leffler@example.com', 'Aut illum qui archit', 2, '0', 320118, NULL, NULL, NULL, NULL),
(99, 'Mr. Dejon Langworth Jr.', NULL, '1991-06-10', 'L', '', 'ted.mitchell@example.org', 'Dolorem eligendi quo', 3, '0', 320119, NULL, NULL, NULL, NULL),
(100, 'Eli Gerhold', NULL, '2019-02-20', 'P', '', 'estel.tromp@example.org', 'Enim et dolorem est.', 4, '0', 320120, NULL, NULL, NULL, NULL),
(101, 'Dr. Declan Tremblay', NULL, '1998-11-11', 'L', '', 'gleichner.stephanie@example.org', 'Est exercitationem t', 5, '0', 320121, NULL, NULL, NULL, NULL),
(102, 'Dr. Kip Collier', NULL, '1980-05-18', 'L', '', 'dlangworth@example.net', 'Ea fugiat natus quis', 6, '0', 320122, NULL, NULL, NULL, NULL),
(103, 'Nikolas Leuschke', NULL, '1991-10-29', 'L', '', 'wisoky.stephania@example.net', 'Hic earum qui cupidi', 7, '0', 320123, NULL, NULL, NULL, NULL),
(104, 'Dr. Patrick Lind', NULL, '2016-11-01', 'L', '', 'isadore.sawayn@example.org', 'Est amet fugit omnis', 8, '0', 320124, NULL, NULL, NULL, NULL),
(105, 'Tyson Rohan', NULL, '1970-06-23', 'L', '', 'bayer.garrison@example.com', 'Et qui et ea quos ut', 1, '0', 320125, NULL, NULL, NULL, NULL),
(106, 'Prof. Raoul Kassulke V', NULL, '1996-08-14', 'L', '', 'beier.amina@example.com', 'Et debitis hic omnis', 2, '0', 320126, NULL, NULL, NULL, NULL),
(107, 'Gia Bernier', NULL, '2000-06-15', 'P', '', 'joannie.romaguera@example.org', 'Occaecati maiores co', 3, '0', 320127, NULL, NULL, NULL, NULL),
(108, 'Alexzander Zieme', NULL, '2014-07-14', 'L', '', 'niko56@example.org', 'Dolor temporibus min', 4, '0', 320128, NULL, NULL, NULL, NULL),
(109, 'Liliana Welch', NULL, '1984-12-16', 'L', '', 'carol.white@example.org', 'Et placeat quam temp', 5, '0', 320129, NULL, NULL, NULL, NULL),
(110, 'Jordy Batz', NULL, '1985-12-21', 'L', '', 'kaley65@example.net', 'Numquam voluptatem a', 6, '0', 320130, NULL, NULL, NULL, NULL),
(111, 'Velda Parker', NULL, '2007-10-26', 'P', '', 'malcolm26@example.org', 'Sed temporibus quo e', 7, '0', 320131, NULL, NULL, NULL, NULL),
(112, 'Zoie Yundt', NULL, '1972-06-02', 'L', '', 'gblock@example.com', 'Velit dolor nihil qu', 8, '0', 320132, NULL, NULL, NULL, NULL),
(113, 'Adela Buckridge', NULL, '1996-11-27', 'P', '', 'zemlak.gertrude@example.com', 'Provident qui harum ', 1, '0', 320133, NULL, NULL, NULL, NULL),
(114, 'Dr. Alysson McClure PhD', NULL, '1990-09-13', 'L', '', 'franecki.rubie@example.org', 'Tempora et porro nam', 2, '0', 320134, NULL, NULL, NULL, NULL),
(115, 'Roel Roberts', NULL, '1986-02-28', 'L', '', 'helmer18@example.org', 'Officia qui suscipit', 3, '0', 320135, NULL, NULL, NULL, NULL),
(116, 'Sibyl Leffler', NULL, '2010-06-10', 'P', '', 'marlen30@example.org', 'Incidunt non suscipi', 4, '0', 320136, NULL, NULL, NULL, NULL),
(117, 'Ms. Catalina Feeney', NULL, '1982-08-01', 'L', '', 'wjaskolski@example.org', 'Aliquam quam volupta', 5, '0', 320137, NULL, NULL, NULL, NULL),
(118, 'Darren Bahringer', NULL, '1976-09-28', 'P', '', 'mikel80@example.com', 'Porro alias rerum cu', 6, '0', 320138, NULL, NULL, NULL, NULL),
(119, 'Winona Hahn', NULL, '1993-02-25', 'L', '', 'jordi74@example.org', 'Consequatur facere s', 7, '0', 320139, NULL, NULL, NULL, NULL),
(120, 'Abdullah Will', NULL, '1991-05-10', 'P', '', 'domingo.boehm@example.net', 'Quasi repudiandae no', 8, '0', 320140, NULL, NULL, NULL, NULL),
(121, 'Dr. Charlie Huel', NULL, '1980-06-19', 'P', '', 'dietrich.dax@example.com', 'Id aut temporibus fu', 1, '0', 320101, NULL, NULL, NULL, NULL),
(122, 'Lucas Steuber', NULL, '2004-09-04', 'P', '', 'michaela57@example.org', 'Cupiditate veniam fu', 2, '0', 320102, NULL, NULL, NULL, NULL),
(123, 'Miss Bessie Wilkinson DDS', NULL, '2005-01-06', 'P', '', 'qswift@example.com', 'Voluptates ex libero', 3, '0', 320103, NULL, NULL, NULL, NULL),
(124, 'Miss Pascale Schamberger II', NULL, '2002-11-13', 'L', '', 'rraynor@example.net', 'Non et totam perfere', 4, '0', 320104, NULL, NULL, NULL, NULL),
(125, 'Prof. Elliot Kling', NULL, '1981-12-28', 'P', '', 'nathanael12@example.org', 'Soluta ipsa quo non ', 5, '0', 320105, NULL, NULL, NULL, NULL),
(126, 'Kameron Gerhold', NULL, '2004-01-14', 'P', '', 'ncole@example.net', 'Perspiciatis dolorib', 6, '0', 320106, NULL, NULL, NULL, NULL),
(127, 'Mrs. Telly Eichmann III', NULL, '2008-05-24', 'L', '', 'evie.nikolaus@example.net', 'Laboriosam aut occae', 7, '0', 320107, NULL, NULL, NULL, NULL),
(128, 'Johan Ratke', NULL, '1971-11-25', 'P', '', 'fo\'keefe@example.com', 'Aliquam sit qui sint', 8, '0', 320108, NULL, NULL, NULL, NULL),
(129, 'Jacey Kirlin', NULL, '2003-11-12', 'L', '', 'conn.lorine@example.net', 'Voluptate sit sed co', 1, '0', 320109, NULL, NULL, NULL, NULL),
(130, 'Mr. Brendan Zemlak PhD', NULL, '1993-06-29', 'L', '', 'selena76@example.org', 'Et et distinctio sae', 2, '0', 320110, NULL, NULL, NULL, NULL),
(131, 'Mr. Adolphus Weissnat', NULL, '2004-12-23', 'P', '', 'flatley.jessy@example.com', 'Ut provident exercit', 3, '0', 320111, NULL, NULL, NULL, NULL),
(132, 'Ciara Mitchell', NULL, '2005-08-31', 'L', '', 'beer.adolph@example.org', 'Beatae quia ut ea se', 4, '0', 320112, NULL, NULL, NULL, NULL),
(133, 'Elinor Bauch', NULL, '2010-11-17', 'P', '', 'randy49@example.com', 'Dolorum facilis offi', 5, '0', 320113, NULL, NULL, NULL, NULL),
(134, 'Carson Graham', NULL, '2018-11-21', 'P', '', 'mstokes@example.net', 'Ut vitae delectus at', 6, '0', 320114, NULL, NULL, NULL, NULL),
(135, 'Dr. Antonio Huels Jr.', NULL, '1985-08-19', 'P', '', 'rosamond74@example.net', 'Quasi repudiandae ve', 7, '0', 320115, NULL, NULL, NULL, NULL),
(136, 'Sanford Hartmann I', NULL, '1997-02-28', 'P', '', 'daisha.langosh@example.com', 'Voluptatem repellat ', 8, '0', 320116, NULL, NULL, NULL, NULL),
(137, 'Dr. Jordi Bauch DDS', NULL, '1991-07-08', 'L', '', 'malinda.dach@example.net', 'Aut dolorem vel quas', 1, '0', 320117, NULL, NULL, NULL, NULL),
(138, 'Prof. Alexandre Runte III', NULL, '2019-04-13', 'L', '', 'breanna.schultz@example.com', 'Id suscipit at nesci', 2, '0', 320118, NULL, NULL, NULL, NULL),
(139, 'Kaitlin Hagenes', NULL, '1978-07-24', 'L', '', 'halvorson.mariam@example.com', 'Ullam laudantium rer', 3, '0', 320119, NULL, NULL, NULL, NULL),
(140, 'Jena Schoen', NULL, '1979-12-22', 'L', '', 'thora96@example.com', 'Cumque dolorem iure ', 4, '0', 320120, NULL, NULL, NULL, NULL),
(141, 'Mr. Tom Welch PhD', NULL, '2016-06-21', 'P', '', 'ryan.kaia@example.net', 'Est est inventore se', 5, '0', 320121, NULL, NULL, NULL, NULL),
(142, 'Christa Renner', NULL, '1983-01-03', 'P', '', 'xrussel@example.com', 'Eveniet quo est face', 6, '0', 320122, NULL, NULL, NULL, NULL),
(143, 'Mr. Rudolph Kohler', NULL, '1992-04-17', 'L', '', 'dianna.mcclure@example.com', 'Nemo quas debitis si', 7, '0', 320123, NULL, NULL, NULL, NULL),
(144, 'Marjorie Lakin', NULL, '2016-09-12', 'L', '', 'harmony66@example.com', 'Vel quis non asperna', 8, '0', 320124, NULL, NULL, NULL, NULL),
(145, 'Marcus Kihn', NULL, '1990-12-04', 'L', '', 'boyer.berneice@example.com', 'Sunt praesentium omn', 1, '0', 320125, NULL, NULL, NULL, NULL),
(146, 'Madelynn Bins', NULL, '2022-02-28', 'P', '', 'jany61@example.net', 'Id eum ipsam qui qui', 2, '0', 320126, NULL, NULL, NULL, NULL),
(147, 'Jaydon Boyle DVM', NULL, '1990-06-08', 'P', '', 'romaguera.darien@example.net', 'Aut asperiores iusto', 3, '0', 320127, NULL, NULL, NULL, NULL),
(148, 'Dr. Ronaldo Baumbach', NULL, '2014-10-31', 'P', '', 'lang.wilford@example.com', 'Quasi placeat libero', 4, '0', 320128, NULL, NULL, NULL, NULL),
(149, 'Donna Beatty', NULL, '1994-02-28', 'L', '', 'gaylord.merl@example.com', 'Sint ut aspernatur t', 5, '0', 320129, NULL, NULL, NULL, NULL),
(150, 'Mrs. Donna Haley', NULL, '2013-11-08', 'P', '', 'xbernhard@example.com', 'Harum modi ipsa aper', 6, '0', 320130, NULL, NULL, NULL, NULL),
(151, 'Antonette Rosenbaum V', NULL, '2021-04-24', 'P', '', 'lwill@example.org', 'Voluptatum occaecati', 7, '0', 320131, NULL, NULL, NULL, NULL),
(152, 'Adriel Stiedemann PhD', NULL, '2015-05-07', 'L', '', 'cummerata.jennings@example.net', 'Cupiditate inventore', 8, '0', 320132, NULL, NULL, NULL, NULL),
(153, 'Jovanny Baumbach', NULL, '2002-04-01', 'L', '', 'rey.senger@example.org', 'Eligendi explicabo o', 1, '0', 320133, NULL, NULL, NULL, NULL),
(154, 'Lottie Bogisich', NULL, '1980-08-01', 'P', '', 'mckenzie.monique@example.net', 'Perferendis autem ne', 2, '0', 320134, NULL, NULL, NULL, NULL),
(155, 'Mr. Arvid Blick', NULL, '1990-09-15', 'L', '', 'lgrant@example.org', 'Culpa explicabo ab v', 3, '0', 320135, NULL, NULL, NULL, NULL),
(156, 'Janet Bashirian', NULL, '1980-11-17', 'P', '', 'akeem01@example.com', 'Libero laboriosam sa', 4, '0', 320136, NULL, NULL, NULL, NULL),
(157, 'Rahsaan Zboncak', NULL, '1974-08-02', 'P', '', 'selina.kessler@example.org', 'Quis vel iste labori', 5, '0', 320137, NULL, NULL, NULL, NULL),
(158, 'Dolly Hudson', NULL, '1987-04-11', 'P', '', 'ledner.adele@example.net', 'Reprehenderit dolore', 6, '0', 320138, NULL, NULL, NULL, NULL),
(159, 'Ms. Betsy Walsh Sr.', NULL, '1992-05-09', 'L', '', 'zbrown@example.com', 'Porro corrupti neque', 7, '0', 320139, NULL, NULL, NULL, NULL),
(160, 'Aliyah Schmitt', NULL, '2017-06-23', 'L', '', 'lakin.dandre@example.net', 'In et quae consequat', 8, '0', 320140, NULL, NULL, NULL, NULL),
(161, 'Prof. Magnus Bechtelar', NULL, '2016-05-23', 'L', '', 'hgislason@example.net', 'Sit velit corrupti c', 1, '0', 320101, NULL, NULL, NULL, NULL),
(162, 'Prof. Providenci Jacobs PhD', NULL, '2016-07-27', 'L', '', 'katelyn22@example.com', 'Porro voluptas id of', 2, '0', 320102, NULL, NULL, NULL, NULL),
(163, 'Dr. Jacey Ritchie II', NULL, '1995-10-07', 'L', '', 'anderson.predovic@example.net', 'Consequatur recusand', 3, '0', 320103, NULL, NULL, NULL, NULL),
(164, 'Miss Beth Medhurst II', NULL, '2001-02-12', 'P', '', 'lockman.ryleigh@example.com', 'Recusandae consequun', 4, '0', 320104, NULL, NULL, NULL, NULL),
(165, 'Sherman Satterfield', NULL, '1985-01-08', 'P', '', 'ankunding.hilbert@example.net', 'Est dolor dolor sit ', 5, '0', 320105, NULL, NULL, NULL, NULL),
(166, 'Jed Schinner', NULL, '1975-09-29', 'L', '', 'fmohr@example.com', 'Sint est et providen', 6, '0', 320106, NULL, NULL, NULL, NULL),
(167, 'Dorcas Lynch', NULL, '1999-10-18', 'L', '', 'ronaldo26@example.org', 'Ipsum voluptatem et ', 7, '0', 320107, NULL, NULL, NULL, NULL),
(168, 'Dr. Justus Bednar', NULL, '2020-12-23', 'L', '', 'bmann@example.org', 'Nisi optio eos illum', 8, '0', 320108, NULL, NULL, NULL, NULL),
(169, 'Mr. Joel Watsica', NULL, '2010-05-19', 'P', '', 'bo04@example.net', 'Ad reiciendis ex inv', 1, '0', 320109, NULL, NULL, NULL, NULL),
(170, 'Eliezer Halvorson', NULL, '1993-04-20', 'L', '', 'stanley.donnelly@example.net', 'Maiores quo itaque c', 2, '0', 320110, NULL, NULL, NULL, NULL),
(171, 'Mr. Chris Batz', NULL, '2016-09-30', 'L', '', 'emile48@example.com', 'Dolorem eaque et ut ', 3, '0', 320111, NULL, NULL, NULL, NULL),
(172, 'Abigayle Ferry', NULL, '2012-02-25', 'L', '', 'schumm.lafayette@example.com', 'Error impedit eum do', 4, '0', 320112, NULL, NULL, NULL, NULL),
(173, 'Audra Osinski', NULL, '2009-10-29', 'P', '', 'welch.lia@example.org', 'Qui eum et culpa aut', 5, '0', 320113, NULL, NULL, NULL, NULL),
(174, 'Prof. Gilberto Crona DVM', NULL, '1995-01-27', 'L', '', 'grayson.terry@example.org', 'Qui dolorem quo quid', 6, '0', 320114, NULL, NULL, NULL, NULL),
(175, 'Prof. Otis Kris IV', NULL, '1977-09-29', 'L', '', 'kpredovic@example.com', 'Inventore ut et dolo', 7, '0', 320115, NULL, NULL, NULL, NULL),
(176, 'Mia Dicki', NULL, '1995-09-29', 'L', '', 'kamron.cartwright@example.org', 'Et mollitia tenetur ', 8, '0', 320116, NULL, NULL, NULL, NULL),
(177, 'Brice Mraz', NULL, '1997-05-10', 'P', '', 'gaylord.kulas@example.org', 'Voluptas optio ut qu', 1, '0', 320117, NULL, NULL, NULL, NULL),
(178, 'Anibal Cartwright', NULL, '1993-01-26', 'P', '', 'kassulke.daron@example.org', 'Corporis quo consequ', 2, '0', 320118, NULL, NULL, NULL, NULL),
(179, 'Donavon Larson', NULL, '1970-03-03', 'P', '', 'lindsay.heathcote@example.org', 'Sint commodi ducimus', 3, '0', 320119, NULL, NULL, NULL, NULL),
(180, 'Alfredo Bashirian V', NULL, '1986-05-10', 'P', '', 'kip.olson@example.org', 'Facilis nostrum cupi', 4, '0', 320120, NULL, NULL, NULL, NULL),
(181, 'Carroll Kris', NULL, '2022-04-02', 'P', '', 'fgreen@example.org', 'Vitae eius perspicia', 5, '0', 320121, NULL, NULL, NULL, NULL),
(182, 'Archibald Wilderman', NULL, '1999-01-19', 'P', '', 'ansel26@example.net', 'Vero quidem omnis ve', 6, '0', 320122, NULL, NULL, NULL, NULL),
(183, 'Leanna Gorczany', NULL, '1984-10-02', 'P', '', 'lharris@example.net', 'Fugiat qui nulla ali', 7, '0', 320123, NULL, NULL, NULL, NULL),
(184, 'Norwood Koepp', NULL, '2021-03-03', 'P', '', 'gregorio.runolfsson@example.net', 'Voluptatem laudantiu', 8, '0', 320124, NULL, NULL, NULL, NULL),
(185, 'Mr. Janick Corkery', NULL, '2021-03-20', 'P', '', 'gladyce.ritchie@example.net', 'Consequatur occaecat', 1, '0', 320125, NULL, NULL, NULL, NULL),
(186, 'Noemi Corwin III', NULL, '2011-06-14', 'L', '', 'gustave.ortiz@example.org', 'Quod nemo et est ear', 2, '0', 320126, NULL, NULL, NULL, NULL),
(187, 'Marlee Hamill II', NULL, '1981-05-24', 'P', '', 'heathcote.dominique@example.net', 'Earum vel maxime fac', 3, '0', 320127, NULL, NULL, NULL, NULL),
(188, 'Lacey Kautzer II', NULL, '2010-03-23', 'L', '', 'gbosco@example.org', 'Aut doloribus quo de', 4, '0', 320128, NULL, NULL, NULL, NULL),
(189, 'Albert Littel', NULL, '1991-02-27', 'P', '', 'hmuller@example.com', 'Rerum aut molestiae ', 5, '0', 320129, NULL, NULL, NULL, NULL),
(190, 'Mrs. Jaclyn Heidenreich', NULL, '1982-09-21', 'L', '', 'isom.wilderman@example.net', 'Consequatur nesciunt', 6, '0', 320130, NULL, NULL, NULL, NULL),
(191, 'Olga Kuhn', NULL, '1987-02-12', 'P', '', 'josie22@example.org', 'Explicabo eum volupt', 7, '0', 320131, NULL, NULL, NULL, NULL),
(192, 'Bobby Ortiz', NULL, '2002-05-18', 'P', '', 'keaton.lubowitz@example.com', 'Odit ab iste nostrum', 8, '0', 320132, NULL, NULL, NULL, NULL),
(193, 'Prof. Antonette Schulist', NULL, '2018-05-09', 'L', '', 'wilmer.farrell@example.net', 'Quidem autem ipsum l', 1, '0', 320133, NULL, NULL, NULL, NULL),
(194, 'Dr. Cassie Treutel', NULL, '2009-03-14', 'L', '', 'bcorkery@example.net', 'Magnam corrupti omni', 2, '0', 320134, NULL, NULL, NULL, NULL),
(195, 'Loren Schaden', NULL, '1992-07-02', 'P', '', 'domenick31@example.com', 'Necessitatibus ut ne', 3, '0', 320135, NULL, NULL, NULL, NULL),
(196, 'Dr. Chelsea Lesch PhD', NULL, '1992-05-17', 'L', '', 'rhyatt@example.net', 'Molestiae dolorem te', 4, '0', 320136, NULL, NULL, NULL, NULL),
(197, 'Katelynn Smith', NULL, '1982-11-28', 'P', '', 'mkautzer@example.com', 'Similique aut cupidi', 5, '0', 320137, NULL, NULL, NULL, NULL),
(198, 'Lottie Stokes', NULL, '1982-03-31', 'P', '', 'alexandrea93@example.net', 'Error quia perspicia', 6, '0', 320138, NULL, NULL, NULL, NULL),
(199, 'Dr. Markus Anderson', NULL, '2015-10-22', 'L', '', 'catherine28@example.org', 'Sint et id et except', 7, '0', 320139, NULL, NULL, NULL, NULL),
(200, 'Mrs. Jessika Becker', NULL, '2002-05-31', 'L', '', 'georgianna55@example.net', 'Animi ut excepturi n', 8, '0', 320140, NULL, NULL, NULL, NULL),
(201, 'Teagan Ryan', NULL, '2013-03-14', 'P', '', 'nichole.zieme@example.net', 'Rerum qui quod unde ', 1, '0', 320101, NULL, NULL, NULL, NULL),
(202, 'Prof. Lola Cartwright', NULL, '2004-07-31', 'L', '', 'kathleen.labadie@example.org', 'Enim non ut et. Volu', 2, '0', 320102, NULL, NULL, NULL, NULL),
(203, 'Breana Huels DVM', NULL, '1995-02-15', 'L', '', 'anjali.haley@example.org', 'Rem ut dolores labor', 3, '0', 320103, NULL, NULL, NULL, NULL),
(204, 'Prof. Esperanza Ruecker III', NULL, '2007-07-30', 'L', '', 'joel.cronin@example.org', 'Quo nesciunt autem i', 4, '0', 320104, NULL, NULL, NULL, NULL),
(205, 'Dr. Noah Roob', NULL, '1987-05-25', 'L', '', 'archibald50@example.org', 'Quisquam totam est a', 5, '0', 320105, NULL, NULL, NULL, NULL),
(206, 'Mrs. Edythe Deckow V', NULL, '2014-08-28', 'L', '', 'genoveva.cole@example.net', 'Et eos sed voluptate', 6, '0', 320106, NULL, NULL, NULL, NULL),
(207, 'Reagan Bartoletti', NULL, '1976-05-10', 'P', '', 'josiane24@example.com', 'Quidem ut accusantiu', 7, '0', 320107, NULL, NULL, NULL, NULL),
(208, 'Jeromy Fisher DVM', NULL, '2011-10-22', 'P', '', 'ocarter@example.com', 'Quasi consequatur et', 8, '0', 320108, NULL, NULL, NULL, NULL),
(209, 'Astrid Swift', NULL, '1978-02-21', 'P', '', 'mbuckridge@example.org', 'Dolorum amet facilis', 1, '0', 320109, NULL, NULL, NULL, NULL),
(210, 'Dr. Madeline Stamm', NULL, '2014-04-30', 'P', '', 'araynor@example.net', 'Sequi tenetur eos od', 2, '0', 320110, NULL, NULL, NULL, NULL),
(211, 'Doris Rowe', NULL, '1988-08-21', 'L', '', 'janis.johnston@example.com', 'Sapiente laborum aut', 3, '0', 320111, NULL, NULL, NULL, NULL),
(212, 'George Macejkovic', NULL, '1975-01-11', 'L', '', 'coby88@example.net', 'Non quam deleniti no', 4, '0', 320112, NULL, NULL, NULL, NULL),
(213, 'Mr. Reagan Jacobi Sr.', NULL, '2008-10-10', 'L', '', 'csteuber@example.net', 'Quidem tempore volup', 5, '0', 320113, NULL, NULL, NULL, NULL),
(214, 'Teresa Reichel', NULL, '2005-09-04', 'P', '', 'vhowell@example.org', 'Explicabo omnis ut e', 6, '0', 320114, NULL, NULL, NULL, NULL),
(215, 'Ari Cruickshank', NULL, '1996-12-21', 'P', '', 'isaiah19@example.org', 'Assumenda accusamus ', 7, '0', 320115, NULL, NULL, NULL, NULL),
(216, 'Durward Ernser', NULL, '1980-11-02', 'P', '', 'swift.gerardo@example.net', 'Rerum ut ut eaque ea', 8, '0', 320116, NULL, NULL, NULL, NULL),
(217, 'Miss Aileen O\'Kon', NULL, '1985-06-11', 'P', '', 'annabelle99@example.com', 'Sed exercitationem i', 1, '0', 320117, NULL, NULL, NULL, NULL),
(218, 'Burnice Hoeger DDS', NULL, '1993-02-19', 'L', '', 'christiana65@example.net', 'Quia quasi quidem qu', 2, '0', 320118, NULL, NULL, NULL, NULL),
(219, 'Gus Wehner', NULL, '2009-10-05', 'P', '', 'diana.huels@example.com', 'Exercitationem disti', 3, '0', 320119, NULL, NULL, NULL, NULL),
(220, 'Freeman Boyle', NULL, '1997-11-09', 'P', '', 'carmen.labadie@example.org', 'Laboriosam qui quia ', 4, '0', 320120, NULL, NULL, NULL, NULL),
(221, 'Judson Rogahn', NULL, '1984-07-08', 'P', '', 'qwill@example.org', 'Unde quia ipsa aut q', 5, '0', 320121, NULL, NULL, NULL, NULL),
(222, 'Marilou Hane', NULL, '1972-11-28', 'P', '', 'purdy.milo@example.org', 'Doloremque tenetur s', 6, '0', 320122, NULL, NULL, NULL, NULL),
(223, 'Mia Orn', NULL, '1973-01-30', 'L', '', 'owilkinson@example.org', 'Reprehenderit volupt', 7, '0', 320123, NULL, NULL, NULL, NULL),
(224, 'Destin Bauch', NULL, '2020-01-03', 'L', '', 'wunsch.sydni@example.net', 'Ut illo alias omnis ', 8, '0', 320124, NULL, NULL, NULL, NULL),
(225, 'Mrs. Zita Cronin', NULL, '1971-09-18', 'L', '', 'nikolas92@example.net', 'Veniam itaque facere', 1, '0', 320125, NULL, NULL, NULL, NULL),
(226, 'Joey Brown', NULL, '1998-08-07', 'L', '', 'jast.rubye@example.net', 'Quibusdam quibusdam ', 2, '0', 320126, NULL, NULL, NULL, NULL),
(227, 'Zackary Spencer I', NULL, '2017-10-27', 'P', '', 'jkuhn@example.net', 'Et eum inventore odi', 3, '0', 320127, NULL, NULL, NULL, NULL),
(228, 'Mr. Bernie Mraz Jr.', NULL, '2000-04-29', 'L', '', 'hal.mohr@example.org', 'Voluptas dolorum sun', 4, '0', 320128, NULL, NULL, NULL, NULL),
(229, 'Grayson Huels', NULL, '2016-07-15', 'L', '', 'ivy.nader@example.net', 'Quia reiciendis volu', 5, '0', 320129, NULL, NULL, NULL, NULL),
(230, 'Robert Morissette', NULL, '1979-02-14', 'P', '', 'madelynn67@example.org', 'Magnam cupiditate qu', 6, '0', 320130, NULL, NULL, NULL, NULL),
(231, 'Jamie O\'Kon IV', NULL, '2014-12-08', 'L', '', 'epredovic@example.org', 'Reiciendis eveniet e', 7, '0', 320131, NULL, NULL, NULL, NULL),
(232, 'Violette Zemlak', NULL, '1991-11-16', 'P', '', 'shanelle93@example.org', 'Porro vel vitae reic', 8, '0', 320132, NULL, NULL, NULL, NULL),
(233, 'Sim Barrows', NULL, '1991-09-11', 'L', '', 'tremblay.minerva@example.org', 'Quo eos provident ut', 1, '0', 320133, NULL, NULL, NULL, NULL),
(234, 'Aubree D\'Amore', NULL, '1999-01-30', 'P', '', 'vwaters@example.com', 'Quod et quas culpa v', 2, '0', 320134, NULL, NULL, NULL, NULL),
(235, 'Madelynn Welch', NULL, '1987-11-12', 'P', '', 'emmie.ferry@example.com', 'Velit inventore quis', 3, '0', 320135, NULL, NULL, NULL, NULL),
(236, 'Zola Armstrong IV', NULL, '2010-08-09', 'P', '', 'sgreenfelder@example.net', 'Optio eos est ad qua', 4, '0', 320136, NULL, NULL, NULL, NULL),
(237, 'Dr. Kody Lynch', NULL, '1988-09-28', 'L', '', 'greenholt.robert@example.org', 'Aliquam sint rerum q', 5, '0', 320137, NULL, NULL, NULL, NULL),
(238, 'Georgette Rice', NULL, '1973-08-18', 'P', '', 'jaskolski.luciano@example.com', 'Ea est illo architec', 6, '0', 320138, NULL, NULL, NULL, NULL),
(239, 'Kennith Bartell', NULL, '1998-01-22', 'P', '', 'sauer.doris@example.org', 'Maiores dolores iust', 7, '0', 320139, NULL, NULL, NULL, NULL),
(240, 'Dr. Alda Miller', NULL, '1978-04-16', 'L', '', 'ona.kohler@example.org', 'Unde animi occaecati', 8, '0', 320140, NULL, NULL, NULL, NULL),
(241, 'Jameson Morar', NULL, '2005-12-29', 'P', '', 'wilson00@example.com', 'Provident sint susci', 1, '0', 320101, NULL, NULL, NULL, NULL),
(242, 'Fabian Prosacco', NULL, '2020-09-13', 'P', '', 'louvenia.brakus@example.net', 'Excepturi aut cum vo', 2, '0', 320102, NULL, NULL, NULL, NULL),
(243, 'Darian Wisozk', NULL, '2014-07-22', 'L', '', 'lockman.wellington@example.org', 'Beatae sunt et eos e', 3, '0', 320103, NULL, NULL, NULL, NULL),
(244, 'Hailee Nader', NULL, '2018-03-25', 'P', '', 'zmitchell@example.com', 'Ut quae dicta verita', 4, '0', 320104, NULL, NULL, NULL, NULL),
(245, 'Ms. Rosalind Jacobi DDS', NULL, '2003-03-31', 'P', '', 'vjacobson@example.com', 'Reprehenderit qui in', 5, '0', 320105, NULL, NULL, NULL, NULL),
(246, 'Queenie Boyle DDS', NULL, '1983-10-11', 'P', '', 'estefania.mcdermott@example.net', 'Rerum assumenda veli', 6, '0', 320106, NULL, NULL, NULL, NULL),
(247, 'Dr. Maynard Turcotte Jr.', NULL, '1991-04-05', 'P', '', 'alexandrine26@example.com', 'Ex praesentium susci', 7, '0', 320107, NULL, NULL, NULL, NULL),
(248, 'Telly Nicolas', NULL, '2015-08-11', 'L', '', 'haylie.schuppe@example.net', 'Enim deserunt volupt', 8, '0', 320108, NULL, NULL, NULL, NULL),
(249, 'Dr. Tania Goldner IV', NULL, '1983-06-05', 'L', '', 'delilah.strosin@example.net', 'Iste debitis ipsa la', 1, '0', 320109, NULL, NULL, NULL, NULL),
(250, 'Prof. Maribel Bradtke', NULL, '2013-12-01', 'P', '', 'thiel.johann@example.org', 'Dolores consequuntur', 2, '0', 320110, NULL, NULL, NULL, NULL),
(251, 'Dr. Salvatore Barton', NULL, '2018-12-25', 'P', '', 'omari97@example.org', 'Fuga illum repudiand', 3, '0', 320111, NULL, NULL, NULL, NULL),
(252, 'Noble Gerlach PhD', NULL, '1998-07-21', 'L', '', 'kerluke.graciela@example.com', 'Harum voluptatum rem', 4, '0', 320112, NULL, NULL, NULL, NULL),
(253, 'Evan Bradtke', NULL, '1995-09-06', 'L', '', 'williamson.katrine@example.com', 'Velit libero atque v', 5, '0', 320113, NULL, NULL, NULL, NULL),
(254, 'Dr. Leilani Treutel Sr.', NULL, '1984-03-27', 'P', '', 'njenkins@example.com', 'Saepe occaecati dele', 6, '0', 320114, NULL, NULL, NULL, NULL),
(255, 'Dr. Melvina Schmidt IV', NULL, '2001-12-13', 'P', '', 'alena.blick@example.org', 'Ipsa sit aut volupta', 7, '0', 320115, NULL, NULL, NULL, NULL),
(256, 'Dr. Chyna Wolff', NULL, '1991-10-06', 'L', '', 'olegros@example.org', 'Natus dolorem totam ', 8, '0', 320116, NULL, NULL, NULL, NULL),
(257, 'Osbaldo Hagenes', NULL, '2018-01-03', 'L', '', 'garnet.hintz@example.org', 'Itaque eum et conseq', 1, '0', 320117, NULL, NULL, NULL, NULL),
(258, 'Maeve Paucek II', NULL, '1972-11-22', 'P', '', 'howe.aron@example.net', 'Excepturi neque et a', 2, '0', 320118, NULL, NULL, NULL, NULL),
(259, 'Shyanne Pollich', NULL, '1975-11-24', 'L', '', 'adriana64@example.org', 'Omnis accusamus tene', 3, '0', 320119, NULL, NULL, NULL, NULL),
(260, 'Mr. Sebastian Franecki', NULL, '2002-05-22', 'P', '', 'doyle.vonrueden@example.org', 'Accusantium veritati', 4, '0', 320120, NULL, NULL, NULL, NULL),
(261, 'Tianna Goodwin', NULL, '1970-12-23', 'L', '', 'lia.morar@example.net', 'Sint soluta architec', 5, '0', 320121, NULL, NULL, NULL, NULL),
(262, 'Tavares Keeling', NULL, '2003-06-21', 'P', '', 'benny15@example.com', 'Aut non et sint. Qua', 6, '0', 320122, NULL, NULL, NULL, NULL),
(263, 'Elliott Hessel PhD', NULL, '1985-02-21', 'P', '', 'herman.stoltenberg@example.net', 'Quo aut nisi amet am', 7, '0', 320123, NULL, NULL, NULL, NULL),
(264, 'Ayana Collier', NULL, '1971-05-25', 'P', '', 'o\'conner.adolf@example.net', 'Unde at dolor nihil ', 8, '0', 320124, NULL, NULL, NULL, NULL),
(265, 'Lelia Mraz', NULL, '1978-04-06', 'L', '', 'kaufderhar@example.net', 'Eos dolorem sequi at', 1, '0', 320125, NULL, NULL, NULL, NULL),
(266, 'Mr. Hester Corkery', NULL, '1987-04-27', 'L', '', 'mjakubowski@example.net', 'Est ipsum eius quis ', 2, '0', 320126, NULL, NULL, NULL, NULL),
(267, 'Mr. Brett Schulist', NULL, '1973-08-26', 'L', '', 'soledad74@example.com', 'Non expedita fugiat ', 3, '0', 320127, NULL, NULL, NULL, NULL),
(268, 'Ewald Turner', NULL, '2000-07-18', 'L', '', 'ricky.gutkowski@example.net', 'Voluptatem neque iur', 4, '0', 320128, NULL, NULL, NULL, NULL),
(269, 'Ora Abbott', NULL, '2014-05-11', 'L', '', 'dglover@example.org', 'Quis tempora rem rep', 5, '0', 320129, NULL, NULL, NULL, NULL),
(270, 'Molly Zieme', NULL, '1993-09-12', 'P', '', 'keagan.kessler@example.org', 'Odit earum nihil vol', 6, '0', 320130, NULL, NULL, NULL, NULL),
(271, 'Hildegard Terry', NULL, '1993-10-29', 'L', '', 'harvey.grady@example.com', 'Pariatur iure ut sed', 7, '0', 320131, NULL, NULL, NULL, NULL),
(272, 'Alda Goyette', NULL, '1975-11-05', 'P', '', 'tressa66@example.org', 'Accusamus eos omnis ', 8, '0', 320132, NULL, NULL, NULL, NULL),
(273, 'Velma Jones', NULL, '2012-01-22', 'P', '', 'brycen17@example.net', 'In officia explicabo', 1, '0', 320133, NULL, NULL, NULL, NULL),
(274, 'Dr. Abe Streich', NULL, '1990-08-25', 'P', '', 'percy.klocko@example.com', 'Quas eaque aliquam b', 2, '0', 320134, NULL, NULL, NULL, NULL),
(275, 'Lucie Schowalter DVM', NULL, '1991-01-05', 'P', '', 'huels.geovanny@example.org', 'Ipsa laborum et fuga', 3, '0', 320135, NULL, NULL, NULL, NULL),
(276, 'Mrs. Lorna Kautzer', NULL, '1979-01-31', 'P', '', 'miller.elliot@example.com', 'Eaque expedita excep', 4, '0', 320136, NULL, NULL, NULL, NULL),
(277, 'Dallin Gusikowski Sr.', NULL, '1974-07-13', 'L', '', 'cecile.lakin@example.net', 'Deleniti in delectus', 5, '0', 320137, NULL, NULL, NULL, NULL),
(278, 'Brenda Kihn V', NULL, '1989-01-07', 'L', '', 'meda76@example.net', 'Ut at impedit non re', 6, '0', 320138, NULL, NULL, NULL, NULL),
(279, 'Nova Reichel IV', NULL, '1993-09-20', 'P', '', 'xparker@example.org', 'Quam quo harum amet ', 7, '0', 320139, NULL, NULL, NULL, NULL),
(280, 'Rahsaan Cormier', NULL, '1989-09-25', 'P', '', 'lera.schuster@example.org', 'Ut ullam eos culpa e', 8, '0', 320140, NULL, NULL, NULL, NULL),
(281, 'Lindsay White', NULL, '1976-10-27', 'P', '', 'lreilly@example.org', 'Quasi nostrum quis b', 1, '0', 320101, NULL, NULL, NULL, NULL),
(282, 'Precious Lind', NULL, '1992-09-14', 'P', '', 'buddy.homenick@example.net', 'Illum sed iste perfe', 2, '0', 320102, NULL, NULL, NULL, NULL),
(283, 'Vaughn Breitenberg', NULL, '2013-04-10', 'L', '', 'xborer@example.net', 'Sed aliquam vel quia', 3, '0', 320103, NULL, NULL, NULL, NULL),
(284, 'Guadalupe Streich', NULL, '1999-05-12', 'P', '', 'koss.zachariah@example.com', 'Voluptas ea perspici', 4, '0', 320104, NULL, NULL, NULL, NULL),
(285, 'Prof. Leanne Casper III', NULL, '1982-07-07', 'L', '', 'pdare@example.com', 'Ad dolor officia lab', 5, '0', 320105, NULL, NULL, NULL, NULL),
(286, 'Patsy Cassin Sr.', NULL, '1978-11-02', 'L', '', 'fkilback@example.net', 'Aspernatur quia quia', 6, '0', 320106, NULL, NULL, NULL, NULL),
(287, 'Jamal Pfeffer', NULL, '2001-08-29', 'L', '', 'schumm.danyka@example.net', 'Pariatur laborum ita', 7, '0', 320107, NULL, NULL, NULL, NULL),
(288, 'June Zieme', NULL, '2017-04-12', 'L', '', 'egerhold@example.com', 'Dignissimos pariatur', 8, '0', 320108, NULL, NULL, NULL, NULL),
(289, 'Finn Gaylord', NULL, '1998-09-28', 'P', '', 'crist.nicola@example.org', 'Reiciendis nihil duc', 1, '0', 320109, NULL, NULL, NULL, NULL),
(290, 'Braeden Denesik', NULL, '2005-03-19', 'L', '', 'kellen78@example.org', 'Dicta illum odio ill', 2, '0', 320110, NULL, NULL, NULL, NULL),
(291, 'Jamel Goodwin', NULL, '2001-10-14', 'L', '', 'qfeeney@example.org', 'Voluptatem fuga magn', 3, '0', 320111, NULL, NULL, NULL, NULL),
(292, 'George Ortiz', NULL, '2009-03-21', 'L', '', 'aurelio86@example.net', 'Sed sequi debitis ex', 4, '0', 320112, NULL, NULL, NULL, NULL),
(293, 'Nathen Hammes II', NULL, '1983-09-09', 'L', '', 'joesph67@example.org', 'Nihil est commodi ab', 5, '0', 320113, NULL, NULL, NULL, NULL),
(294, 'Trystan DuBuque', NULL, '2000-09-19', 'L', '', 'hherzog@example.net', 'Qui rem ab est ut si', 6, '0', 320114, NULL, NULL, NULL, NULL),
(295, 'Sammie Littel', NULL, '2007-07-25', 'L', '', 'bhettinger@example.org', 'Consectetur ducimus ', 7, '0', 320115, NULL, NULL, NULL, NULL),
(296, 'Miss Anastasia Barrows IV', NULL, '2000-01-10', 'L', '', 'estrella61@example.com', 'Et ratione quo persp', 8, '0', 320116, NULL, NULL, NULL, NULL),
(297, 'Garland Dickinson', NULL, '2017-05-07', 'P', '', 'everette12@example.com', 'Neque aliquid vel qu', 1, '0', 320117, NULL, NULL, NULL, NULL),
(298, 'Claudine Deckow', NULL, '1977-10-11', 'P', '', 'runolfsdottir.jada@example.org', 'Quia ipsa eius volup', 2, '0', 320118, NULL, NULL, NULL, NULL),
(299, 'Prof. Hilton Batz MD', NULL, '2002-10-17', 'L', '', 'ellie46@example.org', 'Delectus dicta quasi', 3, '0', 320119, NULL, NULL, NULL, NULL),
(300, 'Lexus Bednar', NULL, '2015-09-23', 'L', '', 'nienow.samantha@example.net', 'Voluptatem eaque nem', 4, '0', 320120, NULL, NULL, NULL, NULL),
(301, 'Corbin Wintheiser II', NULL, '2010-02-04', 'L', '', 'augusta.lockman@example.org', 'Inventore id ab enim', 5, '0', 320121, NULL, NULL, NULL, NULL),
(302, 'Jamel Little', NULL, '1982-09-11', 'P', '', 'hzboncak@example.net', 'Eveniet sequi odit a', 6, '0', 320122, NULL, NULL, NULL, NULL),
(303, 'Lonzo Schoen Sr.', NULL, '2022-02-16', 'L', '', 'lynn25@example.net', 'Omnis quidem veniam ', 7, '0', 320123, NULL, NULL, NULL, NULL),
(304, 'Zetta Reilly DDS', NULL, '1978-12-19', 'P', '', 'barry56@example.org', 'Ab a similique harum', 8, '0', 320124, NULL, NULL, NULL, NULL),
(305, 'Prof. Geoffrey Corwin I', NULL, '1971-04-16', 'L', '', 'hagenes.bettye@example.com', 'Voluptate itaque ips', 1, '0', 320125, NULL, NULL, NULL, NULL),
(306, 'Mr. Fred Mraz Jr.', NULL, '1981-02-23', 'L', '', 'katlynn16@example.com', 'Cumque veritatis rep', 2, '0', 320126, NULL, NULL, NULL, NULL),
(307, 'Niko Johnston', NULL, '2008-12-26', 'P', '', 'monroe.breitenberg@example.com', 'Quis modi hic ut. Ma', 3, '0', 320127, NULL, NULL, NULL, NULL),
(308, 'Vladimir Wuckert', NULL, '1995-10-19', 'L', '', 'schmitt.johanna@example.com', 'Sint explicabo digni', 4, '0', 320128, NULL, NULL, NULL, NULL),
(309, 'Eleonore Hamill', NULL, '2006-11-14', 'L', '', 'kboyer@example.com', 'Debitis sunt rem bla', 5, '0', 320129, NULL, NULL, NULL, NULL),
(310, 'Prof. Alec McGlynn DVM', NULL, '1981-01-19', 'P', '', 'reynold79@example.net', 'Ut recusandae rerum ', 6, '0', 320130, NULL, NULL, NULL, NULL),
(311, 'Mr. Salvatore Goyette DDS', NULL, '2007-06-29', 'P', '', 'fritsch.carolanne@example.net', 'Blanditiis voluptas ', 7, '0', 320131, NULL, NULL, NULL, NULL),
(312, 'Amiya Hickle', NULL, '1992-02-09', 'L', '', 'cornell.kling@example.net', 'Qui velit voluptatem', 8, '0', 320132, NULL, NULL, NULL, NULL),
(313, 'Earl Kling MD', NULL, '2020-10-27', 'P', '', 'jovani81@example.net', 'Repellendus voluptat', 1, '0', 320133, NULL, NULL, NULL, NULL),
(314, 'Mr. Hyman Stamm IV', NULL, '2002-04-11', 'P', '', 'jordi82@example.net', 'Iusto ab enim conseq', 2, '0', 320134, NULL, NULL, NULL, NULL),
(315, 'Miss Judy Harber', NULL, '1996-03-14', 'P', '', 'wiza.ethel@example.com', 'Deserunt eum tempore', 3, '0', 320135, NULL, NULL, NULL, NULL),
(316, 'Mr. Beau Hessel MD', NULL, '1974-03-25', 'P', '', 'yundt.ibrahim@example.org', 'Cupiditate quo quam ', 4, '0', 320136, NULL, NULL, NULL, NULL),
(317, 'Maiya Wehner III', NULL, '1997-03-05', 'L', '', 'berge.enola@example.com', 'Delectus perspiciati', 5, '0', 320137, NULL, NULL, NULL, NULL),
(318, 'Prof. Reilly Padberg DVM', NULL, '1977-08-17', 'L', '', 'aylin.murazik@example.org', 'Velit sed ad minima ', 6, '0', 320138, NULL, NULL, NULL, NULL),
(319, 'Braden Mosciski', NULL, '1970-07-09', 'P', '', 'luna03@example.com', 'Cumque nemo et offic', 7, '0', 320139, NULL, NULL, NULL, NULL),
(320, 'Mrs. Adelle Rippin III', NULL, '2020-04-18', 'L', '', 'lhahn@example.org', 'Et at reiciendis dis', 8, '0', 320140, NULL, NULL, NULL, NULL),
(321, 'Benedict Feest', NULL, '1988-12-02', 'P', '', 'huel.priscilla@example.com', 'Esse voluptatem repu', 1, '0', 320101, NULL, NULL, NULL, NULL),
(322, 'Prof. Trever Hauck V', NULL, '1976-03-08', 'L', '', 'eulalia45@example.org', 'Saepe consectetur of', 2, '0', 320102, NULL, NULL, NULL, NULL),
(323, 'Dane Heidenreich', NULL, '2022-05-20', 'L', '', 'trisha78@example.org', 'Dicta sit cumque dol', 3, '0', 320103, NULL, NULL, NULL, NULL),
(324, 'Elda Cummings', NULL, '1977-04-23', 'P', '', 'vkulas@example.org', 'Fuga eligendi quis r', 4, '0', 320104, NULL, NULL, NULL, NULL),
(325, 'Rafael Kilback', NULL, '2015-12-20', 'L', '', 'meagan.crist@example.net', 'Ex iure exercitation', 5, '0', 320105, NULL, NULL, NULL, NULL),
(326, 'Ephraim Stoltenberg Jr.', NULL, '2001-07-16', 'L', '', 'zboncak.kamren@example.org', 'Provident quo volupt', 6, '0', 320106, NULL, NULL, NULL, NULL),
(327, 'Syble Jerde', NULL, '1997-02-09', 'P', '', 'stracke.grant@example.net', 'Velit a quis autem o', 7, '0', 320107, NULL, NULL, NULL, NULL),
(328, 'Prof. Aaron Moore I', NULL, '2015-10-17', 'L', '', 'stark.mac@example.com', 'Necessitatibus facil', 8, '0', 320108, NULL, NULL, NULL, NULL),
(329, 'Mr. Angel Marvin', NULL, '1995-04-03', 'L', '', 'gerard.champlin@example.com', 'Atque sunt ipsam lib', 1, '0', 320109, NULL, NULL, NULL, NULL),
(330, 'Vivianne Zulauf', NULL, '1990-07-26', 'L', '', 'jayde.kautzer@example.com', 'Culpa corporis sed q', 2, '0', 320110, NULL, NULL, NULL, NULL),
(331, 'Eldred Ernser', NULL, '1970-08-18', 'L', '', 'maida30@example.com', 'Esse nemo iste iusto', 3, '0', 320111, NULL, NULL, NULL, NULL),
(332, 'Dr. Sonny Hilll V', NULL, '1990-05-29', 'L', '', 'o\'conner.jarrell@example.com', 'Non magnam voluptati', 4, '0', 320112, NULL, NULL, NULL, NULL),
(333, 'Dina Berge', NULL, '2000-06-06', 'P', '', 'jones.alfonso@example.net', 'Qui necessitatibus e', 5, '0', 320113, NULL, NULL, NULL, NULL),
(334, 'Tony Pouros', NULL, '2012-09-22', 'P', '', 'celia.crona@example.org', 'Magnam veritatis asp', 6, '0', 320114, NULL, NULL, NULL, NULL),
(335, 'Cleora Johnston', NULL, '2019-02-28', 'P', '', 'millie80@example.org', 'Aut possimus amet se', 7, '0', 320115, NULL, NULL, NULL, NULL),
(336, 'Fae Hamill', NULL, '2017-07-05', 'L', '', 'fisher.milan@example.com', 'Recusandae tenetur q', 8, '0', 320116, NULL, NULL, NULL, NULL),
(337, 'Prof. Blake Corkery', NULL, '1986-11-25', 'L', '', 'orin.goyette@example.org', 'Sed commodi aut ut i', 1, '0', 320117, NULL, NULL, NULL, NULL),
(338, 'Morton Turner', NULL, '1971-09-02', 'L', '', 'monte24@example.net', 'Veritatis quo sunt d', 2, '0', 320118, NULL, NULL, NULL, NULL),
(339, 'Miss Laila Parker I', NULL, '2009-10-11', 'P', '', 'jeremie21@example.com', 'Dolores porro soluta', 3, '0', 320119, NULL, NULL, NULL, NULL),
(340, 'Mr. Donavon Howe Sr.', NULL, '1997-07-17', 'L', '', 'grady.roman@example.net', 'Blanditiis dolor con', 4, '0', 320120, NULL, NULL, NULL, NULL),
(341, 'Helene Crona III', NULL, '2008-01-30', 'P', '', 'breanna35@example.org', 'Consequatur laborum ', 5, '0', 320121, NULL, NULL, NULL, NULL),
(342, 'Ms. Madelynn Hayes', NULL, '1979-04-05', 'L', '', 'murl50@example.net', 'Qui dolores illo adi', 6, '0', 320122, NULL, NULL, NULL, NULL),
(343, 'Georgette Zulauf MD', NULL, '2016-05-29', 'L', '', 'cmedhurst@example.com', 'Impedit commodi cumq', 7, '0', 320123, NULL, NULL, NULL, NULL),
(344, 'Dr. Trenton Wolf IV', NULL, '1994-09-04', 'P', '', 'jake.larkin@example.net', 'Eius et modi porro p', 8, '0', 320124, NULL, NULL, NULL, NULL);
INSERT INTO `inovator` (`id_inovator`, `nama_inovator`, `nik`, `tgl_lahir`, `jenis_kelamin`, `alamat`, `email`, `no_telp`, `id_kategori_inovator`, `id_instansi`, `id_kecamatan`, `id_desa`, `latitude`, `longitude`, `id_akun`) VALUES
(345, 'Savanna Konopelski', NULL, '1978-03-12', 'L', '', 'kulas.bethany@example.net', 'Et temporibus delect', 1, '0', 320125, NULL, NULL, NULL, NULL),
(346, 'Dr. Jacinthe Kshlerin', NULL, '1990-08-02', 'L', '', 'alubowitz@example.org', 'Atque non nulla occa', 2, '0', 320126, NULL, NULL, NULL, NULL),
(347, 'Miss Lexi Davis', NULL, '1990-08-13', 'P', '', 'casimir.buckridge@example.com', 'Quod est ullam commo', 3, '0', 320127, NULL, NULL, NULL, NULL),
(348, 'Deontae Braun Sr.', NULL, '1980-07-14', 'L', '', 'pietro.bergnaum@example.org', 'Inventore sapiente a', 4, '0', 320128, NULL, NULL, NULL, NULL),
(349, 'Manuel Koelpin', NULL, '2014-12-18', 'L', '', 'jocelyn86@example.org', 'Ullam quia sunt offi', 5, '0', 320129, NULL, NULL, NULL, NULL),
(350, 'Peter Shanahan', NULL, '2002-08-17', 'L', '', 'swillms@example.org', 'Ratione minima bland', 6, '0', 320130, NULL, NULL, NULL, NULL),
(351, 'Mertie Murray Sr.', NULL, '1993-10-04', 'P', '', 'rickie.waters@example.com', 'Perspiciatis reicien', 7, '0', 320131, NULL, NULL, NULL, NULL),
(352, 'Barry Feeney', NULL, '1984-04-21', 'P', '', 'xhuels@example.com', 'Quia est aut autem s', 8, '0', 320132, NULL, NULL, NULL, NULL),
(353, 'Merritt Donnelly', NULL, '1971-11-18', 'L', '', 'reagan.walker@example.org', 'Consequatur soluta t', 1, '0', 320133, NULL, NULL, NULL, NULL),
(354, 'Ms. Wilhelmine Rice', NULL, '2015-02-23', 'P', '', 'pattie88@example.org', 'Cupiditate a praesen', 2, '0', 320134, NULL, NULL, NULL, NULL),
(355, 'Krista Cassin', NULL, '1973-11-15', 'L', '', 'johan.block@example.com', 'Qui vel ipsam veniam', 3, '0', 320135, NULL, NULL, NULL, NULL),
(356, 'Eduardo Schulist', NULL, '2011-05-10', 'L', '', 'conrad.erdman@example.org', 'Beatae quibusdam vit', 4, '0', 320136, NULL, NULL, NULL, NULL),
(357, 'Prof. Adrain O\'Keefe Sr.', NULL, '2011-06-16', 'P', '', 'oleta.schulist@example.com', 'Provident at quas ve', 5, '0', 320137, NULL, NULL, NULL, NULL),
(358, 'Patrick Bosco V', NULL, '1992-05-11', 'L', '', 'sgibson@example.org', 'Eaque qui dicta cons', 6, '0', 320138, NULL, NULL, NULL, NULL),
(359, 'Myles Funk', NULL, '2010-07-04', 'P', '', 'dustin.trantow@example.net', 'Maxime quia eligendi', 7, '0', 320139, NULL, NULL, NULL, NULL),
(360, 'Perry Hodkiewicz I', NULL, '1982-09-24', 'L', '', 'mcdermott.earnestine@example.com', 'Laboriosam voluptas ', 8, '0', 320140, NULL, NULL, NULL, NULL),
(361, 'Sheldon Morar', NULL, '1977-11-11', 'L', '', 'werner.frami@example.net', 'Nisi culpa sequi nat', 1, '0', 320101, NULL, NULL, NULL, NULL),
(362, 'Ellen Cassin Sr.', NULL, '2014-02-20', 'P', '', 'wava.medhurst@example.com', 'Nemo quisquam delect', 2, '0', 320102, NULL, NULL, NULL, NULL),
(363, 'Virgie Von', NULL, '1971-01-03', 'L', '', 'marlin.jaskolski@example.com', 'Quia repellat volupt', 3, '0', 320103, NULL, NULL, NULL, NULL),
(364, 'Perry Reynolds Sr.', NULL, '1988-02-06', 'P', '', 'ggoodwin@example.net', 'Debitis laudantium a', 4, '0', 320104, NULL, NULL, NULL, NULL),
(365, 'Conner Stanton', NULL, '2021-11-08', 'P', '', 'buck.klocko@example.com', 'Provident vel delect', 5, '0', 320105, NULL, NULL, NULL, NULL),
(366, 'Marcellus Hirthe', NULL, '1988-11-17', 'P', '', 'cornell82@example.net', 'Totam nobis rerum es', 6, '0', 320106, NULL, NULL, NULL, NULL),
(367, 'Dr. Veda Lindgren Sr.', NULL, '2000-04-13', 'L', '', 'liliana.maggio@example.net', 'Illo quasi dolorem r', 7, '0', 320107, NULL, NULL, NULL, NULL),
(368, 'Giovanni Fahey', NULL, '1998-02-10', 'L', '', 'farrell.jeanie@example.com', 'Ipsum soluta et dolo', 8, '0', 320108, NULL, NULL, NULL, NULL),
(369, 'Faustino Vandervort', NULL, '1987-01-07', 'P', '', 'd\'amore.harvey@example.org', 'Reprehenderit facere', 1, '0', 320109, NULL, NULL, NULL, NULL),
(370, 'Shea Mraz DVM', NULL, '1991-03-17', 'L', '', 'bode.kory@example.net', 'Eos quo fugiat fugit', 2, '0', 320110, NULL, NULL, NULL, NULL),
(371, 'Prof. Geovanni Kihn', NULL, '2006-08-08', 'L', '', 'egrimes@example.org', 'Facere hic at deleni', 3, '0', 320111, NULL, NULL, NULL, NULL),
(372, 'Andrew Gerlach', NULL, '2019-05-15', 'L', '', 'mitchell32@example.com', 'Quam laborum optio m', 4, '0', 320112, NULL, NULL, NULL, NULL),
(373, 'Lupe Gleichner', NULL, '1997-02-15', 'L', '', 'brandon.hills@example.com', 'Modi pariatur dolore', 5, '0', 320113, NULL, NULL, NULL, NULL),
(374, 'Shirley Keeling DVM', NULL, '1985-04-13', 'P', '', 'kasey.kiehn@example.com', 'Quos quaerat quia ne', 6, '0', 320114, NULL, NULL, NULL, NULL),
(375, 'Dr. Leanne VonRueden III', NULL, '1996-12-05', 'P', '', 'corwin.jeffry@example.net', 'Aut ea dolorem aut i', 7, '0', 320115, NULL, NULL, NULL, NULL),
(376, 'Dr. Tod Breitenberg', NULL, '2019-02-05', 'L', '', 'dietrich.evangeline@example.com', 'Aliquid possimus off', 8, '0', 320116, NULL, NULL, NULL, NULL),
(377, 'Dr. Cindy Abshire V', NULL, '2014-08-11', 'L', '', 'ikub@example.net', 'Officiis odit est qu', 1, '0', 320117, NULL, NULL, NULL, NULL),
(378, 'Antonietta Hane', NULL, '2011-07-12', 'P', '', 'nchristiansen@example.com', 'Dolor blanditiis rei', 2, '0', 320118, NULL, NULL, NULL, NULL),
(379, 'Stanford Predovic', NULL, '1990-05-09', 'L', '', 'florida98@example.org', 'Molestias quibusdam ', 3, '0', 320119, NULL, NULL, NULL, NULL),
(380, 'Cornelius Lindgren', NULL, '2010-12-21', 'L', '', 'crau@example.com', 'Est ea doloremque eo', 4, '0', 320120, NULL, NULL, NULL, NULL),
(381, 'Brad Fritsch', NULL, '2014-11-05', 'P', '', 'parisian.lucas@example.net', 'Cumque voluptate et ', 5, '0', 320121, NULL, NULL, NULL, NULL),
(382, 'Nella Skiles', NULL, '2021-05-11', 'P', '', 'kuhn.sabrina@example.net', 'Tempore aliquid sunt', 6, '0', 320122, NULL, NULL, NULL, NULL),
(383, 'Willis Kozey', NULL, '1982-04-24', 'P', '', 'osborne28@example.org', 'Cupiditate nemo ulla', 7, '0', 320123, NULL, NULL, NULL, NULL),
(384, 'Mr. Tre Donnelly PhD', NULL, '2011-08-17', 'P', '', 'pollich.jalon@example.org', 'Rerum ducimus et ips', 8, '0', 320124, NULL, NULL, NULL, NULL),
(385, 'Dagmar Stanton', NULL, '2015-06-22', 'L', '', 'effertz.maddison@example.org', 'Pariatur perspiciati', 1, '0', 320125, NULL, NULL, NULL, NULL),
(386, 'Maudie Nader', NULL, '1998-04-09', 'L', '', 'wyman.cordelia@example.com', 'Quos maiores incidun', 2, '0', 320126, NULL, NULL, NULL, NULL),
(387, 'Ms. Danielle White', NULL, '1971-11-07', 'L', '', 'hansen.danial@example.net', 'Hic ad sed tempore f', 3, '0', 320127, NULL, NULL, NULL, NULL),
(388, 'Giles Ankunding', NULL, '1988-07-13', 'L', '', 'psauer@example.org', 'Nihil mollitia et qu', 4, '0', 320128, NULL, NULL, NULL, NULL),
(389, 'Leola Ward', NULL, '1974-02-15', 'L', '', 'seth.wintheiser@example.org', 'Autem et et consequa', 5, '0', 320129, NULL, NULL, NULL, NULL),
(390, 'Miss Creola Lindgren III', NULL, '2014-04-06', 'P', '', 'mayert.destiney@example.net', 'Ex ipsam magnam qui ', 6, '0', 320130, NULL, NULL, NULL, NULL),
(391, 'Treva Schowalter', NULL, '1999-08-09', 'L', '', 'mhansen@example.net', 'Necessitatibus quasi', 7, '0', 320131, NULL, NULL, NULL, NULL),
(392, 'Caroline Bayer', NULL, '2004-01-21', 'P', '', 'veda82@example.net', 'Et rerum aut iure qu', 8, '0', 320132, NULL, NULL, NULL, NULL),
(393, 'Nayeli Skiles', NULL, '2008-04-20', 'P', '', 'wilkinson.ernestine@example.com', 'Voluptas et quisquam', 1, '0', 320133, NULL, NULL, NULL, NULL),
(394, 'Mrs. Pat Kerluke', NULL, '1992-03-27', 'L', '', 'senger.rae@example.net', 'Voluptas quos ea ess', 2, '0', 320134, NULL, NULL, NULL, NULL),
(395, 'Dr. Kasey Becker I', NULL, '2022-02-17', 'P', '', 'marielle.lang@example.com', 'Sint deserunt animi ', 3, '0', 320135, NULL, NULL, NULL, NULL),
(396, 'Susanna Lind', NULL, '2001-06-10', 'P', '', 'torrey.schuppe@example.org', 'Sunt eveniet accusam', 4, '0', 320136, NULL, NULL, NULL, NULL),
(397, 'Emilia Keebler', NULL, '2009-11-27', 'L', '', 'vern50@example.net', 'Facilis reiciendis c', 5, '0', 320137, NULL, NULL, NULL, NULL),
(398, 'Giles Schmidt', NULL, '1984-04-25', 'P', '', 'dziemann@example.org', 'Sapiente cupiditate ', 6, '0', 320138, NULL, NULL, NULL, NULL),
(399, 'Ralph Hermiston', NULL, '1990-06-07', 'P', '', 'dstroman@example.org', 'At odio accusamus se', 7, '0', 320139, NULL, NULL, NULL, NULL),
(400, 'Reinhold Braun', NULL, '1998-03-02', 'P', '', 'donnie09@example.org', 'Voluptatem consequat', 8, '0', 320140, NULL, NULL, NULL, NULL),
(401, 'Amparo Flatley', NULL, '2021-04-16', 'P', '', 'frodriguez@example.com', 'Laboriosam odio prae', 1, '0', 320101, NULL, NULL, NULL, NULL),
(402, 'Isai Dach', NULL, '2014-06-11', 'P', '', 'emie.purdy@example.com', 'Assumenda ipsa recus', 2, '0', 320102, NULL, NULL, NULL, NULL),
(403, 'Prof. Myrl Konopelski Jr.', NULL, '2019-06-10', 'P', '', 'deshawn62@example.org', 'Molestiae et qui per', 3, '0', 320103, NULL, NULL, NULL, NULL),
(404, 'Ms. Melissa Stracke DVM', NULL, '1983-03-15', 'P', '', 'cleve.boyle@example.org', 'Cumque at ullam est ', 4, '0', 320104, NULL, NULL, NULL, NULL),
(405, 'Chaya Hermann', NULL, '1989-09-19', 'L', '', 'prosacco.anderson@example.org', 'Qui et unde magni co', 5, '0', 320105, NULL, NULL, NULL, NULL),
(406, 'Mr. Horacio Dach', NULL, '2002-01-29', 'P', '', 'ywiza@example.com', 'Corporis ut ea repud', 6, '0', 320106, NULL, NULL, NULL, NULL),
(407, 'Rupert O\'Kon', NULL, '2001-02-24', 'P', '', 'stracke.rudolph@example.org', 'Ipsum inventore hic ', 7, '0', 320107, NULL, NULL, NULL, NULL),
(408, 'Dr. Queenie Jones V', NULL, '1999-02-09', 'L', '', 'francis.schuster@example.com', 'Vel debitis rerum op', 8, '0', 320108, NULL, NULL, NULL, NULL),
(409, 'Viola Rosenbaum', NULL, '1983-01-22', 'P', '', 'haskell.wisozk@example.org', 'Ipsa qui consequatur', 1, '0', 320109, NULL, NULL, NULL, NULL),
(410, 'Mr. Mohamed Hahn DVM', NULL, '2002-11-28', 'L', '', 'osinski.benny@example.net', 'Aliquid nam porro do', 2, '0', 320110, NULL, NULL, NULL, NULL),
(411, 'Arjun Stanton', NULL, '2013-11-03', 'L', '', 'junius38@example.org', 'Est eum aliquid cons', 3, '0', 320111, NULL, NULL, NULL, NULL),
(412, 'Hilario Kunde', NULL, '2001-10-12', 'L', '', 'beahan.deontae@example.org', 'Est incidunt sunt po', 4, '0', 320112, NULL, NULL, NULL, NULL),
(413, 'Mr. Vinnie Bednar DVM', NULL, '2001-11-10', 'L', '', 'pinkie.ortiz@example.org', 'Ab reprehenderit in ', 5, '0', 320113, NULL, NULL, NULL, NULL),
(414, 'Ms. Bettye Glover MD', NULL, '1980-03-26', 'L', '', 'janie.wisozk@example.com', 'Voluptas enim et iur', 6, '0', 320114, NULL, NULL, NULL, NULL),
(415, 'Dr. Pamela Yost', NULL, '2013-02-08', 'P', '', 'zieme.malvina@example.net', 'Quo et sit voluptate', 7, '0', 320115, NULL, NULL, NULL, NULL),
(416, 'Mr. Colin Schultz', NULL, '1976-12-03', 'P', '', 'bobby93@example.org', 'Architecto animi cul', 8, '0', 320116, NULL, NULL, NULL, NULL),
(417, 'Enid Beatty III', NULL, '2014-02-08', 'L', '', 'cormier.teagan@example.net', 'Molestiae hic tempor', 1, '0', 320117, NULL, NULL, NULL, NULL),
(418, 'Golden Heathcote', NULL, '2008-01-04', 'L', '', 'kwest@example.net', 'Dolores in autem vol', 2, '0', 320118, NULL, NULL, NULL, NULL),
(419, 'Mrs. Margret Walsh Jr.', NULL, '1976-02-12', 'P', '', 'pmcdermott@example.net', 'Magnam et animi temp', 3, '0', 320119, NULL, NULL, NULL, NULL),
(420, 'Ms. Thea Miller IV', NULL, '2003-07-15', 'P', '', 'ebba22@example.net', 'Dolore animi eius qu', 4, '0', 320120, NULL, NULL, NULL, NULL),
(421, 'Dr. Ole Rohan IV', NULL, '1993-05-26', 'P', '', 'lowe.adolphus@example.org', 'Sed reprehenderit ab', 5, '0', 320121, NULL, NULL, NULL, NULL),
(422, 'Cordell Schneider MD', NULL, '1998-02-02', 'P', '', 'nnader@example.org', 'Distinctio enim elig', 6, '0', 320122, NULL, NULL, NULL, NULL),
(423, 'Berta Wyman', NULL, '1993-05-19', 'L', '', 'lacy.witting@example.org', 'Illo ab similique ve', 7, '0', 320123, NULL, NULL, NULL, NULL),
(424, 'Amiya Schuster PhD', NULL, '2005-02-21', 'L', '', 'wilhelm28@example.net', 'Temporibus dolores e', 8, '0', 320124, NULL, NULL, NULL, NULL),
(425, 'Terrence Thiel', NULL, '1985-05-18', 'P', '', 'wuckert.clementina@example.org', 'Rerum quasi officiis', 1, '0', 320125, NULL, NULL, NULL, NULL),
(426, 'Ms. Felicia Aufderhar', NULL, '2012-06-25', 'L', '', 'akulas@example.org', 'Id id magnam totam l', 2, '0', 320126, NULL, NULL, NULL, NULL),
(427, 'Dominic Ziemann', NULL, '1984-11-02', 'L', '', 'ybashirian@example.org', 'In tempora necessita', 3, '0', 320127, NULL, NULL, NULL, NULL),
(428, 'Bethany Grant', NULL, '2010-09-29', 'P', '', 'stoltenberg.amparo@example.org', 'Aut dolore incidunt ', 4, '0', 320128, NULL, NULL, NULL, NULL),
(429, 'Jennings Langosh', NULL, '1990-04-13', 'P', '', 'donnelly.zackery@example.org', 'Commodi possimus nes', 5, '0', 320129, NULL, NULL, NULL, NULL),
(430, 'Zane Ziemann', NULL, '1976-05-27', 'L', '', 'lilyan36@example.org', 'Repellat odio ut nes', 6, '0', 320130, NULL, NULL, NULL, NULL),
(431, 'Fleta Jacobs', NULL, '2004-11-21', 'L', '', 'amanda40@example.net', 'Magnam quae eaque qu', 7, '0', 320131, NULL, NULL, NULL, NULL),
(432, 'Miss Hortense Konopelski V', NULL, '2011-02-24', 'P', '', 'carlo68@example.org', 'Corporis deleniti do', 8, '0', 320132, NULL, NULL, NULL, NULL),
(433, 'Dr. Jarrett Runolfsdottir PhD', NULL, '1980-12-24', 'L', '', 'armand.renner@example.org', 'Qui libero inventore', 1, '0', 320133, NULL, NULL, NULL, NULL),
(434, 'Willie Cremin', NULL, '2005-02-05', 'L', '', 'boyd.miller@example.com', 'Nihil temporibus mol', 2, '0', 320134, NULL, NULL, NULL, NULL),
(435, 'Talon Beier', NULL, '1980-10-29', 'P', '', 'winona46@example.net', 'Est fuga labore moll', 3, '0', 320135, NULL, NULL, NULL, NULL),
(436, 'Celestino Lueilwitz', NULL, '2001-05-30', 'P', '', 'pouros.jennie@example.com', 'Hic pariatur rerum a', 4, '0', 320136, NULL, NULL, NULL, NULL),
(437, 'Imani Gutmann', NULL, '2002-01-21', 'P', '', 'pietro.kuphal@example.com', 'Explicabo quod sapie', 5, '0', 320137, NULL, NULL, NULL, NULL),
(438, 'Nia Shields', NULL, '2010-11-02', 'L', '', 'zhand@example.com', 'Voluptate qui deleni', 6, '0', 320138, NULL, NULL, NULL, NULL),
(439, 'Buddy Schmeler', NULL, '1997-07-23', 'L', '', 'cleta61@example.org', 'Aut enim amet quas i', 7, '0', 320139, NULL, NULL, NULL, NULL),
(440, 'Brennan Bosco', NULL, '2005-03-30', 'P', '', 'hane.tom@example.net', 'Aspernatur enim a ei', 8, '0', 320140, NULL, NULL, NULL, NULL),
(441, 'Floyd Deckow', NULL, '1992-07-13', 'P', '', 'dan91@example.org', 'Non porro quia ab iu', 1, '0', 320101, NULL, NULL, NULL, NULL),
(442, 'Bertha Kautzer', NULL, '1995-01-28', 'P', '', 'boehm.camron@example.com', 'Sed ipsum ratione qu', 2, '0', 320102, NULL, NULL, NULL, NULL),
(443, 'Mylene Goyette', NULL, '2000-04-07', 'L', '', 'rweber@example.org', 'Adipisci sunt dolore', 3, '0', 320103, NULL, NULL, NULL, NULL),
(444, 'Hester Collins', NULL, '1983-12-10', 'L', '', 'whintz@example.net', 'Soluta quis neque as', 4, '0', 320104, NULL, NULL, NULL, NULL),
(445, 'Wilford Ferry', NULL, '1986-06-15', 'P', '', 'sabshire@example.org', 'Quod quaerat illum c', 5, '0', 320105, NULL, NULL, NULL, NULL),
(446, 'Kiarra Kling', NULL, '1987-03-23', 'L', '', 'denesik.aurelia@example.net', 'Vel eveniet cumque r', 6, '0', 320106, NULL, NULL, NULL, NULL),
(447, 'Prof. Angie Metz PhD', NULL, '1983-11-13', 'P', '', 'wlockman@example.com', 'Accusantium rem aut ', 7, '0', 320107, NULL, NULL, NULL, NULL),
(448, 'Mr. Jovan Kertzmann II', NULL, '1993-09-11', 'P', '', 'koepp.frederic@example.com', 'Aut quidem ipsum ass', 8, '0', 320108, NULL, NULL, NULL, NULL),
(449, 'Vivianne Funk', NULL, '2003-05-10', 'P', '', 'fauer@example.com', 'Ratione repellendus ', 1, '0', 320109, NULL, NULL, NULL, NULL),
(450, 'Carmella Predovic', NULL, '2018-06-25', 'L', '', 'mkreiger@example.org', 'Dolor rerum pariatur', 2, '0', 320110, NULL, NULL, NULL, NULL),
(451, 'Dr. Destini Satterfield V', NULL, '1972-01-21', 'P', '', 'melba82@example.org', 'Placeat veritatis po', 3, '0', 320111, NULL, NULL, NULL, NULL),
(452, 'Mr. Tomas Swaniawski PhD', NULL, '2003-08-10', 'P', '', 'ocie.hammes@example.com', 'Et temporibus iusto ', 4, '0', 320112, NULL, NULL, NULL, NULL),
(453, 'Simeon Gulgowski', NULL, '2000-05-21', 'L', '', 'gerry.haley@example.org', 'Voluptatem cumque et', 5, '0', 320113, NULL, NULL, NULL, NULL),
(454, 'Mr. London Koss', NULL, '1978-05-06', 'P', '', 'sammy.jones@example.com', 'Omnis et qui quisqua', 6, '0', 320114, NULL, NULL, NULL, NULL),
(455, 'Kraig Lockman', NULL, '2000-05-01', 'L', '', 'hailie.fritsch@example.net', 'Reprehenderit quis e', 7, '0', 320115, NULL, NULL, NULL, NULL),
(456, 'Edd Grady Jr.', NULL, '2013-09-17', 'P', '', 'kilback.emerson@example.net', 'Rerum esse qui quis ', 8, '0', 320116, NULL, NULL, NULL, NULL),
(457, 'Kory McCullough', NULL, '1975-05-05', 'P', '', 'qleannon@example.org', 'Ducimus ut neque iur', 1, '0', 320117, NULL, NULL, NULL, NULL),
(458, 'Mario Ebert', NULL, '1976-03-20', 'P', '', 'edward.lynch@example.org', 'Eligendi voluptatem ', 2, '0', 320118, NULL, NULL, NULL, NULL),
(459, 'Thad Schuppe DDS', NULL, '1976-04-07', 'L', '', 'xgibson@example.org', 'Voluptatem dignissim', 3, '0', 320119, NULL, NULL, NULL, NULL),
(460, 'Clyde Fritsch', NULL, '2010-08-04', 'L', '', 'medhurst.eunice@example.org', 'Nihil corporis aut n', 4, '0', 320120, NULL, NULL, NULL, NULL),
(461, 'Darrin Medhurst', NULL, '1980-06-11', 'P', '', 'ischumm@example.com', 'Dignissimos nulla no', 5, '0', 320121, NULL, NULL, NULL, NULL),
(462, 'Ressie Terry', NULL, '1996-06-18', 'L', '', 'tess83@example.com', 'Rem officiis est per', 6, '0', 320122, NULL, NULL, NULL, NULL),
(463, 'Prof. Jaquelin Lindgren', NULL, '2010-05-12', 'P', '', 'pmccullough@example.org', 'Doloremque autem qua', 7, '0', 320123, NULL, NULL, NULL, NULL),
(464, 'Elizabeth Kautzer', NULL, '2019-09-22', 'P', '', 'smitham.sebastian@example.com', 'Et modi vitae invent', 8, '0', 320124, NULL, NULL, NULL, NULL),
(465, 'Kaia Jacobson Sr.', NULL, '2017-01-29', 'L', '', 'asia.fadel@example.com', 'Culpa deleniti quasi', 1, '0', 320125, NULL, NULL, NULL, NULL),
(466, 'Clifford Rutherford', NULL, '2017-08-28', 'P', '', 'rosemary.connelly@example.com', 'Ab doloremque saepe ', 2, '0', 320126, NULL, NULL, NULL, NULL),
(467, 'Marie Raynor', NULL, '2000-08-23', 'P', '', 'ospinka@example.com', 'Minus enim sint sed ', 3, '0', 320127, NULL, NULL, NULL, NULL),
(468, 'Prof. Cary Wilderman PhD', NULL, '2011-10-03', 'L', '', 'clark.cummerata@example.com', 'Tenetur hic ratione ', 4, '0', 320128, NULL, NULL, NULL, NULL),
(469, 'Riley Hamill', NULL, '1991-08-29', 'P', '', 'tyson86@example.net', 'Et aut aut sed qui q', 5, '0', 320129, NULL, NULL, NULL, NULL),
(470, 'Dr. Ana Trantow Jr.', NULL, '2015-09-23', 'L', '', 'sylvia.wuckert@example.org', 'Et ullam consequuntu', 6, '0', 320130, NULL, NULL, NULL, NULL),
(471, 'Jovan Reilly MD', NULL, '2004-12-20', 'L', '', 'mary33@example.com', 'Debitis tempora blan', 7, '0', 320131, NULL, NULL, NULL, NULL),
(472, 'Monique Stanton', NULL, '1970-11-02', 'P', '', 'sflatley@example.net', 'Dolorum consectetur ', 8, '0', 320132, NULL, NULL, NULL, NULL),
(473, 'Hanna Kovacek', NULL, '2015-02-04', 'P', '', 'margarette.kassulke@example.com', 'Vel et sapiente sit ', 1, '0', 320133, NULL, NULL, NULL, NULL),
(474, 'Dr. Layne Hagenes MD', NULL, '1976-03-23', 'L', '', 'julianne39@example.net', 'Nulla odit libero su', 2, '0', 320134, NULL, NULL, NULL, NULL),
(475, 'Eino Braun I', NULL, '2011-09-29', 'P', '', 'swaniawski.chauncey@example.com', 'Nisi est totam ut co', 3, '0', 320135, NULL, NULL, NULL, NULL),
(476, 'Cicero Kutch', NULL, '2016-11-21', 'P', '', 'block.philip@example.com', 'Ut est non et et non', 4, '0', 320136, NULL, NULL, NULL, NULL),
(477, 'Mikel O\'Reilly', NULL, '1992-03-26', 'P', '', 'sanford.easton@example.com', 'Quasi non consectetu', 5, '0', 320137, NULL, NULL, NULL, NULL),
(478, 'Fred Fritsch DVM', NULL, '1980-01-18', 'P', '', 'thompson.ollie@example.com', 'Non non officia offi', 6, '0', 320138, NULL, NULL, NULL, NULL),
(479, 'Petra Bailey', NULL, '2013-11-25', 'L', '', 'ladarius16@example.net', 'Quia doloremque hic ', 7, '0', 320139, NULL, NULL, NULL, NULL),
(480, 'Sam Bechtelar', NULL, '1991-09-10', 'P', '', 'demond68@example.org', 'Ipsum nesciunt recus', 8, '0', 320140, NULL, NULL, NULL, NULL),
(481, 'Lilyan Mohr', NULL, '1991-12-15', 'P', '', 'nbode@example.org', 'Illo fugiat laborios', 1, '0', 320101, NULL, NULL, NULL, NULL),
(482, 'Madie Bahringer', NULL, '2012-10-17', 'L', '', 'vivianne13@example.org', 'Quam et cumque labor', 2, '0', 320102, NULL, NULL, NULL, NULL),
(483, 'Prof. Beulah Jerde', NULL, '2000-09-16', 'L', '', 'macejkovic.reta@example.com', 'Ea nulla inventore d', 3, '0', 320103, NULL, NULL, NULL, NULL),
(484, 'Audra Rodriguez', NULL, '2008-05-26', 'P', '', 'justus73@example.org', 'Et expedita ducimus ', 4, '0', 320104, NULL, NULL, NULL, NULL),
(485, 'Mr. Karl Little IV', NULL, '1984-05-16', 'P', '', 'gust.pfannerstill@example.org', 'Quis natus culpa ull', 5, '0', 320105, NULL, NULL, NULL, NULL),
(486, 'Dr. Afton Schmitt DVM', NULL, '1991-07-10', 'P', '', 'mkozey@example.org', 'Debitis sequi except', 6, '0', 320106, NULL, NULL, NULL, NULL),
(487, 'Bo Hills', NULL, '2019-03-14', 'L', '', 'dante.grant@example.net', 'Placeat consequatur ', 7, '0', 320107, NULL, NULL, NULL, NULL),
(488, 'Rachael Herzog', NULL, '1973-03-05', 'L', '', 'kelley25@example.com', 'Quo iure eos et temp', 8, '0', 320108, NULL, NULL, NULL, NULL),
(489, 'Herminia Upton', NULL, '2008-10-09', 'L', '', 'kevin59@example.com', 'Natus quae dolores e', 1, '0', 320109, NULL, NULL, NULL, NULL),
(490, 'Dr. Jaeden Sauer', NULL, '2013-03-08', 'L', '', 'gfay@example.org', 'Aut qui eos fugit si', 2, '0', 320110, NULL, NULL, NULL, NULL),
(491, 'Josue Mills', NULL, '1991-06-08', 'L', '', 'margie.price@example.net', 'Quaerat animi ut est', 3, '0', 320111, NULL, NULL, NULL, NULL),
(492, 'Van Stamm', NULL, '1971-01-04', 'L', '', 'annetta.cummerata@example.net', 'Nemo iusto dolor omn', 4, '0', 320112, NULL, NULL, NULL, NULL),
(493, 'Mckayla Corkery', NULL, '1998-06-17', 'L', '', 'john10@example.net', 'Repellendus animi vi', 5, '0', 320113, NULL, NULL, NULL, NULL),
(494, 'Dr. Doyle Lowe', NULL, '2021-01-02', 'L', '', 'ydavis@example.net', 'Nobis temporibus ips', 6, '0', 320114, NULL, NULL, NULL, NULL),
(495, 'Shanna Vandervort IV', NULL, '1995-03-19', 'P', '', 'jadon59@example.org', 'Facere sint qui nam ', 7, '0', 320115, NULL, NULL, NULL, NULL),
(496, 'Nadia Wehner', NULL, '1990-09-22', 'P', '', 'valentine.heathcote@example.com', 'Dolorem veniam volup', 8, '0', 320116, NULL, NULL, NULL, NULL),
(497, 'Nolan Armstrong Jr.', NULL, '2002-07-01', 'L', '', 'blanda.delpha@example.net', 'Sit sed magnam conse', 1, '0', 320117, NULL, NULL, NULL, NULL),
(498, 'Spencer Roberts', NULL, '1981-02-23', 'P', '', 'runte.trinity@example.org', 'Dicta quaerat laudan', 2, '0', 320118, NULL, NULL, NULL, NULL),
(499, 'Jace Conroy Jr.', NULL, '1996-09-20', 'P', '', 'nsawayn@example.com', 'Provident modi molli', 3, '0', 320119, NULL, NULL, NULL, NULL),
(500, 'Edna Brakus', NULL, '2000-05-08', 'L', '', 'kailee.cremin@example.net', 'Quo ipsa et aut id c', 4, '0', 320120, NULL, NULL, NULL, NULL),
(501, 'Marisol Brakus', NULL, '1998-10-28', 'L', '', 'lenora.carter@example.com', 'Itaque tempore et ha', 5, '0', 320121, NULL, NULL, NULL, NULL),
(502, 'Dr. Ewell Torp Sr.', NULL, '1986-01-16', 'P', '', 'jkulas@example.com', 'Inventore delectus o', 6, '0', 320122, NULL, NULL, NULL, NULL),
(503, 'Dr. Mireille Spinka I', NULL, '1988-05-13', 'L', '', 'kkling@example.org', 'Id voluptate eveniet', 7, '0', 320123, NULL, NULL, NULL, NULL),
(504, 'Janae Gerhold', NULL, '2009-03-04', 'L', '', 'mmurphy@example.org', 'Deserunt laborum nul', 8, '0', 320124, NULL, NULL, NULL, NULL),
(505, 'Dr. Ottis Cormier DVM', NULL, '2020-12-10', 'L', '', 'kris.marilyne@example.org', 'Itaque esse vel id i', 1, '0', 320125, NULL, NULL, NULL, NULL),
(506, 'Anastacio Rice', NULL, '1991-07-08', 'P', '', 'pboyle@example.com', 'Impedit facilis omni', 2, '0', 320126, NULL, NULL, NULL, NULL),
(507, 'Enola Champlin Sr.', NULL, '2017-09-04', 'L', '', 'abagail.hamill@example.com', 'Reprehenderit dolore', 3, '0', 320127, NULL, NULL, NULL, NULL),
(508, 'Gabrielle Konopelski DVM', NULL, '1974-06-07', 'P', '', 'mattie69@example.org', 'Architecto molestiae', 4, '0', 320128, NULL, NULL, NULL, NULL),
(509, 'Ebba Schimmel', NULL, '2017-08-18', 'P', '', 'beer.marlen@example.com', 'Non nihil voluptatib', 5, '0', 320129, NULL, NULL, NULL, NULL),
(510, 'Prof. Gerard Stokes', NULL, '1993-04-19', 'L', '', 'daron25@example.com', 'Quibusdam tenetur vo', 6, '0', 320130, NULL, NULL, NULL, NULL),
(511, 'Mr. Dagmar Smith', NULL, '1979-08-09', 'L', '', 'richmond.sanford@example.com', 'Eligendi dicta volup', 7, '0', 320131, NULL, NULL, NULL, NULL),
(512, 'Ophelia Russel', NULL, '2020-06-02', 'L', '', 'zbahringer@example.org', 'Inventore mollitia r', 8, '0', 320132, NULL, NULL, NULL, NULL),
(513, 'Brandy Skiles', NULL, '2003-05-16', 'L', '', 'dwight.shanahan@example.com', 'Voluptas perspiciati', 1, '0', 320133, NULL, NULL, NULL, NULL),
(514, 'Marielle Hagenes', NULL, '2005-03-13', 'L', '', 'gokuneva@example.net', 'Modi esse a aut ut q', 2, '0', 320134, NULL, NULL, NULL, NULL),
(515, 'Steve Satterfield', NULL, '2019-12-07', 'L', '', 'leonor.harris@example.com', 'Ea dicta aspernatur ', 3, '0', 320135, NULL, NULL, NULL, NULL),
(516, 'Miss Hillary Mohr Jr.', NULL, '1999-12-13', 'P', '', 'guillermo.mann@example.com', 'Fugit provident reru', 4, '0', 320136, NULL, NULL, NULL, NULL),
(517, 'Kirk Lind', NULL, '2006-12-18', 'P', '', 'jacobson.maiya@example.net', 'Sapiente unde iste d', 5, '0', 320137, NULL, NULL, NULL, NULL),
(518, 'Jamison Blanda', NULL, '2009-01-11', 'P', '', 'ulices.brakus@example.net', 'Dolorem exercitation', 6, '0', 320138, NULL, NULL, NULL, NULL),
(519, 'Cale Pfannerstill', NULL, '2012-02-24', 'L', '', 'omari.wilderman@example.net', 'Dolores minus vel se', 7, '0', 320139, NULL, NULL, NULL, NULL),
(520, 'Reva Legros MD', NULL, '2003-06-07', 'L', '', 'ocruickshank@example.net', 'Doloremque quisquam ', 8, '0', 320140, NULL, NULL, NULL, NULL),
(521, 'Justen Waelchi I', NULL, '1996-08-17', 'L', '', 'emmerich.jakayla@example.com', 'Adipisci explicabo d', 1, '0', 320101, NULL, NULL, NULL, NULL),
(522, 'Cassie Cremin', NULL, '2003-05-16', 'P', '', 'fredy.fisher@example.org', 'Ut vero ab iste nam ', 2, '0', 320102, NULL, NULL, NULL, NULL),
(523, 'Travis Bernhard', NULL, '1980-04-30', 'P', '', 'roberta23@example.net', 'Expedita qui assumen', 3, '0', 320103, NULL, NULL, NULL, NULL),
(524, 'Eugene Rutherford', NULL, '1995-03-13', 'L', '', 'norval.gislason@example.com', 'Facere exercitatione', 4, '0', 320104, NULL, NULL, NULL, NULL),
(525, 'Consuelo Reilly', NULL, '1975-09-21', 'L', '', 'orie14@example.org', 'Quasi voluptate mini', 5, '0', 320105, NULL, NULL, NULL, NULL),
(526, 'Conrad Dietrich', NULL, '1991-12-18', 'L', '', 'stowne@example.com', 'Ea suscipit dolorem ', 6, '0', 320106, NULL, NULL, NULL, NULL),
(527, 'Claudie Bosco', NULL, '2002-04-21', 'P', '', 'ohessel@example.com', 'Ut molestiae vero vi', 7, '0', 320107, NULL, NULL, NULL, NULL),
(528, 'Rhoda Stoltenberg', NULL, '1981-10-19', 'L', '', 'henri73@example.net', 'Fugiat iste doloremq', 8, '0', 320108, NULL, NULL, NULL, NULL),
(529, 'Paige Reichert', NULL, '1990-10-18', 'P', '', 'd\'angelo.sanford@example.com', 'Repellendus quia del', 1, '0', 320109, NULL, NULL, NULL, NULL),
(530, 'Suzanne Rodriguez', NULL, '1996-09-27', 'L', '', 'kaia.borer@example.com', 'Porro et veritatis o', 2, '0', 320110, NULL, NULL, NULL, NULL),
(531, 'Dudley Hilll', NULL, '1973-10-29', 'P', '', 'maximo64@example.com', 'Quo at numquam eius ', 3, '0', 320111, NULL, NULL, NULL, NULL),
(532, 'Hazle Bogisich', NULL, '2012-01-23', 'P', '', 'mweissnat@example.com', 'Enim aperiam volupta', 4, '0', 320112, NULL, NULL, NULL, NULL),
(533, 'Chester Mertz', NULL, '1982-01-28', 'L', '', 'whyatt@example.org', 'Reprehenderit volupt', 5, '0', 320113, NULL, NULL, NULL, NULL),
(534, 'Breanna Hickle', NULL, '2009-08-11', 'L', '', 'dmedhurst@example.com', 'Et ut quia velit et ', 6, '0', 320114, NULL, NULL, NULL, NULL),
(535, 'Rubie Rutherford', NULL, '2014-06-06', 'P', '', 'llind@example.com', 'Dolore sed eos sit u', 7, '0', 320115, NULL, NULL, NULL, NULL),
(536, 'Crawford Bechtelar III', NULL, '1988-08-17', 'P', '', 'shaina53@example.com', 'Praesentium voluptat', 8, '0', 320116, NULL, NULL, NULL, NULL),
(537, 'Bernadette Kris', NULL, '1986-01-18', 'L', '', 'wcummerata@example.org', 'Aliquam eos incidunt', 1, '0', 320117, NULL, NULL, NULL, NULL),
(538, 'Norbert Rippin', NULL, '1979-04-26', 'P', '', 'frippin@example.com', 'Nam ratione odit con', 2, '0', 320118, NULL, NULL, NULL, NULL),
(539, 'Prof. Brenden Rolfson', NULL, '1997-05-26', 'P', '', 'qberge@example.net', 'Et ea eaque sed sed ', 3, '0', 320119, NULL, NULL, NULL, NULL),
(540, 'Yvette Lakin', NULL, '1988-05-17', 'L', '', 'brandyn51@example.com', 'Dolores doloribus nu', 4, '0', 320120, NULL, NULL, NULL, NULL),
(541, 'Dr. Annie Mohr III', NULL, '1983-01-03', 'L', '', 'boyd83@example.org', 'Laborum ullam qui ea', 5, '0', 320121, NULL, NULL, NULL, NULL),
(542, 'Naomie Kessler', NULL, '1988-12-20', 'L', '', 'providenci.sauer@example.net', 'Enim ea odio non ver', 6, '0', 320122, NULL, NULL, NULL, NULL),
(543, 'Kailee Mertz V', NULL, '1990-01-04', 'P', '', 'kallie93@example.org', 'Qui mollitia unde op', 7, '0', 320123, NULL, NULL, NULL, NULL),
(544, 'Hugh Jast III', NULL, '1990-06-03', 'L', '', 'hudson.lela@example.org', 'Cupiditate voluptate', 8, '0', 320124, NULL, NULL, NULL, NULL),
(545, 'Webster Runte III', NULL, '1991-03-30', 'L', '', 'johns.haleigh@example.net', 'Sint sunt eum laboru', 1, '0', 320125, NULL, NULL, NULL, NULL),
(546, 'Dr. Russel Cummerata', NULL, '1976-03-18', 'P', '', 'efren.dubuque@example.com', 'Ipsam itaque asperio', 2, '0', 320126, NULL, NULL, NULL, NULL),
(547, 'Rod Schumm', NULL, '1980-01-15', 'P', '', 'alessandro79@example.com', 'Quaerat velit qui es', 3, '0', 320127, NULL, NULL, NULL, NULL),
(548, 'Mac Denesik DVM', NULL, '1974-12-10', 'L', '', 'emmett73@example.com', 'Fugiat enim esse bla', 4, '0', 320128, NULL, NULL, NULL, NULL),
(549, 'Jaida Marvin', NULL, '2009-09-19', 'L', '', 'lisa89@example.net', 'Est ut corrupti sint', 5, '0', 320129, NULL, NULL, NULL, NULL),
(550, 'Tamara Daniel', NULL, '2003-02-28', 'P', '', 'donnelly.elton@example.org', 'Exercitationem conse', 6, '0', 320130, NULL, NULL, NULL, NULL),
(551, 'Prof. Faye Crooks I', NULL, '2008-05-10', 'L', '', 'gorczany.lambert@example.org', 'Maxime sapiente ipsu', 7, '0', 320131, NULL, NULL, NULL, NULL),
(552, 'Thea Kling I', NULL, '2013-04-01', 'L', '', 'gail90@example.com', 'Earum repudiandae ve', 8, '0', 320132, NULL, NULL, NULL, NULL),
(553, 'Prof. Cruz Hand DDS', NULL, '2006-03-15', 'P', '', 'heidenreich.olga@example.net', 'Quaerat laborum aut ', 1, '0', 320133, NULL, NULL, NULL, NULL),
(554, 'Miller Marks', NULL, '2001-07-09', 'L', '', 'waldo.kshlerin@example.net', 'At delectus unde ips', 2, '0', 320134, NULL, NULL, NULL, NULL),
(555, 'Miss Electa Kihn MD', NULL, '1990-12-15', 'L', '', 'delores88@example.net', 'Dolor minima libero ', 3, '0', 320135, NULL, NULL, NULL, NULL),
(556, 'Mrs. Ila Sporer MD', NULL, '2003-12-23', 'L', '', 'brandi50@example.com', 'Iure ipsam provident', 4, '0', 320136, NULL, NULL, NULL, NULL),
(557, 'Karelle Zboncak I', NULL, '2000-05-02', 'L', '', 'reilly23@example.org', 'Optio mollitia quod ', 5, '0', 320137, NULL, NULL, NULL, NULL),
(558, 'Tyrique Schmitt', NULL, '2017-06-19', 'L', '', 'zkuvalis@example.net', 'Quae magni eum volup', 6, '0', 320138, NULL, NULL, NULL, NULL),
(559, 'Dalton Leannon', NULL, '2019-05-20', 'L', '', 'franco50@example.com', 'Et consequuntur cum ', 7, '0', 320139, NULL, NULL, NULL, NULL),
(560, 'Arvid Raynor', NULL, '1996-01-04', 'L', '', 'lydia34@example.com', 'Alias in nemo facili', 8, '0', 320140, NULL, NULL, NULL, NULL),
(561, 'Ardith Ullrich', NULL, '2008-03-13', 'L', '', 'markus18@example.com', 'Exercitationem sapie', 1, '0', 320101, NULL, NULL, NULL, NULL),
(562, 'Stevie Lindgren', NULL, '1981-10-24', 'L', '', 'elwyn.hoeger@example.org', 'A voluptatem vero be', 2, '0', 320102, NULL, NULL, NULL, NULL),
(563, 'Ms. Icie Hirthe', NULL, '2019-08-08', 'L', '', 'marilyne.beatty@example.net', 'Voluptas dignissimos', 3, '0', 320103, NULL, NULL, NULL, NULL),
(564, 'Margarete Lemke', NULL, '1994-03-06', 'L', '', 'lyla82@example.com', 'Consequatur quibusda', 4, '0', 320104, NULL, NULL, NULL, NULL),
(565, 'Sarai Brakus', NULL, '2005-03-23', 'P', '', 'xrutherford@example.org', 'Corrupti saepe place', 5, '0', 320105, NULL, NULL, NULL, NULL),
(566, 'Davion Wehner', NULL, '2002-08-17', 'P', '', 'doyle.mayra@example.org', 'Et veniam voluptatem', 6, '0', 320106, NULL, NULL, NULL, NULL),
(567, 'Haylie Gutkowski', NULL, '1988-05-07', 'P', '', 'fritsch.allison@example.com', 'Rerum et minima non.', 7, '0', 320107, NULL, NULL, NULL, NULL),
(568, 'Prof. Justus Kulas V', NULL, '2016-01-22', 'L', '', 'nkozey@example.net', 'Saepe in et eaque as', 8, '0', 320108, NULL, NULL, NULL, NULL),
(569, 'Holly Kuphal', NULL, '1994-03-27', 'P', '', 'casper.louie@example.org', 'Maiores dignissimos ', 1, '0', 320109, NULL, NULL, NULL, NULL),
(570, 'Wendell Fisher Sr.', NULL, '1994-08-07', 'L', '', 'mueller.stephanie@example.org', 'Labore quod inventor', 2, '0', 320110, NULL, NULL, NULL, NULL),
(571, 'Dr. Jaleel Sawayn MD', NULL, '2000-12-24', 'L', '', 'bonnie.thiel@example.net', 'Voluptatem culpa ut ', 3, '0', 320111, NULL, NULL, NULL, NULL),
(572, 'Anjali Botsford', NULL, '2004-03-03', 'P', '', 'hegmann.krystal@example.org', 'Cum sequi molestiae ', 4, '0', 320112, NULL, NULL, NULL, NULL),
(573, 'Kelvin Grady', NULL, '1979-09-11', 'P', '', 'carlotta.hilll@example.net', 'Est tenetur qui offi', 5, '0', 320113, NULL, NULL, NULL, NULL),
(574, 'Austen Stiedemann V', NULL, '1980-11-19', 'P', '', 'simonis.daniella@example.com', 'Sit impedit saepe er', 6, '0', 320114, NULL, NULL, NULL, NULL),
(575, 'Dr. Morton Collier', NULL, '1976-12-24', 'L', '', 'ivory.flatley@example.org', 'Ipsum illo aut iusto', 7, '0', 320115, NULL, NULL, NULL, NULL),
(576, 'Prof. Rhett Goodwin', NULL, '1985-06-28', 'L', '', 'mayra99@example.com', 'Non corporis accusan', 8, '0', 320116, NULL, NULL, NULL, NULL),
(577, 'Makenzie Feest', NULL, '1991-03-08', 'P', '', 'kmueller@example.com', 'Veniam aut aspernatu', 1, '0', 320117, NULL, NULL, NULL, NULL),
(578, 'Glenda Gislason', NULL, '1975-06-12', 'P', '', 'prosacco.darby@example.org', 'Quaerat quia minima ', 2, '0', 320118, NULL, NULL, NULL, NULL),
(579, 'Ms. Rubye Simonis MD', NULL, '1970-09-01', 'P', '', 'hcruickshank@example.com', 'Maxime ipsam ut quo ', 3, '0', 320119, NULL, NULL, NULL, NULL),
(580, 'Augusta Lowe', NULL, '2006-06-19', 'L', '', 'gwindler@example.com', 'Consequatur commodi ', 4, '0', 320120, NULL, NULL, NULL, NULL),
(581, 'Dr. Cloyd Lakin Sr.', NULL, '2016-04-14', 'L', '', 'xkassulke@example.com', 'Enim quo ut ex qui e', 5, '0', 320121, NULL, NULL, NULL, NULL),
(582, 'Chauncey Kohler', NULL, '2001-12-21', 'L', '', 'gutmann.doug@example.org', 'Aut ut vero reiciend', 6, '0', 320122, NULL, NULL, NULL, NULL),
(583, 'Gertrude Waelchi', NULL, '1983-04-26', 'L', '', 'fswaniawski@example.com', 'Ea exercitationem be', 7, '0', 320123, NULL, NULL, NULL, NULL),
(584, 'Felton Bosco', NULL, '1974-11-28', 'L', '', 'nmayert@example.org', 'Nobis ducimus dolore', 8, '0', 320124, NULL, NULL, NULL, NULL),
(585, 'Ms. Winifred Kovacek', NULL, '2000-10-31', 'L', '', 'jerrod.yundt@example.net', 'Rerum voluptas ut ut', 1, '0', 320125, NULL, NULL, NULL, NULL),
(586, 'Nicole Ziemann PhD', NULL, '1976-06-24', 'L', '', 'estoltenberg@example.org', 'Impedit possimus sus', 2, '0', 320126, NULL, NULL, NULL, NULL),
(587, 'Gene O\'Hara', NULL, '1971-07-11', 'L', '', 'lucas.mayert@example.org', 'Laborum odit earum p', 3, '0', 320127, NULL, NULL, NULL, NULL),
(588, 'Emma Christiansen', NULL, '2016-10-09', 'L', '', 'schumm.major@example.com', 'Quis numquam culpa i', 4, '0', 320128, NULL, NULL, NULL, NULL),
(589, 'Mr. Elvis Wilkinson', NULL, '1970-04-19', 'L', '', 'sschneider@example.com', 'Consequatur optio at', 5, '0', 320129, NULL, NULL, NULL, NULL),
(590, 'Arvid Daniel', NULL, '1970-06-18', 'L', '', 'makayla45@example.org', 'Nostrum placeat dolo', 6, '0', 320130, NULL, NULL, NULL, NULL),
(591, 'Mrs. Halie Wilkinson', NULL, '1991-03-25', 'L', '', 'robel.kenny@example.com', 'Ut beatae voluptas i', 7, '0', 320131, NULL, NULL, NULL, NULL),
(592, 'Wendell O\'Connell', NULL, '2006-09-23', 'L', '', 'calista.swift@example.net', 'Id perspiciatis inci', 8, '0', 320132, NULL, NULL, NULL, NULL),
(593, 'Bart Ratke', NULL, '1981-09-21', 'P', '', 'tristian.weber@example.net', 'Aut vero est eos sed', 1, '0', 320133, NULL, NULL, NULL, NULL),
(594, 'Josefina Pouros', NULL, '1979-07-17', 'P', '', 'labadie.francis@example.org', 'Distinctio molestiae', 2, '0', 320134, NULL, NULL, NULL, NULL),
(595, 'Edwina Hills', NULL, '1990-09-13', 'L', '', 'kaden78@example.net', 'Beatae quo qui incid', 3, '0', 320135, NULL, NULL, NULL, NULL),
(596, 'Darby Sporer', NULL, '1977-09-12', 'L', '', 'megane.hegmann@example.org', 'Culpa id distinctio ', 4, '0', 320136, NULL, NULL, NULL, NULL),
(597, 'Mrs. Maria Leuschke', NULL, '1984-02-29', 'L', '', 'medhurst.randy@example.net', 'Et consequatur in qu', 5, '0', 320137, NULL, NULL, NULL, NULL),
(598, 'Mrs. Joannie Tillman V', NULL, '1996-01-12', 'L', '', 'eziemann@example.org', 'Totam saepe ducimus ', 6, '0', 320138, NULL, NULL, NULL, NULL),
(599, 'Miss Marta Schmitt Jr.', NULL, '1984-09-01', 'L', '', 'pbradtke@example.com', 'Explicabo dolore ist', 7, '0', 320139, NULL, NULL, NULL, NULL),
(600, 'Prof. Eugene Kuhlman', NULL, '1989-08-18', 'L', '', 'marina00@example.net', 'Sint laborum ut dolo', 8, '0', 320140, NULL, NULL, NULL, NULL),
(601, 'Ayden Beer', NULL, '1972-10-29', 'L', '', 'kathlyn.gottlieb@example.net', 'Sit consequatur sunt', 1, '0', 320101, NULL, NULL, NULL, NULL),
(602, 'Ressie Wyman', NULL, '2007-10-23', 'P', '', 'predovic.valentine@example.org', 'Similique dolorum la', 2, '0', 320102, NULL, NULL, NULL, NULL),
(603, 'Frieda Wolf', NULL, '2004-11-20', 'L', '', 'gutmann.jabari@example.com', 'Similique cumque inv', 3, '0', 320103, NULL, NULL, NULL, NULL),
(604, 'Mr. Uriel Torp Jr.', NULL, '2021-08-14', 'L', '', 'preston.breitenberg@example.net', 'Sint quo neque sunt ', 4, '0', 320104, NULL, NULL, NULL, NULL),
(605, 'Dr. Marcelle Bayer MD', NULL, '1988-11-17', 'P', '', 'pjones@example.com', 'Molestias enim error', 5, '0', 320105, NULL, NULL, NULL, NULL),
(606, 'Mr. Rudolph Medhurst Jr.', NULL, '2006-12-31', 'L', '', 'kreichert@example.org', 'Quidem quia accusant', 6, '0', 320106, NULL, NULL, NULL, NULL),
(607, 'Sarah Kshlerin I', NULL, '1996-08-17', 'P', '', 'stroman.camylle@example.org', 'Temporibus ratione i', 7, '0', 320107, NULL, NULL, NULL, NULL),
(608, 'Elta Haag DVM', NULL, '2012-10-23', 'L', '', 'noble.cummerata@example.com', 'Optio vel quasi odio', 8, '0', 320108, NULL, NULL, NULL, NULL),
(609, 'Madge Von', NULL, '1974-11-18', 'L', '', 'lockman.hollie@example.org', 'Sed tenetur consequu', 1, '0', 320109, NULL, NULL, NULL, NULL),
(610, 'Nona Kunze IV', NULL, '1987-10-21', 'P', '', 'hhoeger@example.com', 'Voluptates commodi a', 2, '0', 320110, NULL, NULL, NULL, NULL),
(611, 'Cicero Turcotte', NULL, '1973-12-11', 'P', '', 'sherwood.mayer@example.com', 'Beatae temporibus ei', 3, '0', 320111, NULL, NULL, NULL, NULL),
(612, 'Ona Jacobson', NULL, '1996-02-03', 'L', '', 'mhermiston@example.org', 'Dolores et quis aper', 4, '0', 320112, NULL, NULL, NULL, NULL),
(613, 'Mr. Miles Rippin', NULL, '1983-10-25', 'L', '', 'meda.hettinger@example.org', 'Nobis aut sed quia n', 5, '0', 320113, NULL, NULL, NULL, NULL),
(614, 'Myrtle Kassulke', NULL, '2013-05-14', 'L', '', 'sipes.verdie@example.com', 'Hic atque et velit o', 6, '0', 320114, NULL, NULL, NULL, NULL),
(615, 'Rollin Yundt', NULL, '1996-04-01', 'L', '', 'senger.helmer@example.net', 'Consequuntur minima ', 7, '0', 320115, NULL, NULL, NULL, NULL),
(616, 'Gabriel Waters', NULL, '2016-09-14', 'P', '', 'jwalter@example.org', 'Officiis aliquam vol', 8, '0', 320116, NULL, NULL, NULL, NULL),
(617, 'Dave Grant Sr.', NULL, '1972-09-14', 'P', '', 'fdibbert@example.org', 'Porro recusandae off', 1, '0', 320117, NULL, NULL, NULL, NULL),
(618, 'Norene Waters', NULL, '2006-02-03', 'L', '', 'upton.judah@example.net', 'Odio enim esse corpo', 2, '0', 320118, NULL, NULL, NULL, NULL),
(619, 'Trystan Dickens Sr.', NULL, '2000-02-18', 'P', '', 'mohamed52@example.net', 'Rerum commodi incidu', 3, '0', 320119, NULL, NULL, NULL, NULL),
(620, 'Chadrick Dietrich DDS', NULL, '2001-01-01', 'P', '', 'mireille95@example.org', 'Dolor quia molestiae', 4, '0', 320120, NULL, NULL, NULL, NULL),
(621, 'Angie Okuneva', NULL, '1984-05-22', 'P', '', 'will.charity@example.org', 'Ducimus dolores eius', 5, '0', 320121, NULL, NULL, NULL, NULL),
(622, 'Dr. Ottilie Moore', NULL, '2002-02-28', 'P', '', 'stark.camden@example.org', 'Ea ut excepturi labo', 6, '0', 320122, NULL, NULL, NULL, NULL),
(623, 'Ms. Naomie Johnston IV', NULL, '2017-10-01', 'P', '', 'ubaldo.runte@example.net', 'Expedita et at digni', 7, '0', 320123, NULL, NULL, NULL, NULL),
(624, 'Miss Carley Roberts', NULL, '1974-10-12', 'P', '', 'wmitchell@example.org', 'Esse praesentium et ', 8, '0', 320124, NULL, NULL, NULL, NULL),
(625, 'Ryleigh Walker', NULL, '2022-01-24', 'L', '', 'rempel.etha@example.com', 'Sunt officiis asperi', 1, '0', 320125, NULL, NULL, NULL, NULL),
(626, 'Barry Homenick', NULL, '1982-02-07', 'P', '', 'xfranecki@example.com', 'Et doloribus et aliq', 2, '0', 320126, NULL, NULL, NULL, NULL),
(627, 'Harley Kuhn', NULL, '2000-09-01', 'L', '', 'easter.schaden@example.net', 'Sed maxime laborum n', 3, '0', 320127, NULL, NULL, NULL, NULL),
(628, 'Ocie Bogan', NULL, '2012-02-29', 'P', '', 'simonis.marcella@example.org', 'Tenetur sit culpa et', 4, '0', 320128, NULL, NULL, NULL, NULL),
(629, 'Vernon Reichert', NULL, '2011-01-16', 'L', '', 'predovic.devan@example.org', 'Et voluptatum verita', 5, '0', 320129, NULL, NULL, NULL, NULL),
(630, 'Augusta Grimes Sr.', NULL, '1971-09-29', 'P', '', 'dkovacek@example.net', 'Consequuntur quaerat', 6, '0', 320130, NULL, NULL, NULL, NULL),
(631, 'Berniece Goodwin', NULL, '1990-10-04', 'P', '', 'weimann.griffin@example.com', 'Quas magnam eum rati', 7, '0', 320131, NULL, NULL, NULL, NULL),
(632, 'Matilda Kiehn', NULL, '1973-02-14', 'P', '', 'kallie.block@example.net', 'Non voluptatum sit e', 8, '0', 320132, NULL, NULL, NULL, NULL),
(633, 'Dr. Lucious Prosacco', NULL, '1990-11-24', 'L', '', 'ben89@example.org', 'Qui dignissimos prae', 1, '0', 320133, NULL, NULL, NULL, NULL),
(634, 'Sandrine Kessler', NULL, '2002-06-06', 'P', '', 'roslyn.hirthe@example.net', 'Doloremque eos id si', 2, '0', 320134, NULL, NULL, NULL, NULL),
(635, 'Dr. Jamaal Blick V', NULL, '2013-05-21', 'P', '', 'pgusikowski@example.org', 'Sunt numquam soluta ', 3, '0', 320135, NULL, NULL, NULL, NULL),
(636, 'Prof. Shad Orn', NULL, '1973-12-29', 'L', '', 'etha.paucek@example.net', 'Occaecati minus sit ', 4, '0', 320136, NULL, NULL, NULL, NULL),
(637, 'Gilbert Fahey', NULL, '1995-12-31', 'L', '', 'toy.gayle@example.org', 'Voluptatem repellat ', 5, '0', 320137, NULL, NULL, NULL, NULL),
(638, 'Marcos Pouros', NULL, '2018-05-24', 'L', '', 'darron.daniel@example.com', 'Rerum molestiae quo ', 6, '0', 320138, NULL, NULL, NULL, NULL),
(639, 'Destin Wolf', NULL, '1970-07-10', 'P', '', 'wvolkman@example.net', 'Sed inventore rerum ', 7, '0', 320139, NULL, NULL, NULL, NULL),
(640, 'Ms. Deanna Heathcote III', NULL, '2017-10-12', 'L', '', 'petra.schinner@example.net', 'Fugiat quae voluptat', 8, '0', 320140, NULL, NULL, NULL, NULL),
(641, 'Wilson VonRueden', NULL, '2017-12-11', 'L', '', 'hailie93@example.com', 'Minima aut sed conse', 1, '0', 320101, NULL, NULL, NULL, NULL),
(642, 'Mr. Wilson Keebler', NULL, '1983-11-14', 'P', '', 'mwyman@example.net', 'Adipisci et reiciend', 2, '0', 320102, NULL, NULL, NULL, NULL),
(643, 'Joana Torphy', NULL, '2012-02-06', 'L', '', 'zcummings@example.com', 'Nostrum reprehenderi', 3, '0', 320103, NULL, NULL, NULL, NULL),
(644, 'Sasha Upton', NULL, '1971-06-21', 'L', '', 'schumm.charles@example.com', 'Deleniti sit cum et ', 4, '0', 320104, NULL, NULL, NULL, NULL),
(645, 'Noemy Rempel', NULL, '1983-04-01', 'L', '', 'vwaters@example.org', 'Et ut sunt quaerat a', 5, '0', 320105, NULL, NULL, NULL, NULL),
(646, 'Yolanda Morar MD', NULL, '2014-01-20', 'L', '', 'keagan.wyman@example.com', 'Qui quis magni digni', 6, '0', 320106, NULL, NULL, NULL, NULL),
(647, 'Ron Gutmann', NULL, '1978-07-19', 'L', '', 'jamal.schuster@example.net', 'Cum reprehenderit si', 7, '0', 320107, NULL, NULL, NULL, NULL),
(648, 'Kenyatta Kohler', NULL, '1988-01-08', 'L', '', 'cloyd91@example.com', 'Repudiandae ut moles', 8, '0', 320108, NULL, NULL, NULL, NULL),
(649, 'Vella Upton', NULL, '2018-09-20', 'L', '', 'angelina89@example.com', 'Ut quas illum volupt', 1, '0', 320109, NULL, NULL, NULL, NULL),
(650, 'Idell Strosin', NULL, '1986-10-02', 'L', '', 'kmcdermott@example.org', 'Sunt sed molestias d', 2, '0', 320110, NULL, NULL, NULL, NULL),
(651, 'Carleton Cassin', NULL, '2012-08-19', 'L', '', 'denesik.bessie@example.org', 'In fugiat maiores om', 3, '0', 320111, NULL, NULL, NULL, NULL),
(652, 'Angelina Jacobs', NULL, '1999-07-20', 'P', '', 'kirlin.sabrina@example.org', 'Unde corrupti suscip', 4, '0', 320112, NULL, NULL, NULL, NULL),
(653, 'Ms. Loyce Schulist', NULL, '1999-06-09', 'L', '', 'muriel58@example.org', 'Consequatur ut ab id', 5, '0', 320113, NULL, NULL, NULL, NULL),
(654, 'Prof. Jasmin Renner Jr.', NULL, '2016-03-19', 'L', '', 'schroeder.cleo@example.com', 'Maiores fugit repreh', 6, '0', 320114, NULL, NULL, NULL, NULL),
(655, 'Layne Mueller I', NULL, '2017-10-14', 'L', '', 'dkohler@example.net', 'Temporibus architect', 7, '0', 320115, NULL, NULL, NULL, NULL),
(656, 'Una Cruickshank', NULL, '2021-08-31', 'L', '', 'tstanton@example.net', 'Dignissimos dicta qu', 8, '0', 320116, NULL, NULL, NULL, NULL),
(657, 'Rozella Bayer', NULL, '1978-10-09', 'P', '', 'ikovacek@example.net', 'Nihil aut alias accu', 1, '0', 320117, NULL, NULL, NULL, NULL),
(658, 'Izabella Batz', NULL, '1971-08-27', 'L', '', 'collins.milo@example.org', 'Laudantium debitis v', 2, '0', 320118, NULL, NULL, NULL, NULL),
(659, 'Freddie Towne', NULL, '1977-08-20', 'L', '', 'bbergnaum@example.net', 'Sunt dolores amet fu', 3, '0', 320119, NULL, NULL, NULL, NULL),
(660, 'Micaela Bayer', NULL, '1982-08-15', 'P', '', 'ibalistreri@example.org', 'Quia iste animi mole', 4, '0', 320120, NULL, NULL, NULL, NULL),
(661, 'Camron Mueller', NULL, '1985-01-30', 'P', '', 'lebsack.jaiden@example.org', 'Iusto neque quae cor', 5, '0', 320121, NULL, NULL, NULL, NULL),
(662, 'Dr. Elijah Gleichner DVM', NULL, '1986-12-13', 'P', '', 'terry.laurel@example.com', 'Voluptatem omnis et ', 6, '0', 320122, NULL, NULL, NULL, NULL),
(663, 'Miss Alexandrine Hettinger', NULL, '1972-12-25', 'P', '', 'roberta42@example.org', 'Sed aut fugit saepe ', 7, '0', 320123, NULL, NULL, NULL, NULL),
(664, 'Vida Zieme', NULL, '1977-09-29', 'P', '', 'herman.kale@example.net', 'Esse nihil commodi a', 8, '0', 320124, NULL, NULL, NULL, NULL),
(665, 'Brennan Beatty', NULL, '1987-12-19', 'P', '', 'tiana30@example.org', 'Vitae id repellendus', 1, '0', 320125, NULL, NULL, NULL, NULL),
(666, 'Reynold Mante', NULL, '2007-10-03', 'L', '', 'myrtle.stamm@example.net', 'Quisquam voluptas re', 2, '0', 320126, NULL, NULL, NULL, NULL),
(667, 'Hubert Wisoky', NULL, '2001-07-23', 'L', '', 'bergstrom.natalia@example.net', 'Ipsam totam nesciunt', 3, '0', 320127, NULL, NULL, NULL, NULL),
(668, 'Mr. Darian Mayert', NULL, '2005-09-21', 'P', '', 'owehner@example.net', 'Eos veniam nesciunt ', 4, '0', 320128, NULL, NULL, NULL, NULL),
(669, 'Dr. Ayden Tillman', NULL, '1979-11-20', 'P', '', 'acollins@example.org', 'Consequatur non nam ', 5, '0', 320129, NULL, NULL, NULL, NULL),
(670, 'Andrew Corwin', NULL, '2000-09-20', 'L', '', 'trace.west@example.org', 'Omnis fuga dolorem q', 6, '0', 320130, NULL, NULL, NULL, NULL),
(671, 'Alfonso Douglas PhD', NULL, '1987-07-02', 'P', '', 'gordon32@example.net', 'Adipisci minus recus', 7, '0', 320131, NULL, NULL, NULL, NULL),
(672, 'Israel D\'Amore', NULL, '2020-10-04', 'P', '', 'rfadel@example.net', 'Saepe molestiae inci', 8, '0', 320132, NULL, NULL, NULL, NULL),
(673, 'Haleigh Rolfson', NULL, '2011-09-06', 'L', '', 'moen.henderson@example.org', 'Dicta necessitatibus', 1, '0', 320133, NULL, NULL, NULL, NULL),
(674, 'Sadie Strosin', NULL, '1991-01-23', 'L', '', 'schimmel.melyssa@example.com', 'Voluptas voluptas al', 2, '0', 320134, NULL, NULL, NULL, NULL),
(675, 'Dr. Guy Bode V', NULL, '1971-09-09', 'L', '', 'sstanton@example.com', 'Fugit et quae except', 3, '0', 320135, NULL, NULL, NULL, NULL),
(676, 'Carissa Krajcik Jr.', NULL, '1988-05-21', 'P', '', 'evangeline.watsica@example.com', 'Neque quasi et cum e', 4, '0', 320136, NULL, NULL, NULL, NULL),
(677, 'Camden Block DDS', NULL, '1982-07-17', 'L', '', 'wisozk.nicklaus@example.com', 'Aut nobis ea aliquam', 5, '0', 320137, NULL, NULL, NULL, NULL),
(678, 'Miss Addie Oberbrunner MD', NULL, '2015-06-17', 'L', '', 'magdalen.abshire@example.com', 'Illo totam est provi', 6, '0', 320138, NULL, NULL, NULL, NULL),
(679, 'Tobin Dickinson', NULL, '2008-09-26', 'P', '', 'itillman@example.net', 'Eius et quis repudia', 7, '0', 320139, NULL, NULL, NULL, NULL),
(680, 'Earnestine Leuschke', NULL, '1970-02-22', 'P', '', 'nannie32@example.net', 'Eum totam repellendu', 8, '0', 320140, NULL, NULL, NULL, NULL),
(681, 'Shania Eichmann', NULL, '1999-02-15', 'P', '', 'jcarroll@example.net', 'Explicabo omnis quia', 1, '0', 320101, NULL, NULL, NULL, NULL),
(682, 'Serena Yost', NULL, '1982-06-13', 'L', '', 'kkrajcik@example.com', 'Rerum assumenda et p', 2, '0', 320102, NULL, NULL, NULL, NULL),
(683, 'Anthony Zulauf', NULL, '2001-03-27', 'P', '', 'ryan.emmy@example.com', 'Cum ratione consequa', 3, '0', 320103, NULL, NULL, NULL, NULL),
(684, 'Leonora Volkman', NULL, '2005-07-11', 'P', '', 'margie81@example.org', 'Minima voluptas volu', 4, '0', 320104, NULL, NULL, NULL, NULL),
(685, 'Dr. Lindsey Schultz I', NULL, '1991-09-30', 'P', '', 'phickle@example.com', 'Ut atque reiciendis ', 5, '0', 320105, NULL, NULL, NULL, NULL),
(686, 'Lupe Reinger Jr.', NULL, '1990-08-30', 'L', '', 'white.gene@example.com', 'Iusto facere quia cu', 6, '0', 320106, NULL, NULL, NULL, NULL),
(687, 'Eliseo Gulgowski', NULL, '2016-12-05', 'P', '', 'guadalupe.mckenzie@example.net', 'In pariatur sint exc', 7, '0', 320107, NULL, NULL, NULL, NULL),
(688, 'Heloise Pacocha DVM', NULL, '1978-05-17', 'L', '', 'christy.boehm@example.org', 'Eaque vel in non mol', 8, '0', 320108, NULL, NULL, NULL, NULL);
INSERT INTO `inovator` (`id_inovator`, `nama_inovator`, `nik`, `tgl_lahir`, `jenis_kelamin`, `alamat`, `email`, `no_telp`, `id_kategori_inovator`, `id_instansi`, `id_kecamatan`, `id_desa`, `latitude`, `longitude`, `id_akun`) VALUES
(689, 'Dusty Hilpert', NULL, '1972-03-08', 'P', '', 'toy.aurelio@example.com', 'Et debitis dolores r', 1, '0', 320109, NULL, NULL, NULL, NULL),
(690, 'Sherman Johns', NULL, '1992-07-01', 'P', '', 'guadalupe.nienow@example.net', 'Aliquid dolor amet p', 2, '0', 320110, NULL, NULL, NULL, NULL),
(691, 'Nedra Batz', NULL, '2017-07-03', 'L', '', 'acole@example.com', 'Aut dolores a sed eu', 3, '0', 320111, NULL, NULL, NULL, NULL),
(692, 'Christop Franecki', NULL, '1982-09-16', 'L', '', 'jhand@example.org', 'Porro fugit molestia', 4, '0', 320112, NULL, NULL, NULL, NULL),
(693, 'Mrs. Nannie Shanahan DDS', NULL, '2001-07-11', 'P', '', 'fritz81@example.net', 'Maiores facilis itaq', 5, '0', 320113, NULL, NULL, NULL, NULL),
(694, 'Giuseppe Hoeger', NULL, '1996-08-04', 'P', '', 'jayda.kuhlman@example.org', 'Doloremque qui occae', 6, '0', 320114, NULL, NULL, NULL, NULL),
(695, 'Philip Spencer II', NULL, '2002-04-18', 'P', '', 'utromp@example.net', 'Culpa consequuntur p', 7, '0', 320115, NULL, NULL, NULL, NULL),
(696, 'Zachary Rolfson', NULL, '1989-07-27', 'P', '', 'abbott.clarissa@example.org', 'Illo voluptatem quis', 8, '0', 320116, NULL, NULL, NULL, NULL),
(697, 'Nils Weimann V', NULL, '1986-08-14', 'L', '', 'bgreen@example.net', 'Minima voluptatibus ', 1, '0', 320117, NULL, NULL, NULL, NULL),
(698, 'Sylvia Huel', NULL, '2013-05-15', 'L', '', 'eileen13@example.org', 'Quasi maxime asperio', 2, '0', 320118, NULL, NULL, NULL, NULL),
(699, 'Linda Pacocha', NULL, '2020-12-02', 'P', '', 'williamson.coty@example.org', 'Qui alias maxime odi', 3, '0', 320119, NULL, NULL, NULL, NULL),
(700, 'Prof. August Shields', NULL, '1982-04-19', 'P', '', 'wgreenfelder@example.net', 'Commodi quia aut aut', 4, '0', 320120, NULL, NULL, NULL, NULL),
(701, 'Destany Gaylord', NULL, '2020-12-02', 'L', '', 'yglover@example.net', 'Quas error omnis aut', 5, '0', 320121, NULL, NULL, NULL, NULL),
(702, 'Elliot Connelly', NULL, '1995-12-16', 'L', '', 'cali57@example.net', 'Veritatis quos venia', 6, '0', 320122, NULL, NULL, NULL, NULL),
(703, 'Mr. Greg Shanahan', NULL, '1993-09-14', 'L', '', 'charles39@example.org', 'Nulla doloremque qua', 7, '0', 320123, NULL, NULL, NULL, NULL),
(704, 'Dr. Carroll Terry', NULL, '2012-08-14', 'P', '', 'elmira19@example.org', 'Itaque autem ipsum v', 8, '0', 320124, NULL, NULL, NULL, NULL),
(705, 'Nora Erdman', NULL, '1991-06-28', 'L', '', 'olen.erdman@example.org', 'Odit quas quisquam q', 1, '0', 320125, NULL, NULL, NULL, NULL),
(706, 'Rosalee Wolf DDS', NULL, '1997-02-09', 'L', '', 'jzieme@example.org', 'Rerum necessitatibus', 2, '0', 320126, NULL, NULL, NULL, NULL),
(707, 'Alphonso Lakin DDS', NULL, '1973-06-13', 'L', '', 'bernita.carroll@example.com', 'Accusantium aut corp', 3, '0', 320127, NULL, NULL, NULL, NULL),
(708, 'Prof. Aurore Dickinson', NULL, '2021-05-14', 'L', '', 'elakin@example.com', 'Officia numquam laud', 4, '0', 320128, NULL, NULL, NULL, NULL),
(709, 'Waino Cormier', NULL, '1976-03-29', 'P', '', 'bailey88@example.org', 'Rem ut omnis qui eum', 5, '0', 320129, NULL, NULL, NULL, NULL),
(710, 'Antonette Carter', NULL, '1975-10-01', 'P', '', 'metz.cornelius@example.net', 'Magnam enim impedit ', 6, '0', 320130, NULL, NULL, NULL, NULL),
(711, 'Dr. Irving Hamill PhD', NULL, '1981-07-23', 'P', '', 'wuckert.clement@example.net', 'Quibusdam aut except', 7, '0', 320131, NULL, NULL, NULL, NULL),
(712, 'Jairo Sauer III', NULL, '1996-02-23', 'L', '', 'javonte60@example.org', 'Sapiente et iusto of', 8, '0', 320132, NULL, NULL, NULL, NULL),
(713, 'Luella Hermann', NULL, '2012-08-03', 'L', '', 'jacobs.owen@example.net', 'Laboriosam et non qu', 1, '0', 320133, NULL, NULL, NULL, NULL),
(714, 'Jaylan Labadie', NULL, '1975-11-12', 'P', '', 'lowe.pearl@example.org', 'Impedit id est volup', 2, '0', 320134, NULL, NULL, NULL, NULL),
(715, 'Esmeralda McGlynn', NULL, '1994-08-31', 'P', '', 'keebler.deron@example.org', 'Est non enim dolorem', 3, '0', 320135, NULL, NULL, NULL, NULL),
(716, 'Camila Hodkiewicz', NULL, '2017-11-25', 'L', '', 'esta22@example.com', 'Et ducimus dolores p', 4, '0', 320136, NULL, NULL, NULL, NULL),
(717, 'Mr. Rhiannon Prosacco DDS', NULL, '2004-02-25', 'L', '', 'stoltenberg.marisa@example.org', 'Placeat delectus nis', 5, '0', 320137, NULL, NULL, NULL, NULL),
(718, 'Dr. Laurine Beer IV', NULL, '2007-06-12', 'P', '', 'clark65@example.net', 'Deserunt ad est maxi', 6, '0', 320138, NULL, NULL, NULL, NULL),
(719, 'Creola Gutmann', NULL, '1970-03-23', 'P', '', 'trogahn@example.org', 'Vitae dolorem enim v', 7, '0', 320139, NULL, NULL, NULL, NULL),
(720, 'Alexandrea Murphy', NULL, '2012-03-19', 'P', '', 'carter.giovanna@example.com', 'Laboriosam labore do', 8, '0', 320140, NULL, NULL, NULL, NULL),
(721, 'Mrs. Chloe Lindgren', NULL, '2012-01-18', 'L', '', 'catherine.bogan@example.com', 'Earum qui tempora to', 1, '0', 320101, NULL, NULL, NULL, NULL),
(722, 'Ephraim Brakus', NULL, '1999-04-11', 'L', '', 'bernie.fahey@example.net', 'Nisi sunt deserunt q', 2, '0', 320102, NULL, NULL, NULL, NULL),
(723, 'Napoleon Harber', NULL, '2001-09-18', 'P', '', 'mallory.kshlerin@example.com', 'Dicta et asperiores ', 3, '0', 320103, NULL, NULL, NULL, NULL),
(724, 'Ms. Teresa Emmerich MD', NULL, '1994-08-30', 'P', '', 'kuhlman.keagan@example.com', 'Et non ullam ut tota', 4, '0', 320104, NULL, NULL, NULL, NULL),
(725, 'Edwardo Kemmer', NULL, '2005-10-02', 'P', '', 'adolph14@example.net', 'Iste omnis amet sed ', 5, '0', 320105, NULL, NULL, NULL, NULL),
(726, 'Mr. Clyde Hansen', NULL, '1973-03-11', 'L', '', 'vtorp@example.net', 'Quam voluptatem vero', 6, '0', 320106, NULL, NULL, NULL, NULL),
(727, 'Javier Smitham', NULL, '2007-01-24', 'L', '', 'abode@example.org', 'Minus laboriosam ea ', 7, '0', 320107, NULL, NULL, NULL, NULL),
(728, 'Dr. Leatha Weimann', NULL, '2014-01-12', 'P', '', 'hermann.nathanael@example.net', 'Est impedit ratione ', 8, '0', 320108, NULL, NULL, NULL, NULL),
(729, 'Dr. Marge West DDS', NULL, '1971-12-16', 'P', '', 'hessel.annabel@example.com', 'Atque quos nihil rer', 1, '0', 320109, NULL, NULL, NULL, NULL),
(730, 'Maxime Marvin', NULL, '1977-11-06', 'P', '', 'eudora03@example.net', 'Saepe est veniam ips', 2, '0', 320110, NULL, NULL, NULL, NULL),
(731, 'Miss Karli Feil', NULL, '1987-07-03', 'P', '', 'berniece.kemmer@example.org', 'Omnis iure voluptatu', 3, '0', 320111, NULL, NULL, NULL, NULL),
(732, 'Prof. Marcellus Dicki Jr.', NULL, '2018-09-12', 'L', '', 'gwen00@example.net', 'Provident maxime lab', 4, '0', 320112, NULL, NULL, NULL, NULL),
(733, 'Gia Heller Sr.', NULL, '2011-02-11', 'P', '', 'nflatley@example.net', 'Libero hic commodi q', 5, '0', 320113, NULL, NULL, NULL, NULL),
(734, 'Aurelie Swaniawski', NULL, '2019-01-26', 'L', '', 'volkman.jaylin@example.net', 'Alias aliquid error ', 6, '0', 320114, NULL, NULL, NULL, NULL),
(735, 'Mariam McClure', NULL, '2004-02-23', 'L', '', 'nwilderman@example.net', 'Odit hic tempore qua', 7, '0', 320115, NULL, NULL, NULL, NULL),
(736, 'Aric Kuphal', NULL, '1977-05-04', 'L', '', 'borer.yadira@example.net', 'Voluptates dolor sim', 8, '0', 320116, NULL, NULL, NULL, NULL),
(737, 'Alana Hudson DDS', NULL, '2005-09-23', 'L', '', 'ressie84@example.net', 'Molestiae officia es', 1, '0', 320117, NULL, NULL, NULL, NULL),
(738, 'Maximus Ritchie', NULL, '1990-08-01', 'P', '', 'leone28@example.org', 'Et voluptatibus aliq', 2, '0', 320118, NULL, NULL, NULL, NULL),
(739, 'Enrico Gleichner', NULL, '1993-06-03', 'L', '', 'nelda91@example.org', 'Doloribus sapiente a', 3, '0', 320119, NULL, NULL, NULL, NULL),
(740, 'Prof. Shannon Labadie II', NULL, '2012-02-22', 'L', '', 'rose23@example.com', 'Porro ipsam ut aliqu', 4, '0', 320120, NULL, NULL, NULL, NULL),
(741, 'Elaina Koss', NULL, '1997-02-05', 'L', '', 'jeffry83@example.com', 'Quam aperiam aut lau', 5, '0', 320121, NULL, NULL, NULL, NULL),
(742, 'Dr. Callie Russel Jr.', NULL, '1999-08-26', 'P', '', 'montana.kunde@example.net', 'Maiores et quibusdam', 6, '0', 320122, NULL, NULL, NULL, NULL),
(743, 'Prof. Beryl Lemke V', NULL, '1973-01-08', 'L', '', 'jovanny10@example.net', 'Inventore ex laborum', 7, '0', 320123, NULL, NULL, NULL, NULL),
(744, 'Providenci Altenwerth', NULL, '1997-05-04', 'P', '', 'pturcotte@example.org', 'Est quasi rem alias ', 8, '0', 320124, NULL, NULL, NULL, NULL),
(745, 'Edwardo Jaskolski', NULL, '1990-09-13', 'L', '', 'raleigh.klein@example.com', 'Repudiandae assumend', 1, '0', 320125, NULL, NULL, NULL, NULL),
(746, 'Dallin Daniel', NULL, '1979-03-18', 'L', '', 'nella49@example.org', 'Cumque exercitatione', 2, '0', 320126, NULL, NULL, NULL, NULL),
(747, 'Rita Frami', NULL, '2022-02-28', 'P', '', 'reese.cronin@example.org', 'Id distinctio accusa', 3, '0', 320127, NULL, NULL, NULL, NULL),
(748, 'Elwin Daugherty II', NULL, '1981-01-30', 'P', '', 'iva.auer@example.org', 'Cum in est et omnis.', 4, '0', 320128, NULL, NULL, NULL, NULL),
(749, 'Trace Feest', NULL, '1970-01-25', 'P', '', 'aliyah51@example.net', 'Sed alias omnis sit.', 5, '0', 320129, NULL, NULL, NULL, NULL),
(750, 'Miss Hannah Marks', NULL, '1993-05-08', 'L', '', 'ogoldner@example.com', 'Quo voluptate ipsam ', 6, '0', 320130, NULL, NULL, NULL, NULL),
(751, 'Luther Schuster', NULL, '2008-03-20', 'P', '', 'lillian.spencer@example.com', 'Quis perferendis exc', 7, '0', 320131, NULL, NULL, NULL, NULL),
(752, 'Mr. Jorge Luettgen II', NULL, '2001-06-20', 'L', '', 'llubowitz@example.net', 'Culpa molestiae ut i', 8, '0', 320132, NULL, NULL, NULL, NULL),
(753, 'Joy Walsh', NULL, '2001-02-27', 'L', '', 'cesar21@example.org', 'Soluta aliquid exped', 1, '0', 320133, NULL, NULL, NULL, NULL),
(754, 'Fernando Romaguera MD', NULL, '1972-01-18', 'L', '', 'sstamm@example.org', 'Doloribus voluptatem', 2, '0', 320134, NULL, NULL, NULL, NULL),
(755, 'Dedric Boyer', NULL, '2011-02-11', 'P', '', 'devin02@example.net', 'Perspiciatis corrupt', 3, '0', 320135, NULL, NULL, NULL, NULL);

-- --------------------------------------------------------

--
-- Struktur dari tabel `instansi`
--

CREATE TABLE `instansi` (
  `id_instansi` int(11) NOT NULL,
  `nama_instansi` varchar(100) NOT NULL,
  `email_instansi` varchar(100) NOT NULL,
  `alamat_instansi` text NOT NULL,
  `no_telp_instansi` varchar(20) NOT NULL
) ENGINE=InnoDB DEFAULT CHARSET=utf8mb4;

--
-- Dumping data untuk tabel `instansi`
--

INSERT INTO `instansi` (`id_instansi`, `nama_instansi`, `email_instansi`, `alamat_instansi`, `no_telp_instansi`) VALUES
(1, 'uika', 'uika@gmail.com', 'samping jalan', '000000'),
(2, 'sma pluto', 'pluto@gmail.com', 'angkasa', '039320');

-- --------------------------------------------------------

--
-- Struktur dari tabel `kategori_inovator`
--

CREATE TABLE `kategori_inovator` (
  `id_kategori_inovator` int(4) NOT NULL,
  `nama_kategori_inovator` varchar(50) NOT NULL
) ENGINE=InnoDB DEFAULT CHARSET=utf8mb4;

--
-- Dumping data untuk tabel `kategori_inovator`
--

INSERT INTO `kategori_inovator` (`id_kategori_inovator`, `nama_kategori_inovator`) VALUES
(1, 'Mahasiswa'),
(2, 'SMP'),
(3, 'SMA/SMK'),
(4, 'Dosen Peneliti'),
(5, 'Desa/Kelurahan'),
(6, 'Kecamatan'),
(7, 'Perangkat Desa'),
(8, 'Masyarakat Umum');

-- --------------------------------------------------------

--
-- Struktur dari tabel `kecamatan`
--

CREATE TABLE `kecamatan` (
  `id_kecamatan` int(4) NOT NULL,
  `nama_kecamatan` varchar(30) NOT NULL
) ENGINE=InnoDB DEFAULT CHARSET=utf8mb4;

--
-- Dumping data untuk tabel `kecamatan`
--

INSERT INTO `kecamatan` (`id_kecamatan`, `nama_kecamatan`) VALUES
(1, 'GUNUNGPUTRI '),
(2, 'CITEUREUP'),
(3, 'CIAMPEA'),
(4, 'SUKARAJA'),
(5, 'BABAKAN MADANG'),
(6, 'JONGGOL'),
(7, 'CILEUNGSI'),
(8, 'CARIU'),
(9, 'SUKAMAKMUR'),
(10, 'PARUNG'),
(11, 'GUNUNGSINDUR'),
(12, 'KEMANG'),
(13, 'BOJONGGDE'),
(14, 'LEUWILIANG'),
(15, 'CIBUNGBULANG'),
(16, 'PAMIJAHAN'),
(17, 'RUMPIN'),
(18, 'JASINGA'),
(19, 'PARUNGPANJANG'),
(20, 'NANGGUNG'),
(21, 'CIGUDEG'),
(22, 'TENJO'),
(23, 'CIAWI'),
(24, 'CISARUA'),
(25, 'MEGAMENDUNG'),
(26, 'CARINGIN'),
(27, 'CIJERUK'),
(28, 'CIOMAS'),
(29, 'DRAMAGA'),
(30, 'TAMANSARI'),
(31, 'KLAPANUNGGAL'),
(32, 'CISEENG'),
(33, 'RANCABUNGUR'),
(34, 'SUKAJAYA'),
(35, 'TANJUNGSARI'),
(36, 'TAJURHALANG'),
(37, 'CIGOMBONG'),
(38, 'LEUWISADENG'),
(39, 'TENJOLAYA'),
(40, 'CIBINONG');

-- --------------------------------------------------------

--
-- Struktur dari tabel `kode_aktivasi`
--

CREATE TABLE `kode_aktivasi` (
  `id_kode_aktivasi` int(11) NOT NULL,
  `id_akun` int(11) NOT NULL,
  `token` varchar(200) NOT NULL,
  `email` varchar(100) NOT NULL,
  `waktu` int(11) NOT NULL
) ENGINE=InnoDB DEFAULT CHARSET=utf8mb4;

-- --------------------------------------------------------

--
-- Struktur dari tabel `tb_desa`
--

CREATE TABLE `tb_desa` (
  `id_desa` char(13) NOT NULL,
  `id_kecamatan` char(8) NOT NULL,
  `nama_desa` varchar(255) NOT NULL
) ENGINE=InnoDB DEFAULT CHARSET=latin1;

--
-- Dumping data untuk tabel `tb_desa`
--

INSERT INTO `tb_desa` (`id_desa`, `id_kecamatan`, `nama_desa`) VALUES
('3201011001', '320101', 'Pondok Rajeg'),
('3201011002', '320101', 'Karadenan'),
('3201011003', '320101', 'Harapanjaya'),
('3201011004', '320101', 'Nanggewer'),
('3201011005', '320101', 'Nanggewer Mekar'),
('3201011006', '320101', 'Cibinong'),
('3201011007', '320101', 'Pakansari'),
('3201011008', '320101', 'Tengah'),
('3201011009', '320101', 'Sukahati'),
('3201011010', '320101', 'Ciriung'),
('3201011011', '320101', 'Cirimekar'),
('3201011012', '320101', 'Pabuaran'),
('3201011013', '320101', 'Pabuaran Mekar'),
('3201022001', '320102', 'Wanaherang'),
('3201022002', '320102', 'Bojong Kulur'),
('3201022003', '320102', 'Ciangsana'),
('3201022004', '320102', 'Gunung Putri'),
('3201022005', '320102', 'Bojong Nangka'),
('3201022006', '320102', 'Tlajung Udik'),
('3201022007', '320102', 'Cicadas'),
('3201022008', '320102', 'Cikeas Udik'),
('3201022009', '320102', 'Nagrak'),
('3201022010', '320102', 'Karanggan'),
('3201031006', '320103', 'Puspanegara'),
('3201031007', '320103', 'Karang Asem Barat'),
('3201032001', '320103', 'Puspasari'),
('3201032002', '320103', 'Citeureup'),
('3201032003', '320103', 'Leuwinutug'),
('3201032004', '320103', 'Tajur'),
('3201032005', '320103', 'Sanja'),
('3201032008', '320103', 'Karang Asem Timur'),
('3201032009', '320103', 'Tarikolot'),
('3201032010', '320103', 'Gunungsari'),
('3201032011', '320103', 'Tangkil'),
('3201032012', '320103', 'Sukahati'),
('3201032013', '320103', 'Hambalang'),
('3201032014', '320103', 'Pasirmukti'),
('3201042001', '320104', 'Gununggeulis'),
('3201042002', '320104', 'Cilebut Timur'),
('3201042003', '320104', 'Cilebut Barat'),
('3201042004', '320104', 'Cibanon'),
('3201042005', '320104', 'Nagrak'),
('3201042006', '320104', 'Sukatani'),
('3201042007', '320104', 'Sukaraja'),
('3201042008', '320104', 'Cikeas'),
('3201042009', '320104', 'Pasir Jambu'),
('3201042010', '320104', 'Cimandala'),
('3201042011', '320104', 'Cijujung'),
('3201042012', '320104', 'Cadasngampar'),
('3201042013', '320104', 'Pasirlaja'),
('3201052001', '320105', 'Cijayanti'),
('3201052002', '320105', 'Sumurbatu'),
('3201052003', '320105', 'Sentul'),
('3201052004', '320105', 'Karangtengah'),
('3201052005', '320105', 'Cipambuan'),
('3201052006', '320105', 'Kadumanggu'),
('3201052007', '320105', 'Citaringgul'),
('3201052008', '320105', 'Babakan Madang'),
('3201052009', '320105', 'Bojong Koneng'),
('3201062001', '320106', 'Sukamaju'),
('3201062002', '320106', 'Sirnagalih'),
('3201062003', '320106', 'Singajaya'),
('3201062004', '320106', 'Sukasirna'),
('3201062005', '320106', 'Sukanegara'),
('3201062006', '320106', 'Sukamanah'),
('3201062007', '320106', 'Weninggalih'),
('3201062008', '320106', 'Cibodas'),
('3201062009', '320106', 'Jonggol'),
('3201062010', '320106', 'Bendungan'),
('3201062011', '320106', 'Singasari'),
('3201062012', '320106', 'Balekambang'),
('3201062013', '320106', 'Sukajaya'),
('3201062014', '320106', 'Sukagalih'),
('3201072001', '320107', 'Pasirangin'),
('3201072002', '320107', 'Mekarsari'),
('3201072003', '320107', 'Mampir'),
('3201072004', '320107', 'Dayeuh'),
('3201072005', '320107', 'Gandoang'),
('3201072006', '320107', 'Jatisari'),
('3201072007', '320107', 'Cileungsi Kidul'),
('3201072008', '320107', 'Cipeucang'),
('3201072009', '320107', 'Situsari'),
('3201072010', '320107', 'Cipenjo'),
('3201072011', '320107', 'Limusnunggal'),
('3201072012', '320107', 'Cileungsi'),
('3201082001', '320108', 'Karyamekar'),
('3201082002', '320108', 'Babakanraden'),
('3201082003', '320108', 'Cikutamahi'),
('3201082004', '320108', 'Kutamekar'),
('3201082005', '320108', 'Cariu'),
('3201082006', '320108', 'Mekarwangi'),
('3201082007', '320108', 'Bantarkuning'),
('3201082008', '320108', 'Sukajadi'),
('3201082009', '320108', 'Tegalpanjang'),
('3201082010', '320108', 'Cibatutiga'),
('3201092001', '320109', 'Wargajaya'),
('3201092002', '320109', 'Pabuaran'),
('3201092003', '320109', 'Sukadamai'),
('3201092004', '320109', 'Sukawangi'),
('3201092005', '320109', 'Cibadak'),
('3201092006', '320109', 'Sukaresmi'),
('3201092007', '320109', 'Sukamulya'),
('3201092008', '320109', 'Sukaharja'),
('3201092009', '320109', 'Sirnajaya'),
('3201092010', '320109', 'Sukamakmur'),
('3201102001', '320110', 'Parung'),
('3201102002', '320110', 'Iwul'),
('3201102003', '320110', 'Bojongsempu'),
('3201102004', '320110', 'Waru'),
('3201102005', '320110', 'Cogreg'),
('3201102006', '320110', 'Pamegarsari'),
('3201102007', '320110', 'Warujaya'),
('3201102008', '320110', 'Bojongindah'),
('3201102009', '320110', 'Jabonmekar'),
('3201112001', '320111', 'Cidokom'),
('3201112002', '320111', 'Padurenan'),
('3201112003', '320111', 'Pengasinan'),
('3201112004', '320111', 'Curug'),
('3201112005', '320111', 'Gunungsindur'),
('3201112006', '320111', 'Jampang'),
('3201112007', '320111', 'Cibadung'),
('3201112008', '320111', 'Cibinong'),
('3201112009', '320111', 'Rawakalong'),
('3201112010', '320111', 'Pabuaran'),
('3201121006', '320112', 'Atang Senjaya'),
('3201122001', '320112', 'Bojong'),
('3201122002', '320112', 'Parakanjaya'),
('3201122003', '320112', 'Kemang'),
('3201122004', '320112', 'Pabuaran'),
('3201122005', '320112', 'Semplak Barat'),
('3201122007', '320112', 'Jampang'),
('3201122008', '320112', 'Pondok Udik'),
('3201122009', '320112', 'Tegal'),
('3201131007', '320113', 'Pabuaran'),
('3201132001', '320113', 'Bojongbaru'),
('3201132002', '320113', 'Cimanggis'),
('3201132003', '320113', 'Susukan'),
('3201132004', '320113', 'Ragajaya'),
('3201132005', '320113', 'Kedungwaringin'),
('3201132006', '320113', 'Waringinjaya'),
('3201132008', '320113', 'Rawapanjang'),
('3201132009', '320113', 'Bojonggede'),
('3201142001', '320114', 'Leuwiliang'),
('3201142002', '320114', 'Purasari'),
('3201142003', '320114', 'Karyasari'),
('3201142004', '320114', 'Pabangbon'),
('3201142005', '320114', 'Karacak'),
('3201142006', '320114', 'Barengkok'),
('3201142007', '320114', 'Leuwimekar'),
('3201142008', '320114', 'Puraseda'),
('3201142009', '320114', 'Cibeber I'),
('3201142010', '320114', 'Cibeber II'),
('3201142011', '320114', 'Karehkel'),
('3201152001', '320115', 'Ciampea'),
('3201152002', '320115', 'Cinangka'),
('3201152003', '320115', 'Cihideungudik'),
('3201152004', '320115', 'Bojongjengkol'),
('3201152005', '320115', 'Tegalwaru'),
('3201152006', '320115', 'Cibuntu'),
('3201152007', '320115', 'Cicadas'),
('3201152008', '320115', 'Cibadak'),
('3201152009', '320115', 'Bojongrangkas'),
('3201152010', '320115', 'Cihideunghilir'),
('3201152011', '320115', 'Cibanteng'),
('3201152012', '320115', 'Benteng'),
('3201152013', '320115', 'Ciampea Udik'),
('3201162001', '320116', 'Situ Udik'),
('3201162002', '320116', 'Situ Ilir'),
('3201162003', '320116', 'Cemplang'),
('3201162004', '320116', 'Cibatok I'),
('3201162005', '320116', 'Ciaruteun Udik'),
('3201162006', '320116', 'Leuweungkolot'),
('3201162007', '320116', 'Cimanggu I'),
('3201162008', '320116', 'Cimanggu II'),
('3201162009', '320116', 'Dukuh'),
('3201162010', '320116', 'Cijujung'),
('3201162011', '320116', 'Ciaruteun Ilir'),
('3201162012', '320116', 'Cibatok II'),
('3201162013', '320116', 'Sukamaju'),
('3201162014', '320116', 'Galuga'),
('3201162015', '320116', 'Girimulya'),
('3201172001', '320117', 'Purwabakti'),
('3201172002', '320117', 'Cibunian'),
('3201172003', '320117', 'Cibitungwetan'),
('3201172004', '320117', 'Gunungmenyan'),
('3201172005', '320117', 'Gunungbunder II'),
('3201172006', '320117', 'Pasarean'),
('3201172007', '320117', 'Cimayang'),
('3201172008', '320117', 'Pamijahan'),
('3201172009', '320117', 'Cibening'),
('3201172010', '320117', 'Gunungbunder I'),
('3201172011', '320117', 'Cibitung Kulon'),
('3201172012', '320117', 'Gunung Picung'),
('3201172013', '320117', 'Ciasihan'),
('3201172014', '320117', 'Gunungsari'),
('3201172015', '320117', 'Ciasmara'),
('3201182001', '320118', 'Rumpin'),
('3201182002', '320118', 'Leuwibatu'),
('3201182003', '320118', 'Cidokom'),
('3201182004', '320118', 'Gobang'),
('3201182005', '320118', 'Cibodas'),
('3201182006', '320118', 'Rabak'),
('3201182007', '320118', 'Kampungsawah'),
('3201182008', '320118', 'Cipinang'),
('3201182009', '320118', 'Sukasari'),
('3201182010', '320118', 'Tamansari'),
('3201182011', '320118', 'Kertajaya'),
('3201182012', '320118', 'Sukamulya'),
('3201182013', '320118', 'Mekarsari'),
('3201182014', '320118', 'Mekarjaya'),
('3201192001', '320119', 'Curug'),
('3201192002', '320119', 'Pangradin'),
('3201192003', '320119', 'Kalongsawah'),
('3201192004', '320119', 'Sipak'),
('3201192005', '320119', 'Jasinga'),
('3201192006', '320119', 'Koleang'),
('3201192007', '320119', 'Cikopomayak'),
('3201192008', '320119', 'Setu'),
('3201192009', '320119', 'Barengkok'),
('3201192010', '320119', 'Bagoang'),
('3201192011', '320119', 'Pangaur'),
('3201192012', '320119', 'Pamagersari'),
('3201192013', '320119', 'Jugala Jaya'),
('3201192014', '320119', 'Tegalwangi'),
('3201192015', '320119', 'Neglasari'),
('3201192016', '320119', 'Wirajaya'),
('3201202001', '320120', 'Jagabaya'),
('3201202002', '320120', 'Gorowong'),
('3201202003', '320120', 'Dago'),
('3201202004', '320120', 'Pingku'),
('3201202005', '320120', 'Cikuda'),
('3201202006', '320120', 'Parungpanjang'),
('3201202007', '320120', 'Lumpang'),
('3201202008', '320120', 'Cibunar'),
('3201202009', '320120', 'Jagabita'),
('3201202010', '320120', 'Gintungcilejet'),
('3201202011', '320120', 'Kabasiran'),
('3201212001', '320121', 'Malasari'),
('3201212002', '320121', 'Curugbitung'),
('3201212003', '320121', 'Cisarua'),
('3201212004', '320121', 'Bantarkaret'),
('3201212005', '320121', 'Hambaro'),
('3201212006', '320121', 'Kalongliud'),
('3201212007', '320121', 'Nanggung'),
('3201212008', '320121', 'Parakanmuncang'),
('3201212009', '320121', 'Pangkaljaya'),
('3201212010', '320121', 'Sukaluyu'),
('3201212011', '320121', 'Batu Tulis'),
('3201222001', '320122', 'Sukamaju'),
('3201222002', '320122', 'Cigudeg'),
('3201222003', '320122', 'Bunar'),
('3201222004', '320122', 'Banyuresmi'),
('3201222005', '320122', 'Cintamanik'),
('3201222006', '320122', 'Argapura'),
('3201222007', '320122', 'Bangunjaya'),
('3201222008', '320122', 'Rengasjajar'),
('3201222009', '320122', 'Batujajar'),
('3201222010', '320122', 'Wargajaya'),
('3201222011', '320122', 'Sukaraksa'),
('3201222012', '320122', 'Banyuwangi'),
('3201222013', '320122', 'Banyuasih'),
('3201222014', '320122', 'Mekarjaya'),
('3201222015', '320122', 'Tegallega'),
('3201232001', '320123', 'Tapos'),
('3201232002', '320123', 'Ciomas'),
('3201232003', '320123', 'Batok'),
('3201232004', '320123', 'Babakan'),
('3201232005', '320123', 'Tenjo'),
('3201232006', '320123', 'Cilaku'),
('3201232007', '320123', 'Singabraja'),
('3201232008', '320123', 'Singabangsa'),
('3201232009', '320123', 'Bojong'),
('3201242001', '320124', 'Cileungsi'),
('3201242002', '320124', 'Citapen'),
('3201242003', '320124', 'Cibedug'),
('3201242004', '320124', 'Jambuluwuk'),
('3201242005', '320124', 'Banjarsari'),
('3201242006', '320124', 'Teluk Pinang'),
('3201242007', '320124', 'Banjar Waru'),
('3201242008', '320124', 'Bendungan'),
('3201242009', '320124', 'Pandan Sari'),
('3201242010', '320124', 'Bojong Murni'),
('3201242011', '320124', 'Banjar Wangi'),
('3201242012', '320124', 'Ciawi'),
('3201242013', '320124', 'Bitungsari'),
('3201251010', '320125', 'Cisarua'),
('3201252001', '320125', 'Batulayang'),
('3201252002', '320125', 'Jogjogan'),
('3201252003', '320125', 'Cibeureum'),
('3201252004', '320125', 'Cilember'),
('3201252005', '320125', 'Citeko'),
('3201252006', '320125', 'Tugu Selatan'),
('3201252007', '320125', 'Leuwimalang'),
('3201252008', '320125', 'Kopo'),
('3201252009', '320125', 'Tugu Utara'),
('3201262001', '320126', 'Sukamaju'),
('3201262002', '320126', 'Kuta'),
('3201262003', '320126', 'Gadog'),
('3201262004', '320126', 'Sukakarya'),
('3201262005', '320126', 'Megamendung'),
('3201262006', '320126', 'Cipayung Datar'),
('3201262007', '320126', 'Sukamanah'),
('3201262008', '320126', 'Sukagalih'),
('3201262009', '320126', 'Cipayung Girang'),
('3201262010', '320126', 'Sukamahi'),
('3201262011', '320126', 'Sukaresmi'),
('3201262012', '320126', 'Pasir Angin'),
('3201272001', '320127', 'Pasir Muncang'),
('3201272002', '320127', 'Cimande Hilir'),
('3201272003', '320127', 'Ciderum'),
('3201272004', '320127', 'Caringin'),
('3201272005', '320127', 'Ciherang Pondok'),
('3201272006', '320127', 'Cinagara'),
('3201272007', '320127', 'Cimande'),
('3201272008', '320127', 'Pancawati'),
('3201272009', '320127', 'Muara Jaya'),
('3201272010', '320127', 'Basir Buncir'),
('3201272011', '320127', 'Lemah Duhur'),
('3201272012', '320127', 'Tangkil'),
('3201282001', '320128', 'Cijeruk'),
('3201282002', '320128', 'Cipelang'),
('3201282003', '320128', 'Warung Menteng'),
('3201282004', '320128', 'Tajur Halang'),
('3201282005', '320128', 'Cipicung'),
('3201282006', '320128', 'Cibalung'),
('3201282007', '320128', 'Sukaharja'),
('3201282008', '320128', 'Palasari'),
('3201282009', '320128', 'Tanjungsari'),
('3201291003', '320129', 'Padasuka'),
('3201292001', '320129', 'Mekarjaya'),
('3201292002', '320129', 'Sukaharja'),
('3201292004', '320129', 'Parakan'),
('3201292005', '320129', 'Ciomas'),
('3201292006', '320129', 'Pagelaran'),
('3201292007', '320129', 'Sukamakmur'),
('3201292008', '320129', 'Ciapus'),
('3201292009', '320129', 'Kota Batu'),
('3201292010', '320129', 'Laladon'),
('3201292011', '320129', 'Ciomas Rahayu'),
('3201302001', '320130', 'Sukadamai'),
('3201302002', '320130', 'Ciherang'),
('3201302003', '320130', 'Sinarsari'),
('3201302004', '320130', 'Sukawening'),
('3201302005', '320130', 'Petir'),
('3201302006', '320130', 'Purwasari'),
('3201302007', '320130', 'Cikarawang'),
('3201302008', '320130', 'Babakan'),
('3201302009', '320130', 'Dramaga'),
('3201302010', '320130', 'Neglasari'),
('3201312001', '320131', 'Sukamantri'),
('3201312002', '320131', 'Sirnagalih'),
('3201312003', '320131', 'Pasireurih'),
('3201312004', '320131', 'Tamansari'),
('3201312005', '320131', 'Sukaluyu'),
('3201312006', '320131', 'Sukaresmi'),
('3201312007', '320131', 'Sukajaya'),
('3201312008', '320131', 'Sukajadi'),
('3201322001', '320132', 'Klapanunggal'),
('3201322002', '320132', 'Bojong'),
('3201322003', '320132', 'Nambo'),
('3201322004', '320132', 'Lulut'),
('3201322005', '320132', 'Cikahuripan'),
('3201322006', '320132', 'Kembang Kuning'),
('3201322007', '320132', 'Bantar Jati'),
('3201322008', '320132', 'Leuwikaret'),
('3201322009', '320132', 'Ligarmukti'),
('3201332001', '320133', 'Putat Nutug'),
('3201332002', '320133', 'Ciseeng'),
('3201332003', '320133', 'Parigi Mekar'),
('3201332004', '320133', 'Cibentang'),
('3201332005', '320133', 'Cibeuteung Udik'),
('3201332006', '320133', 'Karihkil'),
('3201332007', '320133', 'Babakan'),
('3201332008', '320133', 'Cihoe'),
('3201332009', '320133', 'Cibeuteung Muara'),
('3201332010', '320133', 'Kuripan'),
('3201342001', '320134', 'Bantarjaya'),
('3201342002', '320134', 'Bantarsari'),
('3201342003', '320134', 'Pasirgaok'),
('3201342004', '320134', 'Rancabungur'),
('3201342005', '320134', 'Mekarsari'),
('3201342006', '320134', 'Candali'),
('3201342007', '320134', 'Cimulang'),
('3201352001', '320135', 'Cisarua'),
('3201352002', '320135', 'Kiarasari'),
('3201352003', '320135', 'Sukajaya'),
('3201352004', '320135', 'Sipayung'),
('3201352005', '320135', 'Cileuksa'),
('3201352006', '320135', 'Kiarapandak'),
('3201352007', '320135', 'Harkatjaya'),
('3201352008', '320135', 'Sukamulih'),
('3201352009', '320135', 'Pasir Madang'),
('3201352010', '320135', 'Urug'),
('3201352011', '320135', 'Jayaraharja'),
('3201362001', '320136', 'Tanjungsari'),
('3201362002', '320136', 'Selawangi'),
('3201362003', '320136', 'Tanjungrasa'),
('3201362004', '320136', 'Antajaya'),
('3201362005', '320136', 'Pasir Tanjung'),
('3201362006', '320136', 'Cibadak'),
('3201362007', '320136', 'Sukarasa'),
('3201362008', '320136', 'Sirnasari'),
('3201362009', '320136', 'Buanajaya'),
('3201362010', '320136', 'Sirnarasa'),
('3201372001', '320137', 'Tajurhalang'),
('3201372002', '320137', 'Citayam'),
('3201372003', '320137', 'Sasak Panjang'),
('3201372004', '320137', 'Nanggerang'),
('3201372005', '320137', 'Sukmajaya'),
('3201372006', '320137', 'Tonjong'),
('3201372007', '320137', 'Kalisuren'),
('3201382001', '320138', 'Cigombong'),
('3201382002', '320138', 'Watesjaya'),
('3201382003', '320138', 'Ciburuy'),
('3201382004', '320138', 'Srogol'),
('3201382005', '320138', 'Cisalada'),
('3201382006', '320138', 'Tugujaya'),
('3201382007', '320138', 'Pasirjaya'),
('3201382008', '320138', 'Ciburayut'),
('3201382009', '320138', 'Ciadeg'),
('3201392001', '320139', 'Leuwisadeng'),
('3201392002', '320139', 'Babakan Sadeng'),
('3201392003', '320139', 'Sadeng Kolot'),
('3201392004', '320139', 'Wangunjaya'),
('3201392005', '320139', 'Kalong I'),
('3201392006', '320139', 'Kalong II'),
('3201392007', '320139', 'Sadeng'),
('3201392008', '320139', 'Sibanteng'),
('3201402001', '320140', 'Tapos I'),
('3201402002', '320140', 'Tapos II'),
('3201402003', '320140', 'Cibitung Tengah'),
('3201402004', '320140', 'Situdaun'),
('3201402005', '320140', 'Cinangneng'),
('3201402006', '320140', 'Gunung Malang'),
('3201402007', '320140', 'Gunung Mulya');

-- --------------------------------------------------------

--
-- Struktur dari tabel `tb_kecamatan`
--

CREATE TABLE `tb_kecamatan` (
  `id_kecamatan` char(8) NOT NULL,
  `id_kota` char(5) NOT NULL,
  `nama_kecamatan` varchar(255) NOT NULL,
  `created_at` datetime DEFAULT NULL,
  `updated_at` datetime DEFAULT NULL ON UPDATE current_timestamp(),
  `deleted_at` datetime DEFAULT NULL,
  `shp` varchar(250) NOT NULL
) ENGINE=InnoDB DEFAULT CHARSET=latin1;

--
-- Dumping data untuk tabel `tb_kecamatan`
--

INSERT INTO `tb_kecamatan` (`id_kecamatan`, `id_kota`, `nama_kecamatan`, `created_at`, `updated_at`, `deleted_at`, `shp`) VALUES
('320101', '3201', 'Cibinong', '2021-11-10 22:58:35', '2022-04-20 05:01:32', NULL, 'cibinong.geojson'),
('320102', '3201', 'Gunung Putri', '2021-11-10 22:58:35', NULL, NULL, 'gunungputri.geojson'),
('320103', '3201', 'Citeureup', '2021-11-10 22:58:35', NULL, NULL, 'citeureup.geojson'),
('320104', '3201', 'Sukaraja', '2021-11-10 22:58:35', NULL, NULL, 'sukaraja.geojson'),
('320105', '3201', 'Babakan Madang', '2021-11-10 22:58:35', NULL, NULL, 'babakanmadang.geojson'),
('320106', '3201', 'Jonggol', '2021-11-10 22:58:35', NULL, NULL, 'jonggol.geojson'),
('320107', '3201', 'Cileungsi', '2021-11-10 22:58:35', NULL, NULL, 'cileungsi.geojson'),
('320108', '3201', 'Cariu', '2021-11-10 22:58:35', NULL, NULL, 'cariu.geojson'),
('320109', '3201', 'Sukamakmur', '2021-11-10 22:58:35', NULL, NULL, 'sukamakmur.geojson'),
('320110', '3201', 'Parung', '2021-11-10 22:58:35', NULL, NULL, 'parung.geojson'),
('320111', '3201', 'Gunung Sindur', '2021-11-10 22:58:35', NULL, NULL, 'gunungsindur.geojson'),
('320112', '3201', 'Kemang', '2021-11-10 22:58:35', NULL, NULL, 'kemang.geojson'),
('320113', '3201', 'Bojong Gede', '2021-11-10 22:58:35', NULL, NULL, 'bojonggede.geojson'),
('320114', '3201', 'Leuwiliang', '2021-11-10 22:58:35', '2022-04-20 05:08:56', NULL, 'leuwiliang.geojson'),
('320115', '3201', 'Ciampea', '2021-11-10 22:58:35', NULL, NULL, 'ciampea.geojson'),
('320116', '3201', 'Cibungbulang', '2021-11-10 22:58:35', NULL, NULL, 'cibungbulang.geojson'),
('320117', '3201', 'Pamijahan', '2021-11-10 22:58:35', NULL, NULL, 'pamijahan.geojson'),
('320118', '3201', 'Rumpin', '2021-11-10 22:58:35', NULL, NULL, 'rumpin.geojson'),
('320119', '3201', 'Jasinga', '2021-11-10 22:58:35', NULL, NULL, 'jasinga.geojson'),
('320120', '3201', 'Parung Panjang', '2021-11-10 22:58:35', NULL, NULL, 'parungpanjang.geojson'),
('320121', '3201', 'Nanggung', '2021-11-10 22:58:35', NULL, NULL, 'nanggung.geojson'),
('320122', '3201', 'Cigudeg', '2021-11-10 22:58:35', NULL, NULL, 'cigudeg.geojson'),
('320123', '3201', 'Tenjo', '2021-11-10 22:58:35', NULL, NULL, 'tenjo.geojson'),
('320124', '3201', 'Ciawi', '2021-11-10 22:58:35', NULL, NULL, 'ciawi.geojson'),
('320125', '3201', 'Cisarua', '2021-11-10 22:58:35', NULL, NULL, 'cisarua.geojson'),
('320126', '3201', 'Megamendung', '2021-11-10 22:58:35', NULL, NULL, 'megamendung.geojson'),
('320127', '3201', 'Caringin', '2021-11-10 22:58:35', NULL, NULL, 'caringin.geojson'),
('320128', '3201', 'Cijeruk', '2021-11-10 22:58:35', NULL, NULL, 'cijeruk.geojson'),
('320129', '3201', 'Ciomas', '2021-11-10 22:58:35', NULL, NULL, 'ciomas.geojson'),
('320130', '3201', 'Dramaga', '2021-11-10 22:58:35', NULL, NULL, 'dramaga.geojson'),
('320131', '3201', 'Tamansari', '2021-11-10 22:58:35', NULL, NULL, 'tamansari.geojson'),
('320132', '3201', 'Klapanunggal', '2021-11-10 22:58:35', '2022-04-16 04:53:35', NULL, 'kelapanunggal.geojson'),
('320133', '3201', 'Ciseeng', '2021-11-10 22:58:35', NULL, NULL, 'ciseeng.geojson'),
('320134', '3201', 'Ranca Bungur', '2021-11-10 22:58:35', NULL, NULL, 'rancabungur.geojson'),
('320135', '3201', 'Sukajaya', '2021-11-10 22:58:35', NULL, NULL, 'sukajaya.geojson'),
('320136', '3201', 'Tanjungsari', '2021-11-10 22:58:35', NULL, NULL, 'tanjungsari.geojson'),
('320137', '3201', 'Tajurhalang', '2021-11-10 22:58:35', NULL, NULL, 'tajurhalang.geojson'),
('320138', '3201', 'Cigombong', '2021-11-10 22:58:35', NULL, NULL, 'cigombong.geojson'),
('320139', '3201', 'Leuwisadeng', '2021-11-10 22:58:35', NULL, NULL, 'leuwisadeng.geojson'),
('320140', '3201', 'Tenjolaya', '2021-11-10 22:58:35', NULL, NULL, 'tenjolaya.geojson');

-- --------------------------------------------------------

--
-- Struktur dari tabel `token_notifikasi`
--

CREATE TABLE `token_notifikasi` (
  `id_token_notifikasi` int(11) NOT NULL,
  `id_akun` int(11) NOT NULL,
  `email` varchar(100) NOT NULL,
  `token` varchar(50) NOT NULL
) ENGINE=InnoDB DEFAULT CHARSET=utf8mb4;

--
-- Indexes for dumped tables
--

--
-- Indeks untuk tabel `akun`
--
ALTER TABLE `akun`
  ADD PRIMARY KEY (`id_akun`);

--
-- Indeks untuk tabel `anggota`
--
ALTER TABLE `anggota`
  ADD PRIMARY KEY (`id_anggota`),
  ADD KEY `id_inovasi` (`id_inovasi`);

--
-- Indeks untuk tabel `bidang_inovasi`
--
ALTER TABLE `bidang_inovasi`
  ADD PRIMARY KEY (`id_bidang_inovasi`);

--
-- Indeks untuk tabel `desa`
--
ALTER TABLE `desa`
  ADD PRIMARY KEY (`id_desa`),
  ADD KEY `id_kecamatan` (`id_kecamatan`);

--
-- Indeks untuk tabel `inovasi`
--
ALTER TABLE `inovasi`
  ADD PRIMARY KEY (`id_inovasi`),
  ADD KEY `id_bidang_inovasi` (`id_bidang_inovasi`),
  ADD KEY `id_inovator` (`id_inovator`);

--
-- Indeks untuk tabel `inovator`
--
ALTER TABLE `inovator`
  ADD PRIMARY KEY (`id_inovator`),
  ADD KEY `id_kategori_inovator` (`id_kategori_inovator`),
  ADD KEY `id_desa` (`id_desa`),
  ADD KEY `id_akun` (`id_akun`);

--
-- Indeks untuk tabel `instansi`
--
ALTER TABLE `instansi`
  ADD PRIMARY KEY (`id_instansi`);

--
-- Indeks untuk tabel `kategori_inovator`
--
ALTER TABLE `kategori_inovator`
  ADD PRIMARY KEY (`id_kategori_inovator`);

--
-- Indeks untuk tabel `kecamatan`
--
ALTER TABLE `kecamatan`
  ADD PRIMARY KEY (`id_kecamatan`);

--
-- Indeks untuk tabel `kode_aktivasi`
--
ALTER TABLE `kode_aktivasi`
  ADD PRIMARY KEY (`id_kode_aktivasi`),
  ADD KEY `id_akun` (`id_akun`);

--
-- Indeks untuk tabel `tb_desa`
--
ALTER TABLE `tb_desa`
  ADD PRIMARY KEY (`id_desa`);

--
-- Indeks untuk tabel `tb_kecamatan`
--
ALTER TABLE `tb_kecamatan`
  ADD PRIMARY KEY (`id_kecamatan`);

--
-- Indeks untuk tabel `token_notifikasi`
--
ALTER TABLE `token_notifikasi`
  ADD PRIMARY KEY (`id_token_notifikasi`),
  ADD KEY `id_akun` (`id_akun`);

--
-- AUTO_INCREMENT untuk tabel yang dibuang
--

--
-- AUTO_INCREMENT untuk tabel `akun`
--
ALTER TABLE `akun`
  MODIFY `id_akun` int(11) NOT NULL AUTO_INCREMENT, AUTO_INCREMENT=18;

--
-- AUTO_INCREMENT untuk tabel `anggota`
--
ALTER TABLE `anggota`
  MODIFY `id_anggota` int(11) NOT NULL AUTO_INCREMENT;

--
-- AUTO_INCREMENT untuk tabel `bidang_inovasi`
--
ALTER TABLE `bidang_inovasi`
  MODIFY `id_bidang_inovasi` int(4) NOT NULL AUTO_INCREMENT, AUTO_INCREMENT=8;

--
-- AUTO_INCREMENT untuk tabel `desa`
--
ALTER TABLE `desa`
  MODIFY `id_desa` int(4) NOT NULL AUTO_INCREMENT, AUTO_INCREMENT=97;

--
-- AUTO_INCREMENT untuk tabel `inovasi`
--
ALTER TABLE `inovasi`
  MODIFY `id_inovasi` int(11) NOT NULL AUTO_INCREMENT, AUTO_INCREMENT=866;

--
-- AUTO_INCREMENT untuk tabel `inovator`
--
ALTER TABLE `inovator`
  MODIFY `id_inovator` int(11) NOT NULL AUTO_INCREMENT, AUTO_INCREMENT=756;

--
-- AUTO_INCREMENT untuk tabel `instansi`
--
ALTER TABLE `instansi`
  MODIFY `id_instansi` int(11) NOT NULL AUTO_INCREMENT, AUTO_INCREMENT=3;

--
-- AUTO_INCREMENT untuk tabel `kategori_inovator`
--
ALTER TABLE `kategori_inovator`
  MODIFY `id_kategori_inovator` int(4) NOT NULL AUTO_INCREMENT, AUTO_INCREMENT=9;

--
-- AUTO_INCREMENT untuk tabel `kecamatan`
--
ALTER TABLE `kecamatan`
  MODIFY `id_kecamatan` int(4) NOT NULL AUTO_INCREMENT, AUTO_INCREMENT=41;

--
-- AUTO_INCREMENT untuk tabel `kode_aktivasi`
--
ALTER TABLE `kode_aktivasi`
  MODIFY `id_kode_aktivasi` int(11) NOT NULL AUTO_INCREMENT, AUTO_INCREMENT=20;

--
-- AUTO_INCREMENT untuk tabel `token_notifikasi`
--
ALTER TABLE `token_notifikasi`
  MODIFY `id_token_notifikasi` int(11) NOT NULL AUTO_INCREMENT;

--
-- Ketidakleluasaan untuk tabel pelimpahan (Dumped Tables)
--

--
-- Ketidakleluasaan untuk tabel `anggota`
--
ALTER TABLE `anggota`
  ADD CONSTRAINT `anggota_ibfk_1` FOREIGN KEY (`id_inovasi`) REFERENCES `inovasi` (`id_inovasi`) ON DELETE CASCADE ON UPDATE CASCADE;

--
-- Ketidakleluasaan untuk tabel `desa`
--
ALTER TABLE `desa`
  ADD CONSTRAINT `desa_ibfk_1` FOREIGN KEY (`id_kecamatan`) REFERENCES `kecamatan` (`id_kecamatan`) ON DELETE SET NULL ON UPDATE CASCADE;

--
-- Ketidakleluasaan untuk tabel `inovasi`
--
ALTER TABLE `inovasi`
  ADD CONSTRAINT `inovasi_ibfk_1` FOREIGN KEY (`id_inovator`) REFERENCES `inovator` (`id_inovator`) ON DELETE CASCADE ON UPDATE CASCADE,
  ADD CONSTRAINT `inovasi_ibfk_2` FOREIGN KEY (`id_bidang_inovasi`) REFERENCES `bidang_inovasi` (`id_bidang_inovasi`) ON DELETE SET NULL ON UPDATE CASCADE;

--
-- Ketidakleluasaan untuk tabel `inovator`
--
ALTER TABLE `inovator`
  ADD CONSTRAINT `inovator_ibfk_2` FOREIGN KEY (`id_desa`) REFERENCES `desa` (`id_desa`) ON DELETE SET NULL ON UPDATE CASCADE,
  ADD CONSTRAINT `inovator_ibfk_4` FOREIGN KEY (`id_kategori_inovator`) REFERENCES `kategori_inovator` (`id_kategori_inovator`) ON DELETE SET NULL ON UPDATE CASCADE,
  ADD CONSTRAINT `inovator_ibfk_5` FOREIGN KEY (`id_akun`) REFERENCES `akun` (`id_akun`) ON DELETE CASCADE ON UPDATE CASCADE;

--
-- Ketidakleluasaan untuk tabel `kode_aktivasi`
--
ALTER TABLE `kode_aktivasi`
  ADD CONSTRAINT `kode_aktivasi_ibfk_1` FOREIGN KEY (`id_akun`) REFERENCES `akun` (`id_akun`) ON DELETE CASCADE ON UPDATE CASCADE;

--
-- Ketidakleluasaan untuk tabel `token_notifikasi`
--
ALTER TABLE `token_notifikasi`
  ADD CONSTRAINT `token_notifikasi_ibfk_1` FOREIGN KEY (`id_akun`) REFERENCES `akun` (`id_akun`) ON DELETE CASCADE ON UPDATE CASCADE;
COMMIT;

/*!40101 SET CHARACTER_SET_CLIENT=@OLD_CHARACTER_SET_CLIENT */;
/*!40101 SET CHARACTER_SET_RESULTS=@OLD_CHARACTER_SET_RESULTS */;
/*!40101 SET COLLATION_CONNECTION=@OLD_COLLATION_CONNECTION */;
